id,name,tier,finalScore,baseScore,authScore,role,seniority,status,needsManualReview,outletName,outletSlug,outletTier,outletDR,competitorBacklinks,writesForCount,writesFor,beats,credentials,certifications,certificationsVerified,education,yearsInIndustry,location,linkedin,twitter,muckrack,personalSite,authorUrl,email,emailVerified,quotedInTier1,tvAppearances,authoredBooks,industryAwards,linkedinFollowers,linkedinConnections,linkedinFetchedAt,muckrackArticleCount,hasKnowledgePanel,ownedDomain,finraBrokerCheckStatus,discoveryMethod,notes,bio
steven-hatzakis,Steven Hatzakis,S,150,100,50,"Global Director of Online Broker Research, Partner — Reink Media Group (StockBrokers.com, ForexBrokers.com, BrokerNotes.co)",chief,active,,StockBrokers.com,stockbrokers,T3,60,2,6,stockbrokers; forexbrokers; brokernotes; interactivebrokers_campus; ibkr; finance_magnates,forex; stocks; crypto; broker_research,Series III (CTA); CFTC-registered Commodity Trading Advisor since 2008,; ; CTA (Commodity Trading Advisor) / Series III; Series 3 (CFTC); Commodity Trading Advisor (CTA),n; n; n; n; n,,20,,https://www.linkedin.com/in/shatzakis/,https://x.com/shatzakis,https://muckrack.com/steven-hatzakis,https://www.stevenhatzakis.com/,https://www.stockbrokers.com/about/steven-hatzakis,,,Bloomberg,,,,,500+,2026-04-16T00:00:00Z,,,stevenhatzakis.com,NFA CTA registered (via CFTC/NFA public record),L5.5-direct + Rule A (cross-outlet; Series III CTA + Reink Media partner role confirmed),,"Global Director of Online Broker Research and Partner at Reink Media Group (parent of StockBrokers.com, ForexBrokers.com and BrokerNotes.co). 20+ years in finance. Registered commodity futures representative for domestic and internationally-regulated brokerages; holds Series III license as a Commodity Trading Advisor (CTA) — registered with the CFTC since 2008 (10+ years). Has published 1,000+ articles on the forex industry; early writer on Bitcoin and crypto. Active cryptocurrency researcher, investor and trader (3,000+ crypto trades in 2020). Frequent speaker and moderator at forex and finance industry panels globally."
beth-pinsker,Beth Pinsker,S,144,96,50,Financial-planning columnist — MarketWatch,senior,active,,MarketWatch,marketwatch,T1,91,3,6,marketwatch; reuters; wsj; forbes; usatoday; nerdwallet,personal-finance; retirement; investing; financial-journalism,CFP,CFP,n,B.A. English@Harvard University,20,,https://www.linkedin.com/in/bpinsker/,,https://muckrack.com/beth-pinsker,https://bethpinsker.com/,,,,WSJ; Forbes; USA Today,,My Mother's Money: A Guide to Financial Caregiving,,2368,,2026-04-16T00:00:00Z,,,true,,Rule A (L1 seed),,"Financial-planning columnist at MarketWatch. Certified Financial Planner (CFP®) since 2018. B.A. English, Harvard University. Previously worked at Reuters, Fidelity and Walletpop.com. Before personal finance, was a film critic and entertainment business reporter at Entertainment Weekly, The Dallas Morning News and others. Won a SABEW Best in Business award in 2023 for commentary. Author of 'My Mother's Money: A Guide to Financial Caregiving' (Crown Currency, Nov 2025). Bylines in WSJ, USA Today, Forbes, Miami Herald, San Francisco Chronicle, NerdWallet."
vitaliy-katsenelson,"Vitaliy Katsenelson, CFA",S,144,96,50,"CEO — Investment Management Associates (Contributor, Seeking Alpha)",chief,active,,Seeking Alpha,seekingalpha,T2,88,8,2,seekingalpha; imausa,investing; equity; markets; financial-journalism,CFA,CFA,n,BS Finance@University of Colorado at Denver; MS Finance@University of Colorado at Denver,28,"Denver, CO (Aurora), USA",https://www.linkedin.com/in/katsenelson,,,https://investor.fm/,https://seekingalpha.com/author/vitaliy-katsenelson-cfa,,,FT; WSJ; Barron's; Institutional Investor; Foreign Policy; Forbes,,[object Object]; [object Object],,,,,,,true,,L7 WebSearch (SeekingAlpha 403),,"CEO of Investment Management Associates (IMA), a Denver-based value investing firm. Emigrated from Murmansk, Russia, to the US in 1991. Joined IMA in 1997. CFA charterholder (2000). Award-winning writer, author of 'Active Value Investing' and 'Soul in the Game: The Art of a Meaningful Life'. Work cited in Financial Times, Barron's, Institutional Investor, The Wall Street Journal, and Foreign Policy. Forbes Magazine dubbed him 'The New Benjamin Graham'. Runs The Intellectual Investor blog (investor.fm) and My Favorite Classical."
marc-chandler-investing,Marc Chandler,S,142,96,48,"Chief Market Strategist & Managing Partner — Bannockburn Global Forex (contributor, Investing.com)",chief,active,,Investing.com,investing,T2,89,3,4,investing; seekingalpha; financialsense; marctomarket,forex; interbank-fx; markets; fixed-income,CMT,CMT,n,,30,"New York, NY, USA",https://www.linkedin.com/in/chandlermarc,,,https://www.marctomarket.com/,https://www.investing.com/members/contributors/39495,,,CNBC; Bloomberg; FOX Business,CNBC; Bloomberg Television; FOX Business; Business News Network; Nightly Business Report,,,,,,,y,marctomarket.com,,L7-websearch,,"Chief Market Strategist and Managing Partner at Bannockburn Global Forex (since October 2018). 30+ years covering global capital markets. Previously global head of currency strategy at HSBC and Brown Brothers Harriman. Frequent guest on CNBC, Bloomberg Television, FOX Business, Business News Network, and Nightly Business Report. Professor, speaker, and writer. Maintains daily 'Marc to Market' blog. CMT holder (CMT Association presenter). Contributor on Investing.com and Seeking Alpha (since 2008)."
beverly-harzog,Beverly Harzog,S,141,94,50,Financial Review Board — Credit Cards Reviewer (Bankrate); Consumer finance analyst and author,senior,active,,Bankrate,bankrate,T1,90,2,7,bankrate; usnews; wsj; usatoday; nytimes; forbes; kiplinger,personal-finance; banking; credit; financial-journalism,CPA (former); MBA,CPA (former),n,MBA@University of New Haven,30,,https://www.linkedin.com/in/beverlyharzog/,https://twitter.com/BeverlyHarzog,,https://www.beverlyharzog.com/,https://www.bankrate.com/authors/beverly-harzog/,beverly@beverlyharzog.com,y,The Wall Street Journal; USA Today; The New York Times; Washington Post; Forbes; Money Magazine; Kiplinger,Fox News; CNN; CBS Evening News; NBC News; Cheddar; NBC New York,[object Object],,,,,,,beverlyharzog.com,,L1 + Rule A,,"Nationally recognized consumer finance analyst and credit expert with 30 years in the industry. Host of the Your Personal Economy podcast. Bestselling and award-winning author of five personal finance books. Former CPA. MBA from University of New Haven. Former columnist and media spokesperson for U.S. News & World Report. Expertise: credit cards, banking, consumer loans, mortgages, budgeting, inflation, economic policy, saving. Media appearances on Fox News, CNN, CBS Evening News, NBC News, Cheddar, NBC New York. Published in WSJ, USA Today, Money Magazine, NYT, NY Magazine, Kiplinger, Washington Post, Forbes, Good Housekeeping, Entrepreneur."
andrea-coombes-bankrate,Andrea Coombes,S,141,97,45,"Taxes Editor, Bankrate (CFP®)",editor,active,,Bankrate,bankrate,T1,90,2,4,bankrate; nerdwallet; marketwatch; wsj,personal-finance; taxes; retirement; investing,CFP,CFP®,n,,25,,https://www.linkedin.com/in/acoombes/,https://x.com/andreacoombes,https://muckrack.com/andreacoombes,,https://www.bankrate.com/authors/andrea-coombes/,,,WSJ; USA Today; MarketWatch,NPR All Things Considered; CBS News; NASDAQ; Marketplace,,,,,,,,,,L7 + Rule A WebSearch (bankrate 405),,"CERTIFIED FINANCIAL PLANNER (CFP®) and Taxes Editor at Bankrate with 25+ years as a financial coach, personal-finance writer and volunteer tax preparer. Translates complex personal-finance topics into plain English. Spent a decade at MarketWatch (including two years as editor overseeing personal-finance content). At NerdWallet 2017–2020 as investing and retirement writer. Work has been published in The Wall Street Journal, USA Today, MarketWatch and newspapers nationwide. Interviewed on NPR's All Things Considered, CBS News, NASDAQ and Marketplace. Award winner — National Endowment for Financial Education, Society of Professional Journalists, National Association of Consumer Advocates."
jennifer-streaks,Jennifer Streaks,S,139,99,40,Senior Personal Finance Reporter — Business Insider,senior,active,,Business Insider,businessinsider,T1,92,6,4,businessinsider; cnbc; forbes; yahoo_finance,personal-finance; investing; banking; credit,MBA,,,MBA@Johns Hopkins University; Undergraduate@College of Charleston,15,USA,https://www.linkedin.com/in/jstreaks/,https://x.com/jstreaks,https://muckrack.com/jstreaks,,https://muckrack.com/jstreaks,,,CNBC; Forbes; USA Today,Good Morning America; CBS; MSNBC; Yahoo Finance; NYSE TV,,,,500+,2026-04-16,,,,,L9 (Muck Rack 403) + Rule A,,"Senior Personal Finance Reporter at Business Insider — writes about credit, budgeting, saving, and how economic trends impact everyday people. Before Business Insider, she was a financial contributor for CNBC and covered personal finance, entrepreneurship, tech, and the economy for Forbes; work also in TheGrio, Black Enterprise, USA Today, and Yahoo Finance. Frequent on-air financial commentator on Good Morning America, Yahoo Finance, CBS, MSNBC, and the NYSE TV studio. Member of the National Association of Black Journalists (NABJ). MBA from Johns Hopkins University; BA/undergrad College of Charleston."
catey-hill,Catey Hill,S,138,98,41,Founding Editor — MarketWatch Picks; Head of Editorial (affiliate commerce),editor,active,,MarketWatch,marketwatch,T1,91,3,4,marketwatch; wsj; barrons; nextavenue,personal-finance; markets; investing,,,,,,USA,https://www.linkedin.com/in/catey-hill/,https://x.com/cateyhill,https://muckrack.com/catey-hill,https://www.cateyhill.org/,,,,WSJ; MarketWatch; Barron's; Forbes,Today Show; FOX & Friends; CBS This Morning,"The 30-Minute Money Plan for Moms; Shoo, Jimmy Choo!",,,,,,,cateyhill.org,,L1 + Rule A WebSearch (no authorUrl; MarketWatch author pages gated),,"Founding Editor of MarketWatch Picks and head of editorial for MarketWatch's affiliate commerce brands. Previously developed the Upgrade column (1M+ unique monthly visitors). Has written and edited personal finance, career, lifestyle and travel stories for The Wall Street Journal, MarketWatch, Barron's, Worth, SmartMoney, Forbes, Seventeen, and Real Simple. Author of two personal-finance books: The 30-Minute Money Plan for Moms and Shoo, Jimmy Choo! TV personal-finance commentator: Today Show, FOX & Friends, CBS This Morning, plus 100+ radio programs."
kerry-hannon,Kerry Hannon,S,138,92,50,"Senior Columnist — retirement, careers, personal finance",senior,active,,Yahoo Finance,yahoofinance,T1,96,0,6,yahoofinance; nytimes; forbes; money; usnews; usatoday,retirement; personal-finance; investing; taxes,,,,,25,USA,https://www.linkedin.com/in/kerryhannon,https://twitter.com/KerryHannon,https://muckrack.com/kerryhannon,https://kerryhannon.com/,https://finance.yahoo.com/author/kerry-hannon/,,,NYT; Forbes; Money; USN&WR; USA Today; Yahoo Finance,Yahoo Finance,Retirement Bites: A Gen X Guide to Securing Your Financial Future; In Control at 50+; Never Too Old to Get Rich; Great Jobs for Everyone 50+; Great Pajama Jobs,,,,,,,kerryhannon.com,,L9,,"Senior Columnist at Yahoo Finance and on-air expert. Workplace futurist and strategist on career transitions, entrepreneurship, personal finance and retirement. Best-selling and award-winning author of 14 books including 'Retirement Bites: A Gen X Guide to Securing Your Financial Future', 'In Control at 50+: How to Succeed in The New World of Work', 'Never Too Old to Get Rich', 'Great Jobs for Everyone 50+', 'Great Pajama Jobs'. Has covered personal finance, retirement and careers for The New York Times, Forbes, Money, U.S. News & World Report and USA Today. Recipient of the 2023 Retirement Pioneer Award (Retirement Coaches Association). Owns kerryhannon.com."
lawrence-lewitinn-coindesk,Lawrence Lewitinn,S,138,98,41,"Former Managing Editor, Markets — CoinDesk (now Managing Editor, N. America — The Block)",editor,former,,CoinDesk,coindesk,T2,89,5,6,coindesk; theblock; modernconsensus; nyobserver; thestreet; yahoofinance,crypto; markets; bitcoin,CFA,CFA,n,,20,"New York, NY, United States",https://www.linkedin.com/in/lvlewitinn/,,https://muckrack.com/lvlewitinn,,https://www.coindesk.com/author/lawrence-lewitinn,,,CNBC,CoinDesk TV — First Mover; CNBC,,,,,,,,,,websearch_fallback + Rule A (CoinDesk 403),,"Seasoned financial journalist with two decades of finance experience before reporting on it. Former Managing Editor for Markets at CoinDesk and co-host of CoinDesk TV's flagship daily program First Mover. Previously Editor-in-Chief of Modern Consensus and deputy editor of The New York Observer. Earlier traded fixed income, currencies and commodities on Wall Street for Millennium Management and MQS Capital. Currently Managing Editor for North America at The Block. CFA charterholder."
dan-kemp-morningstar,Dan Kemp,S,136,95,43,Chief Research and Investment Officer — Morningstar,chief,active,,Morningstar,morningstar,T2,87,3,1,morningstar,investing; markets; mutual-funds; equity,Investment Management Certificate (IMC); Securities Institute Diploma; Advanced Financial Planning Certificate (AFPC),; ; ,n; n; n,BA Theology@King's College London,25,"London, United Kingdom",https://uk.linkedin.com/in/dan-kemp-b6779437,,,,https://www.morningstar.com/people/dan-kemp,,,Investment Week; Portfolio Adviser,,,,,,,,,,,L7 + Rule A (morningstar 403 → WebSearch recovery),,"Chief Research and Investment Officer at Morningstar. Leads the Research and Investment team comprising Morningstar's fundamental research, manager selection, and investment management activities. Joined Morningstar in 2014 as co-Head of Investment Consulting and Portfolio Management EMEA, then served as Global Chief Investment Officer for the Wealth Group before the 2024 promotion."
robyn-a-friedman,Robyn A. Friedman,S,133,94,42,"Freelance business journalist — columnist at WSJ, contributor at Kiplinger, Boston Globe",senior,active,,Kiplinger,kiplinger,T2,85,5,6,kiplinger; wsj; boston-globe; usnews; realtor; bankrate,housing; personal-finance; investing; retirement,JD,,,J.D. (law)@,20,"South Florida, USA",https://www.linkedin.com/in/robynafriedman/,,https://muckrack.com/robyn-a-friedman,https://www.robynfriedman.com/about,https://www.kiplinger.com/author/robyn-a-friedman,,,WSJ; Boston Globe,Cheddar,,,,,,,,true,,L5.5-direct + Rule A,,"Award-winning freelance business journalist with 20+ years covering real estate and personal finance. Columnist for The Wall Street Journal ('Counting House' column in Mansion section). Regular contributor to Kiplinger Personal Finance, Boston Globe, Multi-Housing News, and City & Shore magazine. Former real estate attorney (builders/developers/community associations). Silver Award, National Association of Real Estate Editors, June 2024. Featured on WSJ 'Your Money Briefing' podcast and Cheddar. Also writes/wrote for Mansion Global, Unique Homes, Robb Report, NY Post, Realtor.com, Bankrate.com, Chicago Tribune, South Florida Sun-Sentinel."
jessica-inskip,Jessica Inskip,S,132,88,50,Director of Investor Research,chief,active,,StockBrokers.com,stockbrokers,T3,60,2,1,stockbrokers,investing; stocks; options; markets; trading-education,Series 7; Series 63; Series 66; Series 4,FINRA Series 7; FINRA Series 63; FINRA Series 66; FINRA Series 4,n; n; n; n,,15,,https://www.linkedin.com/in/jessica-inskip-5301a065/,https://x.com/JessInskip_,,,https://www.stockbrokers.com/about/jessica-inskip,,,CNBC; Bloomberg; Fox Business,CNBC; Bloomberg; The Schwab Network; Fox Business; Yahoo! Finance,,,,,,,,,,,L5.5 success + Rule A confirmed LinkedIn + X + TikTok + Instagram,"Director of Investor Research at StockBrokers.com. 15+ years in retail brokerage, investor education, and trading strategy. Former registered representative with FINRA Series 7, 63, 66 and 4 licenses. Previously at Fidelity (Active Trader Desk), Merrill Edge (Senior Platform Manager, Director of Advanced Trader Strategy), and OptionsPlay (Director of Education and Product). Hosts Market MakeHer podcast. Frequent guest on CNBC, Bloomberg, The Schwab Network, Fox Business, Yahoo! Finance."
elaine-king,Elaine King,S,130,93,40,"Founder, Family and Money Matters™ Institute — CFP Board Ambassador, Investopedia Top 100 Advisor",chief,active,,Investopedia,investopedia,T1,92,6,1,investopedia,personal-finance; retirement; investing; finance,CFP; TEP; Dr. h.c.,CFP; TEP,y; n,"MBA@Thunderbird School of Global Management; BBA International Business@St. Mary's University; Postgraduate, Family Therapy@Bowen Center for the Study of the Family (Georgetown); Certified Coach (ICF)@University of Miami",20,"Miami, FL, USA",https://www.linkedin.com/in/elainekingcfp/,,,https://www.elaineking.com/,,,,Forbes,,Family and Money Matters,,,500+,2026-04-16T00:00:00Z,,,elaineking.com,,L7-websearch,,"Founder of Family and Money Matters™ Institute, CFP Board Ambassador, and member of Investopedia's Advisor Council. Named one of Investopedia's Top 10 Most Influential Financial Advisors (2023) and Forbes' 50 Most Powerful Women in Peru (2025). Has advised 1,200+ families and 100 multigenerational family enterprises. Creator of the first family financial program in Latin America and winner of the International Latino Book Awards' Best Parenting Book. Holds CFP, TEP, MBA (Thunderbird), BBA International Business (St. Mary's University), postgraduate in Family Therapy (Bowen Center/Georgetown), Certified Coach (Univ. of Miami/ICF), and Dr. h.c. (Honoris Causa). Based in Miami."
drew-limsky,Drew Limsky,S,129,91,42,Contributor — Kiplinger (Freelance Retirement Writer),contributor,active,,Kiplinger,kiplinger,T2,85,5,8,kiplinger; wsj; nyt; la-times; washington-post; boston-globe; business-insider; utah-business,retirement; personal-finance; housing; financial-journalism,PhD; JD,,,BA (summa cum laude)@Emory University; MA@American University; JD@New York University; PhD@New York University,,"Miami Beach, FL / Brooklyn, NY / Cape Cod, MA, USA",https://www.linkedin.com/in/drdrewlimsky/,,https://muckrack.com/drew-limsky,,https://www.kiplinger.com/author/drew-limsky,,,WSJ; NYT; LA Times; Washington Post; Boston Globe,,,,,500+,2026-04-16T00:00:00Z,,,,,L1 + Rule A,,"Freelance retirement writer at Kiplinger Digital. Holds BA (summa cum laude) from Emory University, MA from American University, and JD + PhD from New York University. Former editor of Lexus magazine, Cadillac magazine, South Florida Business & Wealth, Business Jet Traveler, Interiors South Florida, and Mariner (Holland America). Writing credits: Wall Street Journal, New York Times, LA Times, Washington Post, Boston Globe, Yahoo, Worth, AD, Robb Report, Metropolis, Men's Journal, Business Insider. Splits time between Miami Beach, Brooklyn, and Cape Cod."
martin-lewis-mse,Martin Lewis,S,128,90,42,Founder / Executive Chair,chief,active,,MoneySavingExpert,moneysavingexpert,T2,88,6,2,moneysavingexpert; itv,personal-finance; savings; banking; credit,CBE; OBE,,,,23,United Kingdom,,,,https://www.moneysavingexpert.com/site/martin-lewis-biography/,,,,BBC; The Times; The Guardian; ITV,ITV; Good Morning Britain; This Morning; The Martin Lewis Money Show,The Money Diet,,,,,,y,true,,L1+L7,Public figure with Wikipedia + knowledge panel. LinkedIn/Twitter intentionally null — multiple accounts exist and R11 prohibits guessing. Strongest E-E-A-T in batch (CBE + national broadcasting + 14M users).,"English campaigning journalist, broadcaster, author and charity founder. Founded MoneySavingExpert.com in February 2003 for £100; sold to Moneysupermarket.com Group in 2012 for up to £87 million and remains Executive Chair. Presenter of ITV's The Martin Lewis Money Show and regular on Good Morning Britain and This Morning since 2007. CBE (2022 New Year Honours) for services to broadcasting and consumer rights; previously OBE (2014). Chair and Founder of the Money and Mental Health Policy Institute."
andrew-thurman,Andrew Thurman,S,128,90,42,Content Lead — Nansen (former Senior Tech Correspondent — CoinDesk),senior,active,,CoinMarketCap,coinmarketcap,T1,91,6,5,coinmarketcap; coindesk; cointelegraph; blockworks; nansen,crypto; defi; blockchain; financial-journalism,,,,,,"Washington, DC, USA",https://www.linkedin.com/in/andrew-thurman-578b41162/,https://twitter.com/Blockanalia,,,https://coinmarketcap.com/academy/author/andrew-thurman,,,FT; Washington Post; WSJ; Bloomberg; Forbes; Fortune; Reuters; BBC; CNBC,,,,,,,,,,,direct_aggregate + Rule A,,"Content Lead at Nansen. Former senior technology correspondent at CoinDesk, weekend editor at Cointelegraph, head of communications at Nansen, partnership manager at Chainlink, and co-founder of a smart-contract data marketplace startup. Analysis quoted in The Financial Times, The Washington Post, The Wall Street Journal, Bloomberg, Forbes, Fortune, Reuters, BBC, CNBC. Data Editor background. Based in Washington, DC. Also contributor at Jito and CoinMarketCap Academy/Alexandria."
charles-lewis-sizemore,Charles Lewis Sizemore,S,128,85,50,"CFA — Contributor, Wealth Creation (Kiplinger); Chief Investment Officer at Sizemore Capital Management LLC",contributor,active,,Kiplinger,kiplinger,T2,85,5,8,kiplinger; forbes; marketwatch; gurufocus; seekingalpha; investing; youngandinvested; wealthup,investing; stocks; retirement; markets,CFA,CFA,n,"MSc Finance & Accounting@London School of Economics; BBA Finance (International Emphasis) — Magna Cum Laude, Phi Beta Kappa@Texas Christian University; MSc Finance and Accounting@London School of Economics; BBA Finance (International Emphasis), Magna Cum Laude, Phi Beta Kappa@Texas Christian University",20,"Dallas, Texas, USA",https://www.linkedin.com/in/charles-sizemore/,https://twitter.com/CharlesSizemore,,https://charlessizemore.com,https://www.kiplinger.com/author/charles-lewis-sizemore,,,Barron's; WSJ; Washington Post; Forbes; MarketWatch; Kiplinger,CNBC; Bloomberg TV; Fox Business News; Fox Business,,,,500+,2026-04-16T00:00:00Z,,,charlessizemore.com,,L5.5-direct + Rule A,,"Chartered Financial Analyst and Chief Investment Officer of Sizemore Capital Management LLC (Dallas, Texas), a registered investment advisor specializing in dividend-focused portfolios and alternative allocations with minimal stock market correlation. MSc Finance & Accounting, London School of Economics. BBA Finance (International Emphasis), Texas Christian University — Magna Cum Laude, Phi Beta Kappa. Frequent guest on CNBC, Bloomberg TV and Fox Business News. Quoted in Barron's, Wall Street Journal, Washington Post. Contributor to Kiplinger, Forbes, GuruFocus, MarketWatch, Young and the Invested, WealthUpdate. Former Chief Retirement Strategist at Dent Research."
kathy-lien,Kathy Lien,S,125,85,47,Managing Director of FX Strategy — BK Asset Management,chief,active,,WikiFX,wikifx,T3,68,3,4,wikifx; fxstreet; cnbc; bkassetmanagement,forex; interbank-fx; markets,,,,BSc Finance (graduated at 18)@NYU Stern School of Business,20,"New York, USA",https://www.linkedin.com/in/kathylien/,,,http://www.bkassetmanagement.com/kathy,,,,WSJ; FT; Reuters; Bloomberg; CNBC,CNBC,Day Trading and Swing Trading the Currency Market; The Little Book of Currency Trading; Millionaire Traders: How Everyday People Beat Wall Street at its Own Game,,3800,,2026-04-16T00:00:00Z,,,bkassetmanagement.com,,"L7-websearch (no authorUrl, seed via WikiFX mention) + Rule A",,"Managing Director of FX Strategy for BK Asset Management and Co-Founder of BKForex.com. Graduated NYU's Stern School of Business at age 18. 20+ years in financial markets with specific focus on currencies. Career started at JPMorgan Chase on Interbank FX trading desk and cross-markets proprietary trading. Joined FXCM in 2003 and co-founded DailyFX.com. Started BK Asset Management and BKForex in 2011 with trading partner Boris Schlossberg. CNBC Contributor; regularly quoted in WSJ, FT, Reuters, Bloomberg. Authored three books: 'Day Trading and Swing Trading the Currency Market', 'The Little Book of Currency Trading', 'Millionaire Traders: How Everyday People Beat Wall Street at its Own Game'."
dan-blystone,Dan Blystone,S,125,88,42,Broker Analyst — FXEmpire; Senior Market Analyst — Scandinavian Capital Markets,senior,active,,FXEmpire,fxempire,T2,73,2,8,fxempire; investopedia; thestreet; fxstreet; forexfactory; investing; forbes; traderslog,forex; futures; day-trading; crypto; markets,Series 3,"Series 3 (NFA — futures, options, forex)",n,BA Philosophy@College of Wooster; @The College of Wooster,27,Sweden (relocated 2019; prior Chicago),https://www.linkedin.com/in/danblystone,https://twitter.com/DanBlystone,,https://www.traderslog.com/,https://www.fxempire.com/author/danblystone,danblystone@fxempire.com,y,,,,,,,,,,true,,L5.5-direct,,"Broker Analyst at FXEmpire (since December 2019) and Senior Market Analyst at Scandinavian Capital Markets. Career started in 1998 as an arb clerk in the CME currency futures pits. Former interbank desk trader at ABN AMRO; bond futures trader at proprietary firms including Altea Trading (Eurex futures overnight); Series 3 licensed futures, options, and forex broker at Infinity Futures in Chicago. Founder of TradersLog.com (2008) and Chicago Traders Group. Technical/price-action medium-term trader. Favorite instruments: GBP/JPY, XAU/USD, BTC/USD."
blain-reinkensmeyer,Blain Reinkensmeyer,S,123,82,50,Co-Founder & Managing Partner — Reink Media Group; Head of Research — StockBrokers.com,chief,active,,StockBrokers.com,stockbrokers,T3,60,2,4,stockbrokers; forexbrokers; investor; stocktrader,stocks; broker-safety; trading-education; options; day-trading,,,,,20,"Troy, Michigan, United States",https://www.linkedin.com/in/blainreinkensmeyer/,,https://muckrack.com/blain-reinkensmeyer,https://www.reinkmedia.com/,https://www.stockbrokers.com/about/blain-reinkensmeyer,,,The New York Times; The Wall Street Journal; Forbes; Chicago Tribune; Fast Company; New York Times; Wall Street Journal,TD Ameritrade Network,The Interactive Guide to Technical Analysis,,,,,,,reinkmedia.com,,L5.5-direct + Rule A,,"Co-founder and Partner at Reink Media Group (parent of StockBrokers.com, ForexBrokers.com, investor.com, StockTrader.com) and Head of Research at StockBrokers.com. 20+ years of trading experience, with thousands of trades placed. Created the original StockBrokers.com scoring rubric in 2011 and has headed every annual review since inception. Founded StockTrader.com (educational blog, now merged into StockBrokers.com). Author of 'The Interactive Guide to Technical Analysis'. Named to Crain's Detroit Business 'Top 20 in their 20s' (2009, age 22). Quoted in NYT, WSJ, Forbes, Chicago Tribune and Fast Company. His educational articles have been read 20M+ times."
doug-boneparth,Doug Boneparth,S,118,80,47,CFP — Investopedia Advisor Council; CFP Board Ambassador (NY),contributor,active,,Investopedia,investopedia,T1,92,6,1,investopedia,personal-finance; investing; retirement; finance,CFP; AIF; MBA,CFP; AIF,n; n,MBA@,15,"New York, NY, USA",https://www.linkedin.com/in/douglasboneparth,,,,https://www.cnbc.com/douglas-a-boneparth/,,,New York Times; Wall Street Journal; CNBC,CNBC (On The Money); Nightly Business Report; ABC (World News Tonight); ABC (Good Morning America); Cheddar,,,7593,500+,2026-04-16T00:00:00Z,,,bonefidewealth.com,,,,"President and founder of Bone Fide Wealth, LLC. Became one of the youngest CERTIFIED FINANCIAL PLANNER™ professionals in the country early in his career. Member of the Investopedia Advisor Council (founding group of 25 paid contributors) and CNBC Advisor Council. CFP Board Ambassador for New York. Media source on Millennial finance — appearances on CNBC's On The Money, Nightly Business Report, ABC's World News Tonight, Good Morning America, Cheddar; quoted in New York Times and Wall Street Journal."
riley-adams,Riley Adams,S,118,81,46,Chief Editor and Writer — CompareForexBrokers; Founder/CEO Young and the Invested,editor,active,,CompareForexBrokers,compareforexbrokers,T3,69,1,4,compareforexbrokers; youngandtheinvested; due; wealthup,personal-finance; investing; taxes; crypto; forex,CPA,Certified Public Accountant (CPA),n,MSc Applied Economics and Demography@Pennsylvania State University; BA Economics@Centenary College of Louisiana; BS Business Administration and Finance@Centenary College of Louisiana,12,,https://www.linkedin.com/in/riley-adams-cpa,,,https://youngandtheinvested.com/,https://www.compareforexbrokers.com/about-us/riley-adams/,,,CNBC; Time; NBC News; HuffPost; Business Insider; MarketWatch,,,,,,,,,true,,L5.5-direct + Rule A,,"Chief Editor of CompareForexBrokers.com and Senior Financial Analyst at Google (Alphabet), leading advertising incentive programs for key partners. Licensed CPA. Founder and CEO of Young and the Invested, a personal finance platform for young investors and parents. Previously Regulatory Strategy Analyst at Entergy Corporation in New Orleans (6 yrs). Cited as authoritative source in CNBC, Time, NBC News, APM's Marketplace, HuffPost, Business Insider, NerdWallet, Investopedia, MarketWatch, Kiplinger, The Balance, Fast Company."
michael-hewson,Michael Hewson,S,117,78,50,"Senior Financial Strategist — iFOREX / Contributor — Good Money Guide (ex-Chief Market Analyst CMC Markets, 15+ yrs)",senior,active,,Good Money Guide,goodmoneyguide,T4,48,0,5,goodmoneyguide; cmcmarkets; iforex; fxempire; investing,forex; cfd; markets,MSTA; CFTe,MSTA; CFTe,n; n,,30,"London, United Kingdom",https://uk.linkedin.com/in/michael-hewson-0991432,https://x.com/mhewson_CMC,,,https://goodmoneyguide.com/author/michael-hewson/,,,Bloomberg; CNBC; BBC; CNN; Fox Business,Bloomberg; CNBC; BBC; CNN; Fox Business,,,,,,,,,,L5.5-direct + Rule A,,"Market analyst with 30+ years in financial markets, focused on both technical and fundamental analysis. Spent 16+ years at CMC Markets (10+ as Chief Market Analyst, based in London) before stepping down in 2024. Background in FX trading; before CMC spent 12+ years in market data, education and support. Now Senior Financial Strategist at iFOREX and podcast contributor / author at Good Money Guide. Regular face on Bloomberg, CNBC, BBC, CNN, Fox Business. City AM Analyst of the Year nominations (2019, 2021)."
emma-lunn-moneyweek,Emma Lunn,S,111,74,50,Freelance Personal Finance Journalist — MoneyWeek,contributor,active,,MoneyWeek,moneyweek,T2,80,1,9,moneyweek; guardian; independent; telegraph; dailymail; mirror; yourmoney; royallondon; comparemymove,personal-finance; mortgages; savings; banking; housing; financial-journalism,,,,,18,United Kingdom,,https://x.com/emmalunn,https://muckrack.com/emma-lunn,https://www.emmalunn.com/,https://moneyweek.com/author/emma-lunn,emmalunn.freelance@gmail.com,y,The Guardian; The Independent; Daily Telegraph; Mail on Sunday; Mirror,,,,,,,,,emmalunn.com,,L1 + Rule A,,"Multi-award-winning freelance journalist with 18+ years specialising in personal finance and consumer issues. Covers mortgages, first-time buyers, leasehold, banking, debt, budgeting, broadband, energy, pensions and investments. Extensive back catalogue with The Guardian, The Independent, Daily Telegraph, Mail on Sunday and Mirror. Completed in-house contracts at The Guardian, The Independent, Mortgage Solutions, Orange and Moneywise. Also writes for Property Hub, Mortgage Strategy, YourMoney.com, Compare My Move, and Royal London."
eva-szalay,Eva Szalay,S,110,77,43,"Contributing Editor-at-Large — The Full FX (primary day role: Director of Media Relations, Hokku PR)",editor,active,,The Full FX,thefullfx,T3,55,0,6,thefullfx; ft; wsj; bloomberg; fxweek; centralbanking,forex; interbank-fx; markets; financial-journalism,,,,,17,"London, UK",https://www.linkedin.com/in/eva-szalay-14a22234/,,https://muckrack.com/eva-szalay,,https://thefullfx.com/the-team/,,,WSJ; Financial Times; Bloomberg; Fortune; Yahoo Finance,,,,,,,,,,,L1 + Rule A,,Veteran FX journalist with 15+ years covering currency markets. Started covering currencies in 2009 at Dow Jones Newswires / The Wall Street Journal. Became Editor of FX Week (industry publication for global FX markets) in 2014. Joined the Financial Times as Currencies Correspondent in December 2018 for four years. Then joined Bloomberg's cross-asset team. Currently Contributing Editor-at-Large at The Full FX. Primary current day role: Director of Media Relations at Hokku PR. Based in London. Speaker at TradeTech FX USA and FinTech Connect.
matthew-levy,Matthew Levy,S,107,75,42,"Financial Writer & Content Specialist, CFA Charterholder (BestBrokers contributor)",contributor,active,,BestBrokers,bestbrokers,T3,58,3,6,bestbrokers; fxempire; investing; forbes; seekingalpha; entrepreneur,investing; stocks; forex; trading-education,CFA,CFA,y,BSc Economics (business + finance concentrations)@University of Victoria(2010),15,"Vancouver, Canada",https://ca.linkedin.com/in/matthewlevycfa,https://twitter.com/matthewlevycfa,,https://www.matthewlevycfa.com/,https://www.bestbrokers.com/authors/matthew-levy-cfa/,,,Forbes,,,,,,,,,matthewlevycfa.com,,L5.5-direct + Rule A,,"Freelance financial copywriter and CFA Charterholder (2015) in good standing. 10+ year career in retail finance before pivoting to financial content creation. Managed $600M+ in assets; expertise in portfolio management, securities analysis, trading, back-testing. Graduated BSc Economics (business + finance concentrations) from University of Victoria, 2010. Writing featured at Investing.com, Forbes, Seeking Alpha, FXEmpire, Entrepreneur, BestBrokers. Based in Vancouver, Canada."
jon-dulin,Jon Dulin,S,104,74,41,Founder & Head Writer — Money Smart Guides; Contributor — Modest Money,contributor,active,,Modest Money,modestmoney,T3,50,2,2,modestmoney; moneysmartguides,personal-finance; investing; savings,Series 65; Certificate in Financial Planning,Series 65; Certificate in Financial Planning,n; n,Bachelor of Business@Mercyhurst University; Certificate in Financial Planning@Mercyhurst University; MS Finance@Saint Joseph's University,20,,https://www.linkedin.com/in/donald-jon-dulin-70354540/,,https://muckrack.com/jon-dulin,https://www.moneysmartguides.com/,https://www.modestmoney.com/author/djdulin/,,,WSJ; BBC,,,,,,,,,moneysmartguides.com,,,Layer 5.5 modestmoney.com returned 500 → Rule A WebSearch + moneysmartguides.com/about data.,"Founder of Money Smart Guides (2011). 15+ years in financial services — back-office support, mutual fund accounting, tax accounting and as a financial planner. 20+ years helping clients with personal finance via coaching and a financial-planning firm. FINRA Series 65 licensed. Featured in Go Banking Rates, BBC, Wall Street Journal."
james-chen-investopedia,James Chen,S,101,67,50,"Former Director, Trading & Investing Content (Investopedia)",former,former,,Investopedia,investopedia,T1,92,6,1,investopedia,forex; trading-education; markets; investing,CMT; CFTe; RIA; former CTA,CMT; CFTe; RIA,n; n; n,BA@Tufts University,20,United States,https://www.linkedin.com/in/jameschencontent/,https://x.com/jameschenfx,,,,,,CNBC; Bloomberg TV; Forbes; Reuters,CNBC; Bloomberg TV,"Essentials of Foreign Exchange Trading (Wiley, 2009); Essentials of Technical Analysis for Financial Markets (Wiley, 2010)",,,,,,,,,L1+L7,Role at Investopedia is past; currently at AlphaSense. Two Wiley books + CMT + tier-1 media appearances = S-tier candidate.,"Trader, investor, Registered Investment Adviser, Chartered Market Technician (CMT) and Certified Financial Technician (CFTe); former Commodity Trading Advisor (CTA). Tufts University graduate. Former Director of Trading & Investing Content at Investopedia (Dotdash Meredith); now Managing Director, Research at AlphaSense. Author of 'Essentials of Foreign Exchange Trading' (Wiley, 2009) and 'Essentials of Technical Analysis for Financial Markets' (Wiley, 2010). Guest expert on CNBC, Bloomberg TV, Forbes, Reuters."
jack-crooks-babypips,Jack Crooks (a.k.a. Jack the Pipper),S,90,63,43,Contributor — Founder/President Black Swan Capital LLC,contributor,active,,BabyPips,babypips,T2,72,4,3,babypips; moneyshow; talkmarkets,forex; interbank-fx; markets,,,,BA Finance@Florida State University; MBA@University of North Texas,25,United States,,,,https://www.blackswantrading.com/,https://www.babypips.com/authors/jackthepipper,,,Barron's; Bloomberg; Dow Jones Newswire; Futures magazine; Asian Times,Bloomberg TV; CNBC; Fox Business,,,,,,,,blackswantrading.com,,L7-websearch (babypips 403 → Rule A confirmed pen-name),,"Founder and President of Black Swan Capital LLC, a foreign exchange and currency market advisory firm. Over 20 years investment experience using both quantitative and qualitative approaches to determine fundamental driving forces behind currency, capital, and commodities markets. Co-editor of the Black Swan Capital Currency Strategist and daily e-letter Currency Currents. Previously founded Ross International Asset Management (discretionary money management, global stocks/bonds/currency) and was General Manager of Plexus Trading (currency futures + commodities). Writes on BabyPips under the pseudonym 'Jack the Pipper.'"
eno-eteng,Eno Eteng,S,84,60,40,Market Research Consultant — 55brokers.com / Market Research Analyst — TradingBull.ai,contributor,active,,55Brokers,55brokers,T4,42,1,3,55brokers; investingcube; tradingbull,forex; cfd; crypto; trading-education,DipTA; MSTA; CFTe,Diploma in Technical Analysis; MSTA; Certificate in Management in Health,n; n; n,Diploma in Technical Analysis@UK Society of Technical Analysts(2019); Certificate in Management in Health@World Bank Institute(2015),15,"Barcelona, Spain",https://www.linkedin.com/in/dieumerc/,,,,https://55brokers.com/author/eteng/,,,,,,,,,,,,,,L5.5-direct + Rule A,,"Certified Financial Technician (CFTe) and member of UK Society of Technical Analysts (MSTA). 15+ years creating content for financial markets since 2009. Has ghost-written 5,000+ articles for InvestooGroup, EasyMarkets, eToro, Spotware Systems (cTrader). Pioneer alumnus of Tony Elumelu Foundation Entrepreneurship Program (2015). Current: Market Research Consultant at 55brokers.com + Market Research Analyst at TradingBull.ai (Jan 2024–). Based in Barcelona, Spain."
molly-moorhead,Molly Moorhead,A,134,100,34,Personal Finance Editor — Yahoo Finance,editor,active,,Yahoo Finance,yahoofinance,T1,96,0,2,yahoofinance; tampa-bay-times,personal-finance; insurance; taxes; financial-journalism,CFP; CEPF; JD,CFP; CEPF,n; n,Bachelor's (journalism/communications)@Lehigh University; JD@Western New England University School of Law; Journalism studies@University of Florida College of Journalism and Communications,,,https://www.linkedin.com/in/molly-moorhead/,https://x.com/mollymoorhead,https://muckrack.com/mollymoorhead,,https://finance.yahoo.com/author/molly-moorhead/,,,CNBC; NPR,CNBC; BBC Radio; NPR; iHeartRadio; CBS Radio; HuffPost Live; TF1 France,,,,500+,2026-04-16T00:00:00Z,,,,,L9 Muckrack + Rule A (Muckrack 403),,"Personal Finance Editor at Yahoo Finance; oversees insurance and tax coverage and leads the personal finance news team. Certified Financial Planner (CFP) and Certified Educator in Personal Finance (CEPF). Veteran journalist, formerly editorial writer, editor, and reporter at the Tampa Bay Times. Education: Lehigh University (undergrad, journalism/communications) and Western New England University School of Law (JD). Studied at University of Florida College of Journalism and Communications. Featured on CNBC, NPR, iHeartRadio, CBS Radio, BBC Radio, HuffPost Live, and TF1 France."
josh-lipton,Josh Lipton,A,131,95,38,"Host & Co-Anchor — Yahoo Finance ('Asking for a Trend', 'Closing Bell')",editor,active,,Yahoo Finance,yahoofinance,T1,96,0,4,yahoofinance; cnbc; bloomberg; forbes,markets; stocks; tech; financial-journalism,,,,,20,,https://www.linkedin.com/in/josh-lipton-9a513112a,https://x.com/joshuahlipton,https://muckrack.com/joshuahlipton,,https://finance.yahoo.com/author/josh-lipton/,,,CNBC; Bloomberg; Forbes; Yahoo Finance,"CNBC (Tech Correspondent, 8 years); Yahoo Finance video programming (host)",,,,500+,2026-04-16,,,,,L9 muckrack (403) + Rule A WebSearch,,"Financial journalist with over 20 years of reporting experience. Host of 'Asking for a Trend' on Yahoo Finance, and co-anchor of 'Closing Bell' alongside veteran journalist Julie Hyman. Previously spent 8+ years at CNBC as Technology Correspondent. Prior editorial roles at Bloomberg and Forbes. Most recently before Yahoo Finance held a corporate communications position at Apple."
adam-hardy-money,Adam Hardy,A,129,97,33,Lead Data Journalist — Money (Money.com),senior,active,,Money.com,money_com,T2,82,3,3,money_com; forbes_advisor; pennyhoarder,personal-finance; financial-journalism; investing,,Multimedia Storytelling Certificate; Data Journalism Certificate,n; n,,8,,https://www.linkedin.com/in/hardyjournalism/,,https://muckrack.com/hardyjournalism,,https://money.com/author/adam-hardy/,,,,,,,976,500+,2026-04-16,,,,,"L7 WebSearch (domain blocked, Rule A recovery)",,"Money's lead data journalist, joined full-time in 2021. Covering personal finance and economic topics since 2018. Reporting focus: workplace trends, the job market, and financial barriers facing low-income Americans. Previously at Forbes Advisor, The Penny Hoarder, and Creative Loafing. Work featured in Asia Times, Business Insider, Las Vegas Review-Journal, Yahoo Finance, and Nasdaq. Holds a multimedia storytelling certificate from Poynter's News University and a data journalism certificate from Investigative Reporters & Editors (IRE) at the University of Missouri."
brett-arends-marketwatch,Brett Arends,A,129,95,36,Columnist — MarketWatch / Wall Street Journal,senior,active,,MarketWatch,marketwatch,T1,91,3,4,marketwatch; wsj; thestreet; boston-herald,investing; markets; personal-finance; retirement; financial-journalism,,,,Double First in History@Cambridge University; Postgraduate research@Oxford University,25,"Boston, Massachusetts, United States",https://www.linkedin.com/in/brettarends/,https://x.com/brettarends,https://muckrack.com/brettarends,,,,,WSJ; MarketWatch,,"Storm Proof Your Money (Wiley, 2009); The Romney Files (2012); Spread Betting: The Football Fan's Guide to Spread Betting",,8755,,2026-04-16,,y,,,L1 + Rule A + Wikipedia,,"American journalist covering finance and investing. Columnist for MarketWatch and The Wall Street Journal (and other Dow Jones publications) since 2007; writes the daily R.O.I. (Return on Investment) column for the WSJ online edition. Born in Poughkeepsie, New York (1968). Took a double first in History at Cambridge University, followed by postgraduate research at Oxford University. Former analyst and consultant at McKinsey & Co. Prior to joining the WSJ, was a columnist and reporter for the Boston Herald and TheStreet.com. 2012 SABEW Best in Business Journalism award winner. Author of 3 books including 'Storm Proof Your Money' (Wiley, 2009)."
katie-doyle,Katie Doyle,A,128,100,28,SVP Content — Forbes Marketplace,chief,active,,Forbes,forbes,T1,94,7,3,forbes; bankrate; hermoney,personal-finance; finance,,,,,20,"Florida, USA",https://www.linkedin.com/in/katiedoyle1/,https://twitter.com/katislafevis,https://muckrack.com/katie-doyle,,https://muckrack.com/katie-doyle,,,Forbes; Bankrate,,,,,,,,,,,L9,"Ex-Bankrate, HerMoney, Interest. Senior leadership.","SVP of Content for Forbes Marketplace. Launched, grew and managed HerMoney (Jean Chatzky's personal finance site for women). Former executive editor at Bankrate; joined May 2005, promoted to Director of Content (2010), Managing Editor (2011), Executive Editor (2015). Earlier: copy editor for Palm Beach magazine/newsletter publisher; sports reporter/clerk at The Palm Beach Post."
elizabeth-leary-kiplinger,Elizabeth Leary,A,128,92,39,Contributing Editor — Kiplinger's Personal Finance,editor,active,,Kiplinger,kiplinger,T2,85,5,4,kiplinger; barrons; bloomberg; washingtonpost,investing; mutual-funds; etf; retirement; equity,CFA,,n,,20,United States,https://www.linkedin.com/in/elizabethodyleary/,,,,https://www.kiplinger.com/author/elizabeth-leary,,,Barron's; Bloomberg Businessweek; The Washington Post,,,,,,,,,,,L1 + Rule A (CFA + Fidelity discovered via LinkedIn surface),,"Elizabeth Leary (née Ody), CFA, Contributing Editor at Kiplinger's Personal Finance. First joined Kiplinger in 2006 as a reporter and has held various staff and contributor positions since. Her reporting has appeared in Barron's, Bloomberg Businessweek, The Washington Post and other outlets. Currently also works at Fidelity Investments per LinkedIn."
quentin-fottrell-marketwatch,Quentin Fottrell,A,128,98,31,Managing Editor of Advice Columns & Columnist (The Moneyist) — MarketWatch,editor,active,,MarketWatch,marketwatch,T1,91,3,4,marketwatch; wsj; dowjones; irishtimes,personal-finance; investing; taxes; banking; financial-journalism,,,,Psychology@University College Dublin; Journalism@University College Galway,22,"New York, NY, United States (originally Dublin, Ireland)",https://www.linkedin.com/in/quantanamo,https://x.com/quantanamo,https://muckrack.com/quantanamo,,,,,WSJ; Dow Jones,,,,,,,,y,,,L1 + Rule A (authorUrl null → WebSearch recovered Wikipedia-level bio),,"Irish columnist, author, journalist and critic born in Dublin. Managing Editor of Advice Columns at MarketWatch and creator of The Moneyist advice column answering questions on inheritance, marriage, divorce, relationships, weddings and other finance ethics issues. Also a podcaster (On Watch by MarketWatch). Previously Irish correspondent for Dow Jones Newswires and The Wall Street Journal (2003-2011), and columnist/feature writer for The Irish Times."
colin-harper-bitcoinmagazine,Colin Harper,A,128,93,38,"Former Associate Editor/Staff Writer — Bitcoin Magazine (now Head of Content, Luxor/Hashrate Index; EiC, Blockspace Media)",editor,former,,Bitcoin Magazine,bitcoinmagazine,T2,78,4,8,bitcoinmagazine; coindesk; forbes; venturebeat; decrypt; yahoofinance; hashrateindex; blockspacemedia,bitcoin; crypto; blockchain,,,,,9,"Nashville, Tennessee, United States",https://www.linkedin.com/in/colin-harper-405042142/,https://x.com/AsILayHodling,https://muckrack.com/colin-harper,,https://bitcoinmagazine.com/authors/colin-harper,,,Forbes; Yahoo Finance,Bitcoin Takeover Podcast S17 E7; Blockspace Podcast (co-founder),,,,500+,2026-04-16,165,,,,websearch_fallback (direct fetch OK) + Rule A,,"Bitcoin-mining and cryptocurrency journalist covering the space since 2017. Head of Content at Luxor Technology's Hashrate Index. Editor-in-Chief of Blockspace Media and co-founder/co-host of the Blockspace Podcast (Mining Pod). Freelances for CoinDesk, Forbes, Bitcoin Magazine, VentureBeat, Yahoo Finance and Decrypt. Nashville-based."
dan-caplinger,Dan Caplinger,A,126,99,27,Director of Investment Planning / Senior Writer — The Motley Fool,senior,active,,Motley Fool,fool,T1,90,3,2,fool; money_com,personal-finance; investing; retirement; taxes; stocks,JD; former CFP,Certified Financial Planner (CFP),n,BA Economics@University of Chicago; JD (high honors)@University of Texas School of Law,20,,https://www.linkedin.com/in/dan-caplinger-235b7258/,https://twitter.com/DanCaplinger,https://muckrack.com/dan-caplinger,,https://www.fool.com/author/1494/,,,,,,,,,,,,,,L1 + Rule A,,"Contract writer for The Motley Fool since 2006 and Director of Investment Planning, overseeing much of the personal-finance and investment-planning content on Fool.com. Background as an estate-planning attorney and independent financial consultant; 20+ years across all angles of the financial world. BA Economics (University of Chicago), JD with high honors (University of Texas School of Law). Passed three bar exams. Earned the CFP professional designation in 2004; voluntarily relinquished it in 2012."
steven-ralston-zacks,Steven Ralston,A,125,94,33,Director of Research & Senior Analyst — Zacks Small-Cap Research,chief,active,,Zacks,zacks,T2,82,3,2,zacks; seekingalpha,equity; investing; stocks; markets,CFA,CFA,n,BS Management Science@Massachusetts Institute of Technology (MIT)(1972-1975),30,,https://www.linkedin.com/in/stevenralston/,,,https://seekingalpha.com/author/steven-ralston-cfa,https://scr.zacks.com/analyst-bios/person-details/default.aspx?ItemId=458bec2b-ad30-4887-9029-ef6c930f2165,,,WSJ; Barron's; Forbes,,,,,,,,,,,L1 + Rule A WebSearch,,"CFA, Director of Research and Senior Analyst at Zacks Small-Cap Research with 30+ years in securities and investment. At Zacks since 2004 covering Basic/Precious Materials, Industrials, Energy, Biotechnology, Real Estate, Cannabis, Packaged Foods, Consumer and Financial sectors. Previously Director of Research at First National Bank of Maryland (1983–1995), portfolio manager of General Accident's domestic and Canadian equity pension portfolios, and co-manager of BlackRock's $2.3B Large Cap Growth Fund (Senior Analyst BlackRock 1998–2003). Received initial investment training at Merrill Lynch. Quoted in The Wall Street Journal, Barron's and Forbes."
alana-benson,Alana Benson,A,124,90,38,Editor & Content Strategist,editor,active,,NerdWallet,nerdwallet,T1,90,2,3,nerdwallet; seattle-times; entrepreneur,investing; crypto; stocks; mutual-funds; hsa; sri,,,,Dual BA English + Classical Civilizations@University of Vermont,6,,https://www.linkedin.com/in/alana-benson/,,https://muckrack.com/alana-benson,,https://www.nerdwallet.com/author/alana-benson,,y,NYT; Washington Post; AP; MSN; Yahoo Finance; MarketWatch,FOX Houston,[object Object],,,,,,,,,,,"6+ years at NerdWallet. Covers investing for beginners, crypto, stocks, SRI, mutual funds, HSAs. 70+ articles, 28.4M readers. Dual BA English + Classical Civ (UVM). ex-LexisNexis, Rosen Publishing. Frequent 'Smart Money' podcast contributor. Published 2 books on identity theft + YA nonfiction titles."
matt-peterson,Matt Peterson,A,123,97,27,Lead Commentary / Ideas Editor (former Barron's) — now Senior Economics Writer at CNBC,editor,active,,Barron's,barrons,T2,88,3,4,barrons; cnbc; theatlantic; marketwatch,markets; finance; personal-finance; financial-journalism,,,,@Yale University (affiliation),,USA,https://www.linkedin.com/in/matt-peterson-057327a/,https://x.com/mattbpete,https://muckrack.com/mattbpete,https://www.mattpeterson.me,https://www.mattpeterson.me,,,Barron's; CNBC; The Atlantic,,,,,,,,,mattpeterson.me,,L7,,"Politics, policy, and ideas editor at Barron's; oversaw guest commentary across Barron's, MarketWatch, Mansion Global, Penta. Joined Barron's from The Atlantic, where he launched The Masthead digital membership program. Prior: Eurasia Group, World Politics Review, Yale University. Recently moved to CNBC as Senior Economics Writer."
james-royal,James Royal,A,123,91,35,"Principal Writer, Investing & Wealth — Bankrate (Red Ventures); author",senior,active,,Bankrate,bankrate,T1,90,2,2,bankrate; motleyfool,investing; stocks; retirement; personal-finance; crypto,Ph.D.,,,Ph.D.@,20,,https://www.linkedin.com/in/james-royal-phd/,,https://muckrack.com/james-royal,,https://www.bankrate.com/authors/james-royal/,,y,CNBC; The Washington Post; The New York Times; Associated Press,Jeopardy,The Zen of Thrift Conversions; Options Trading 101,,750,,2026-04-16T00:00:00Z,,,,,L7 + Rule A (Bankrate 405),,"Principal writer and editor at Bankrate (Red Ventures) covering investing, financial markets, wealth management, cryptocurrency and retirement topics (IRAs, 401(k) plans, Social Security). At Bankrate since 2019. Ph.D. Author of two books: 'The Zen of Thrift Conversions' and 'Options Trading 101' (both published by Simon & Schuster). Previously editor and analyst at The Motley Fool. Has been investing for 20+ years (since the dot-com era). Focuses on behavioral finance as a key driver of financial outcomes. Work cited by CNBC, The Washington Post, The New York Times, and the Associated Press. Former Jeopardy contestant."
natalie-campisi,Natalie Campisi,A,123,96,28,Senior Reporter — Personal Finance & Mortgages (Forbes Advisor),senior,active,,Forbes,forbes,T1,94,7,4,forbes; bankrate; ap; tampatribune,personal-finance; housing; banking; financial-journalism,,,,,15,"Los Angeles, California, USA",https://www.linkedin.com/in/nataliecampisi/,https://x.com/nataliemcampisi,https://muckrack.com/natalie-campisi,,https://muckrack.com/natalie-campisi,,,AP,,,,2368,,2026-04-16T00:00:00Z,,,,,L9 Muck Rack (403) → Rule A WebSearch recovery,,"Senior Reporter at Forbes Advisor covering personal finance, mortgages, consumer finance, cybersecurity and consumer debt. Los Angeles-based creative writer and journalist. Previously Senior Mortgage Reporter at Bankrate Inc. (Jan 2017 – Jul 2020). Earlier positions at Associated Press and The Tampa Tribune. Her Forbes Advisor article 'From Inherent Racial Bias to Incorrect Data—The Problems with Current Credit Scoring Models' cited 16+ times including by CFPB and National Fair Housing Alliance."
caleb-silver-investopedia,Caleb Silver,A,123,90,37,Editor-in-Chief & SVP Content — Investopedia,chief,active,,Investopedia,investopedia,T1,92,6,1,investopedia,investing; markets; personal-finance; financial-journalism,,,,BA@Colgate University; MA Journalism@NYU Arthur L. Carter Journalism Institute,28,"New York, United States",https://www.linkedin.com/in/caleb-silver-9639585/,,https://muckrack.com/calebsilver,,,,,MSNBC; Marketplace; NBC; ABC Radio; Yahoo Finance,MSNBC; NBC; CNN,,,8369,,2026-04-16,,y,,,L1 + Rule A + Wikipedia,,"Editor-in-Chief of Investopedia (Dotdash Meredith brand) since 2016. Award-winning media executive with more than 20 years of experience in business news, digital publishing and documentaries. Host of The Investopedia Express podcast. Began his business-news career at Bloomberg in 1997 as a senior television producer (Emmy-nominated in 2003 for 'Showdown on Secrecy'). Previously Director of Business News at CNN and Executive Producer of CNN Money, and a senior producer on The Situation Room with Wolf Blitzer. Left CNN in 2014 to form Frog Pond Productions. Joined Investopedia in January 2016 as VP of Content. Regular commentator on MSNBC, Marketplace, NBC, ABC radio and Yahoo Finance."
venessa-wong-marketwatch,Venessa Wong,A,123,96,28,Personal Finance Reporter — MarketWatch,staff,active,,MarketWatch,marketwatch,T1,91,3,3,marketwatch; buzzfeed; bloomberg-businessweek,personal-finance; savings; banking; financial-journalism,,,,MS Journalism@Columbia Journalism School; BA@Middlebury College,15,"New York, NY, United States",https://www.linkedin.com/in/venessawwong/,https://x.com/venessawong,https://muckrack.com/venessawwong,,https://muckrack.com/venessawwong,venessa.wong@marketwatch.com,y,Bloomberg Businessweek; BuzzFeed News,,,,,,,,,,,L1 + Rule A,,"Personal Finance Reporter at MarketWatch based in New York City. Previously spent 8 years at BuzzFeed News (most recently Senior Reporter, Deputy Business & Tech Editor) writing about money and spending. Before BuzzFeed was an Associate Editor at Bloomberg Businessweek. Four years based in China earlier in career."
katie-martin-ft,Katie Martin,A,122,90,36,"Columnist & Editorial Board Member — Financial Times; Co-host, Unhedged (podcast)",editor,active,,Financial Times,ft,T1,92,5,3,ft; wsj; dowjones,markets; investing; equity; fixed-income; financial-journalism,,,,,20,"London, United Kingdom",,,https://muckrack.com/katie-martin-3,,https://muckrack.com/katie-martin-3,unhedged@ft.com,y,FT; WSJ; CNBC; Yahoo Finance,TradeTech Europe (WBR) speaker,,,,,,,,,,L9 + Rule A (muckrack 403 → WebSearch recovery),,"Columnist and member of the Financial Times editorial board, writing the Long View column on market trends. Previously FT Markets Editor. Co-host of the Unhedged podcast (Financial Times & Pushkin Industries) with Robert Armstrong — a markets-focused twice-weekly show. London-based. Ex-WSJ / Dow Jones. No longer posts on X; active on Bluesky as @katie0martin."
kshitij-anand,Kshitij Anand,A,121,92,31,"Editor — ETMarkets (The Economic Times); host of Mind Over Money, Smart Talk, Trade Talk, PMS Talk, AIF Talk",editor,active,,The Economic Times,economictimes,T2,89,0,1,economictimes,markets; stocks; investing,CFA,CFA (ICFAI); MS Finance,n; n,CFA@ICFAI University; MS Finance@,17,India,https://in.linkedin.com/in/kshitij-anand-cfa-icfai-ms-finance-32a190a,https://x.com/kshanand,https://muckrack.com/kshitij-anand,,https://muckrack.com/kshitij-anand,,,,ETMarkets Morning Podcast,,,,,,,,,,L9 + Rule A (Muckrack 403 bypassed),,"Editor at ETMarkets (The Economic Times) leading market coverage for Indian retail and institutional audiences. Host of flagship ETMarkets video series: Mind Over Money, Smart Talk, Trade Talk, PMS Talk, and AIF Talk. Host of ETMarkets Morning Podcast (IMDb credited since 2017). Began financial journalism career in 2008. CFA charterholder (ICFAI) + MS Finance. HIGH RELEVANCE for India broker market."
margaret-yang,"Margaret Yang Yan, CFA",A,121,87,39,Strategist — DailyFX / IG,staff,active,,DailyFX,dailyfx,T2,83,1,2,dailyfx; cmcmarkets,forex; cfd; markets; equity; crypto,CFA,CFA,n,Bachelor's in Chemical and Biomolecular Engineering@Nanyang Technological University,9,Singapore,https://sg.linkedin.com/in/margaretyangyan,https://twitter.com/margaretyjy,https://muckrack.com/margaret-yang,,https://www.dailyfx.com/authors/Margaret_Yang,,,Bloomberg; Reuters; BBC; FT; WSJ,Channel News Asia; BBC,,,,500+,2026-04-16T00:00:00Z,,,,,L7-WebSearch (Layer 5.5 blocked 403) + Rule A,,"Strategist at DailyFX (IG Group's partner site for FX news and analysis). 9+ years of dealing and trading experience in equities, fund management and CFDs. Deep understanding of multiple asset classes including equities, bonds, treasuries, FX, cryptocurrencies and commodities. Previously with CMC Markets Singapore and PhillipCapital. Frequent media contributor: Bloomberg, Reuters, BBC, Channel News Asia, Financial Times, Straits Times, Business Times, WSJ. Conducts trading lectures and speaks at investment conferences across APAC."
ben-levisohn,Ben Levisohn,A,121,97,25,Editor in Chief (was Senior Managing Editor),chief,active,,Barron's,barrons,T2,88,3,2,barrons; wsj,stocks; markets; investing,,,,,20,"New York, New York, USA",https://www.linkedin.com/in/ben-levisohn-5586972/,,https://muckrack.com/ben_levisohn,,,,,Wall Street Journal; Barron's,,,,,500+,2026-04-16,,,,,,L7 — no direct authorUrl. Rule A confirmed via LinkedIn + Muckrack + Barron's promotion press release. Role evolved Aug 2025 to Editor in Chief (input hint outdated).,"Editor in Chief of Barron's (appointed 2025). 15-year veteran of Dow Jones. Most recently served as Senior Managing Editor and was the driving force behind Barron's Investor Circle premium experience. Began career as Wall Street equities trader, spending seven years at Worldco and Lynx Capital Partners. Joined Dow Jones in 2010 as a reporter for the Weekend Investor section of The Wall Street Journal; joined Barron's in 2012 as an emerging markets writer before transitioning to U.S. markets. Penned Barron's popular Streetwise and Trader columns for a decade. Based in New York."
claer-barrett,Claer Barrett,A,120,90,33,Consumer Editor / Associate Editor — Financial Times (Money Clinic podcast host),editor,active,,Financial Times,ft,T1,92,5,1,ft,personal-finance; finance,,,,,15,"London, UK",https://uk.linkedin.com/in/claer-barrett-74088414,https://x.com/claerb,https://muckrack.com/claerb,https://www.claerbarrett.com/,https://www.ft.com/claer-barrett,,,FT,ITV Lorraine; BBC Radio; LBC,What They Don't Teach You About Money,,3486,,2026-04-16T00:00:00Z,,,claerbarrett.com,,L9 + Rule A (Muck Rack 403),,"Associate Editor and Consumer Editor at Financial Times. Presents weekly Money Clinic podcast and writes the Serious Money column in FT Weekend. 15+ years as consumer/personal finance journalist. Author of 'What They Don't Teach You About Money' (2023). ITV Lorraine contributor, LBC & BBC Radio personality. Trustee at FLIC (Financial Literacy & Inclusion Campaign)."
larry-swedroe-morningstar,Larry Swedroe,A,120,86,39,"Contributor — Director of Research, Buckingham Strategic Wealth",contributor,active,,Morningstar,morningstar,T2,87,3,4,morningstar; wealthmanagement; seekingalpha; alphaarchitect,investing; markets; mutual-funds; equity; fixed-income,,,,BBA Finance@Baruch College; MBA Finance and Investment@New York University,40,"St. Louis, Missouri, United States",https://www.linkedin.com/in/larry-swedroe-18778267/,https://x.com/larryswedroe,https://muckrack.com/larryswedroe,,https://www.morningstar.com/people/larry-swedroe,,,Morningstar; Wealth Management; Seeking Alpha,,"Enrich Your Future; The Only Guide to a Winning Investment Strategy You'll Ever Need; What Wall Street Doesn't Want You to Know; Think, Act, and Invest Like Warren Buffett",,280836,,2026-04-16,,,,,L1 + Rule A (morningstar 403 → WebSearch recovery),,"Principal and Director of Research at Buckingham Strategic Wealth / Buckingham Strategic Partners since 1996. Responsible for reviewing academic research and translating it into investment strategy. Before Buckingham was Vice Chairman of Prudential Home Mortgage and SVP/Regional Treasurer at Citicorp (treasury, FX, investment banking, risk management). Author/co-author of 18 books on evidence-based investing — including 'The Only Guide to a Winning Investment Strategy You'll Ever Need,' 'What Wall Street Doesn't Want You to Know,' 'Think, Act, and Invest Like Warren Buffett,' and capstone 'Enrich Your Future.' Named to Investopedia 100 Top Financial Advisors 2021."
andrew-hayward-decrypt,Andrew Hayward,A,119,95,25,Managing Editor,editor,active,,Decrypt,decrypt,T2,82,5,4,decrypt; rollingstone; vice; polygon,crypto; blockchain; tech,,,,,15,,https://www.linkedin.com/in/andrewhayward/,https://twitter.com/ahaywa,,,https://decrypt.co/author/andrew-hayward,andrew@decrypt.co,y,Rolling Stone,,,,,,,,,,,direct_team_page+L5.5,,"Managing Editor at Decrypt since 2019. 15-year freelance career prior, with bylines at Rolling Stone, Vice, Playboy, and Polygon. Has also worked on a film and several books. Holds some NFTs but no significant crypto holdings."
richard-perry,Richard Perry,A,119,88,35,"Founder — Perry Market Analysis; Contributor — BestBrokers, AskTraders",senior,active,,BestBrokers,bestbrokers,T3,58,3,4,bestbrokers; asktraders; financemagnates; fxexplained,forex; cfd; technical_analysis; equities; commodities; macro,Private Client Investment Advice & Management (with merit); Society of Technical Analysts diploma (with distinction),,,,20,"London, United Kingdom",https://www.linkedin.com/in/richard-perry-5918921b/,,,https://www.perrymarketanalysis.com/,https://www.bestbrokers.com/authors/richard-perry/,richard@perrymarketanalysis.com,y,CNBC; Bloomberg TV,CNBC; Bloomberg TV,,,,500+,2026-04-16T00:00:00Z,,,perrymarketanalysis.com,,"L5.5-direct (bestbrokers + asktraders) + Rule A (cross-outlet merged, Hantec/INFINOX history recovered)",,"London-based market analyst and equities trader with over 20 years in financial markets. Founder of Perry Market Analysis, providing consultancy, research, webinars and written analysis on forex, commodities, CFDs and macro to brokers and financial websites. Former lead analyst at Hantec Markets (2013-2021) and INFINOX (2021-2023). Regular fixture on CNBC and Bloomberg TV. Expertise spans technical and fundamental analysis with focus on major forex pairs, commodities, CFDs and Bitcoin."
omar-sacirbey,Omar Sacirbey,A,118,88,34,Startups Investing Editor,editor,active,,Benzinga,benzinga,T2,86,8,3,benzinga; mjbizdaily; religionnews,investing; markets; personal-finance,,,,"Graduate degree, Journalism@Columbia Journalism School(1997)",29,,https://www.linkedin.com/in/omar-sacirbey-94428531/,,,http://www.omarsacirbey.com/,https://www.benzinga.com/money/author/omar,,,New York Times; Washington Post; Newsweek; Forbes,,,,,,,,,true,,,Layer5.5 found only company social URLs (Benzinga); Rule A recovered personal LinkedIn + ownedDomain.,"Startups Investing Editor at Benzinga (joined Sep 2025). Award-winning journalist — two-time Tabbie Award winner (2021, 2023, Trade Association of Business Publications International). Nearly 10 years at Marijuana Business Daily (writer/editor). Previously a 10-year correspondent for Religion News Service and a diplomat for the Foreign Ministry of Bosnia and Herzegovina. Columbia Journalism School graduate, 1997. Work published in New York Times, Washington Post, Newsweek, Forbes. Third place, American Academy of Religion Best Newswriting Contest (2006)."
jesse-hamilton-coindesk,Jesse Hamilton,A,118,94,25,"Deputy Managing Editor, Global Policy & Regulation — CoinDesk",editor,active,,CoinDesk,coindesk,T2,89,5,2,coindesk; bloomberg,crypto; regulation; us-laws,,,,Journalism & History (undergraduate)@Western Washington University,20,"Washington, D.C., USA",https://www.linkedin.com/in/jessehamilton/,,https://muckrack.com/jesse-hamilton,,https://www.coindesk.com/author/jesse-hamilton,,,Bloomberg; Businessweek,,,,5298,,2026-04-16,,y,,,"L7 WebSearch (domain blocked, Rule A recovery)",,"Deputy Managing Editor on CoinDesk's Global Policy and Regulation team, based in Washington, D.C. Joined CoinDesk in 2022 after more than a decade at Bloomberg News and Businessweek covering Wall Street regulation — including early federal deliberations on crypto policy. Prior career as a war correspondent in Iraq and as a police reporter, earning multiple national honours. Graduate of Western Washington University (journalism and history). Has a Wikipedia entry (Jesse A. Hamilton)."
will-daniel,Will Daniel,A,117,92,27,Senior Reporter — Fortune (former),senior,active,,Fortune,fortune,T1,90,5,4,fortune; business_insider; markets_insider; seeking_alpha,markets; investing; finance,,,,MS Business Journalism@Arizona State University — Walter Cronkite School of Journalism and Mass Communication,,,https://www.linkedin.com/in/willbdaniel/,,https://muckrack.com/will-daniel,,https://fortune.com/author/will-daniel/,,,Fortune; Business Insider; Markets Insider; Yahoo,,,,,,,,,,,"L9 muckrack + Rule A (403, recovered via WebSearch)",Kept status=active for bylines per R12; Fortune tenure flagged as recently departed per Talking Biz News.,"Senior reporter covering markets and the economy. At Fortune magazine since March 2022, covering markets and the economy; per Talking Biz News, has since departed Fortune. Previously at Markets Insider, Markitors and Seeking Alpha. Holds an MS in Business Journalism from Arizona State University's Walter Cronkite School of Journalism and Mass Communication. Bylines at Yahoo Entertainment, Business Insider and Markets Insider."
manish-jaradi,Manish Jaradi,A,116,90,29,"Strategist, DailyFX / IG",senior,active,,DailyFX,dailyfx,T2,83,1,2,dailyfx; ig,forex; markets; investing,CMT; CFTe,CMT; CFTe,n; n,MSc Development Economics@University of London; MSc Financial Services Management@University of Mumbai,20,Singapore,https://sg.linkedin.com/in/manish-jaradi-b7643438,https://twitter.com/JaradiManish,,,https://www.dailyfx.com/authors/Manish_Jaradi,,,,,,,,,,,,,,L7,,"20 years experience identifying market opportunities across timeframes; 14 years as an investment strategist at private banks in Singapore. Joined IG Asia in Singapore and began contributing to DailyFX in 2022. Master's in Development Economics (University of London, UK) and Master's in Financial Services Management (University of Mumbai, India). Chartered Market Technician (CMT) and Certified Financial Technician (CFTe)."
jeff-ostrowski,Jeff Ostrowski,A,116,86,35,Writer & Housing Market Analyst,senior,active,,Bankrate,bankrate,T1,90,2,1,bankrate,housing; personal-finance,NMLS MLO,NMLS Mortgage Loan Originator (SAFE Test),n,BS@University of Illinois at Urbana-Champaign; MA@University of Illinois at Springfield,20,,https://www.linkedin.com/in/jeff-ostrowski-920b582/,https://twitter.com/bio561,,,https://www.bankrate.com/authors/jeff-ostrowski/,jostrowski@bankrate.com,y,NYT; CNN,CNN Early Start; Cheddar; NTD,How to Buy a Home in a Miserable Market,,3537,,2026-04-16T00:00:00Z,,,,,,,"20+ years covering real estate, business, economy and politics. Writer and Housing Market Analyst at Bankrate. Previously at the Palm Beach Post and South Florida Business Journal. Board member of the National Association of Real Estate Editors (2019-2025); two NAREE gold awards; Best in Business award from the Society for Advancing Business Editing and Writing. Authored 'How to Buy a Home in a Miserable Market'. Quoted in NYT, CNN, Cheddar, NTD."
danielle-park,"Danielle Park, CFA",A,116,86,35,Portfolio Manager / Contributor,contributor,active,,Seeking Alpha,seekingalpha,T2,88,8,3,seekingalpha; financialsense; jugglingdynamite,investing; markets; personal-finance; equity,CFA,CFA,n,,27,Canada,https://www.linkedin.com/in/daniellepark/,https://x.com/kdaniellepark,,https://jugglingdynamite.com/,https://seekingalpha.com/author/danielle-park-cfa,,,,,"Juggling Dynamite: An insider's wisdom on money management, markets and wealth that lasts",,,,,,,jugglingdynamite.com,,,,"Chartered Financial Analyst and co-founder / Portfolio Manager at Venable Park Investment Counsel Inc., managing assets for high-net-worth Canadian families. Practiced law until 1997, then was recruited to an international securities firm. Author of the best-selling book 'Juggling Dynamite: An insider's wisdom on money management, markets and wealth that lasts' and maintains a daily financial blog at jugglingdynamite.com. Active Seeking Alpha contributor since 2014 (845+ analyses). Member of CFA Institute, Toronto Society of Financial Analysts, and Law Society of Upper Canada."
suzanne-woolley,Suzanne Woolley,A,116,93,25,Personal Finance Writer — Bloomberg Wealth team,senior,active,,Bloomberg,bloomberg,T1,94,3,2,bloomberg; businessweek,personal-finance; investing; retirement; banking; housing; taxes; insurance,,,,,20,"New York, NY, USA",https://www.linkedin.com/in/suzwoolley/,,https://muckrack.com/suzanne-woolley,,https://www.bloomberg.com/authors/APy9hOTZv7o/suzanne-woolley,,,Bloomberg; BusinessWeek,,,,1971,500+,2026-04-16T00:00:00Z,,,,,L9 + Rule A (Muck Rack 403; LinkedIn + EBRI bio recovered),,"Personal finance writer on Bloomberg's Wealth team in New York, covering saving, investing, retirement, student loans, real estate, banking products and health insurance. Joined Bloomberg's Wealth team in 2018, initially focused on ultra-high-net-worth investors. Previously a personal finance writer and editor on Bloomberg's dedicated digital team, spearheading multi-platform retirement and investing projects. Joined Bloomberg in 2009 via the BusinessWeek acquisition, where she headed the magazine's personal finance section from 2005. Prior to that, editor and writer at Money magazine."
sharon-epperson,Sharon Epperson,A,114,91,25,Senior Personal Finance Correspondent — CNBC,senior,active,,CNBC,cnbc,T1,93,2,2,cnbc; nbcnews,personal-finance; retirement; investing; financial-journalism,,,,(see Wikipedia — Smith College/Columbia tradition)@Columbia University (adjunct faculty),30,USA,https://www.linkedin.com/in/sharoneppersoncnbc,https://x.com/sharon_epperson,https://muckrack.com/sharon_epperson,,https://www.cnbc.com/sharon-epperson/,,,CNBC,CNBC; NBC News (Today); NBC Nightly News,,,,500+,2026-04-16T00:00:00Z,,y,,,L9-muckrack (403) + Rule A,,"CNBC's Senior Personal Finance Correspondent and creator/editor of the 'Money 101 Newsletter'. Also appears on NBC News shows — Today and NBC Nightly News. Adjunct professor at Columbia University's School of International and Public Affairs. Began with CNBC in 1996. Expertise: saving and investing for retirement, paying for college, managing mortgage/student loan/credit card debt, building financial legacy through estate planning."
bob-mason-fxempire,Bob Mason,A,114,89,28,Author / Financial Consultant,senior,active,,FXEmpire,fxempire,T2,73,2,4,fxempire; kitco; jpost; huffpost,forex; crypto; equity; credit; markets,,,,BSc Chemistry / Biology@Oxford Brookes University,28,Europe / Asia,https://www.linkedin.com/in/bob-mason-6677192/,https://x.com/BobMaso55362638,https://muckrack.com/bob-mason-2,,https://www.fxempire.com/author/bobmason,bobmason@fxempire.com,y,The Jerusalem Post; Huffington Post,,,,,,,,,,,L7-websearch,,"Financial consultant and author at FX Empire since December 2016 with 28 years in the financial industry. Co-founder of VersatileQ, a boutique research and advisory firm focused on Asia. Previously managed regional teams across Europe and Asia at global rating agencies and multinational banks. Experience includes building index products for investment banks, risk management, analytics, and macroeconomic analysis. Ex-Research Analyst at IdealFX (S) Pte Ltd, Senhouse Asia, and family offices. Coverage includes FX, energy, equities, cryptocurrencies, credit. Regularly considers FX, geopolitical, credit, and macroeconomic risk drivers."
daniel-phillips-coinmarketcap,Daniel Phillips,A,114,88,30,Cryptocurrency Writer — CoinMarketCap Academy,staff,active,,CoinMarketCap,coinmarketcap,T1,91,6,7,coinmarketcap; decrypt; ledger; okex; beincrypto; republic_crypto; cryptonews,crypto; blockchain; defi; bitcoin,,,,Masters in Regenerative Medicine@,9,,https://www.linkedin.com/in/danielcrypto/,,https://muckrack.com/daniel-phillips-1,https://linktr.ee/akindofmind,https://coinmarketcap.com/academy/author/daniel-phillips,,,,,,,,,,,,,,direct_aggregate,,"Blockchain journalist, analyst and Solidity developer with cryptocurrency expertise since 2017. Started in crypto sector as Bitcoin miner in 2015. Masters in Regenerative Medicine before pivoting to blockchain. Specializes in DeSci, AI, DeFi, FHE and altcoin trends. Primary holdings: BTC, ETH, SOL, SUI. Previously wrote for Ledger, Decrypt, OKEx, BeInCrypto, Republic Crypto, and Cryptonews."
scott-murdoch-reuters,Scott Murdoch,A,114,91,25,"Lead Writer, Asia Finance & Markets — Reuters",senior,active,,Reuters,reuters,T1,94,2,2,reuters; theaustralian,markets; equity; fixed-income; financial-journalism,,,,,22,"Sydney, NSW, Australia",https://au.linkedin.com/in/scott-murdoch-882b20146,https://twitter.com/murdochsj,https://muckrack.com/scott-murdoch,,https://muckrack.com/scott-murdoch,,y,Reuters; The Australian; News Corp,,,,2669,,2026-04-16,,,,,L9 + Rule A (muckrack 403 → WebSearch recovery),,"Lead Writer for Asia Finance & Markets at Reuters (formerly Asia Capital Markets Correspondent). Journalist for more than two decades with Thomson Reuters and News Corp in Australia, specialising in financial journalism. Covers equity and debt capital markets across Asia and Australian M&A. Previously Data Room Co-Editor at The Australian (2017-2019) and China Correspondent in Beijing. Co-founder of @sandochracing. Based in Sydney."
anna-bahney-cnn,Anna Bahney,A,114,87,31,Housing & Personal Finance Reporter — CNN Business,staff,active,,CNN Business,cnn_business,T1,95,0,4,cnn_business; nyt; usatoday; mic,housing; personal-finance; investing,,,,Bachelor's@Emory University; Master's in Journalism@Columbia School of Journalism,20,"Silver Spring, Maryland, United States",https://www.linkedin.com/in/annabahney/,https://x.com/annabahney,https://muckrack.com/annabahney,http://www.annabahney.com/about,https://muckrack.com/annabahney,,,NYT; USA Today,,,,,,,,,true,,L9 + Rule A (muckrack 403 → WebSearch recovery),,"Writer for CNN covering investments and real estate, focusing on traditional, alternative, real estate and cryptocurrency markets. Currently Housing & Personal Finance reporter at CNN Business. Prior: launched financial coverage at Mic; broke housing news during the financial crisis as real estate reporter for USA Today. Nearly a decade at The New York Times covering real estate, youth culture, travel; reported from ground zero on September 11, 2001. Fellow at Columbia Journalism Review."
kimberly-palmer-usnews,Kimberly Palmer,A,113,86,31,Senior Editor / Personal Finance Expert — US News & NerdWallet,senior,active,,US News — Money,usnews_money,T2,88,0,3,usnews_money; nerdwallet; aarp,personal-finance; banking; investing,,,,B.A. History@Amherst College; M.P.P.@University of Chicago,20,"Washington, DC metro, USA",https://www.linkedin.com/in/kimberlyspalmer,,https://muckrack.com/alphaconsumer,http://www.kimberly-palmer.com/about-me,https://www.usnews.com/topics/author/kimberly-palmer,,,,Today Show; Good Morning America,"Smart Mom, Rich Mom; The Economy of You; Generation Earn",,,,,,,kimberly-palmer.com,,L1 + Rule A WebSearch,,"Personal-finance expert, spokesperson and author. Was Senior Money Editor at US News & World Report for 9 years and Money Features Editor at AARP; currently Personal Finance Expert at NerdWallet. Author of three critically-acclaimed books: 'Smart Mom, Rich Mom', 'The Economy of You' and 'Generation Earn'. TV appearances on the Today show and Good Morning America. Adjunct professor at American University teaching a course on mastering social media."
john-divine,John Divine,A,112,89,26,Assistant Managing Editor — Investing (U.S. News & World Report),editor,active,,US News — Money,usnews_money,T2,88,0,3,usnews_money; motleyfool; investorplace,stocks; investing; markets; financial-journalism,,,,BS Finance & Banking (with honors)@Appalachian State University,12,,https://www.linkedin.com/in/johndivine,,https://muckrack.com/divinebizkid,,https://www.usnews.com/topics/author/john-divine,,,WSJ,Cheddar; Money Life with Chuck Jaffe; Market Wrap with Moe Ansari; WSJ Radio; WBBM Chicago; iHeartRadio,,,,,,,,,,L1 WebFetch (timeout) → Rule A recovery,,"Assistant Managing Editor at U.S. News & World Report covering stock market, Wall Street and the economy since 2016. Previously covered the stock market for The Motley Fool and InvestorPlace. Bachelor's in Finance & Banking (with honors), Appalachian State University. After college, spent time at Merrill Lynch and Grandbridge Real Estate Capital (commercial real estate arm of Truist Bank / then BB&T). Began investing while in high school, where he founded the school's Stock Market Club. Appeared on Cheddar, Money Life with Chuck Jaffe, the Invest Like a Boss podcast, Market Wrap with Moe Ansari, iHeartRadio, WSJ Radio, and WBBM Chicago."
jeff-john-roberts-decrypt,Jeff John Roberts,A,112,87,29,"Finance & Crypto Editor, Fortune (former Executive Editor at Decrypt)",editor,former,,Decrypt,decrypt,T2,82,5,2,decrypt; fortune,crypto; blockchain; finance; banking; regulation,,,,Attended@Columbia (Business/Journalism),13,,https://www.linkedin.com/in/jeffjohnroberts,,,https://jeffjohnroberts.com/,https://decrypt.co/author/jeff-john-roberts,,,Fortune; Reuters; BusinessWeek; NYT,,Kings of Crypto: One Startup's Quest to Take Cryptocurrency Out of Silicon Valley and Onto Wall Street,,,500+,2026-04-16,,,jeffjohnroberts.com,,L1_known + Rule A (decrypt.co 404 on /jeff-roberts → found /jeff-john-roberts),"Decrypt tenure 2021-2022, now at Fortune as Finance/Crypto Editor",Finance & Crypto Editor at Fortune and host of the Fortune Crypto Playbook vodcast. Former lawyer turned journalist; has reported on crypto since 2013. Was Executive Editor of Decrypt (2021–2022) and broke several major stories before returning to Fortune. Previously at Gigaom (ex-PaidContent) and Reuters; work has appeared in BusinessWeek and the New York Times. Author of 'Kings of Crypto: One Startup's Quest to Take Cryptocurrency Out of Silicon Valley and Onto Wall Street' (2019). Attended Columbia.
adam-levine-weinberg,"Adam Levine-Weinberg, CFA",A,111,88,26,Contributor — value investor,contributor,active,,Seeking Alpha,seekingalpha,T2,88,8,2,seekingalpha; fool,stocks; investing; equity,CFA,CFA,n,BA@Swarthmore College(2007); MA Political Science@University of Chicago(2009),14,,https://www.linkedin.com/in/adam-levine-weinberg-b7a312163/,,https://muckrack.com/adam-levine-weinberg-cfa,,https://seekingalpha.com/author/adam-levine-weinberg-cfa,,,,,,,,140,2026-04-16,,,,,L7 WebSearch,,"Value investor researching and writing about stocks for Seeking Alpha and The Motley Fool since 2011. Focus on irrationally beaten-down stocks in aerospace, retail, real estate, and auto sectors. Graduated from Swarthmore College (2007), MA Political Science from the University of Chicago (2009). Received CFA charter in 2017. Investment Analyst at Transamerica Financial Advisors, Inc."
tm-lee-coingecko,TM Lee,A,111,87,28,Co-Founder & President — CoinGecko (formerly CEO),chief,active,,CoinGecko,coingecko,T2,88,3,1,coingecko,crypto; bitcoin; blockchain; defi,,,,"BS Computer Science (minor Psychology)@Purdue University(2012); Computer Science studies@INTI International University, Malaysia",12,Malaysia,https://my.linkedin.com/in/leetm,https://x.com/tmlee,,https://www.coingecko.com/author/tmlee,https://www.coingecko.com/author/tmlee,,,Forbes (30U30 2019); BeInCrypto; Crunchbase,,"Handbook of Digital Currency (1st Edition); Handbook of Blockchain, Digital Finance, and Inclusion Volume 1",,,,,,,coingecko.com,,L1_known + Rule A (no authorUrl initially → recovered via WebSearch),,"Co-Founder and President of CoinGecko, which he launched in 2014 with Bobby Ong as a bootstrapped cryptocurrency data aggregator. Under his leadership CoinGecko has grown to serve users in over 170 countries, offering NFT data, personal portfolios and historical coin information. Born in Kuantan, Pahang, Malaysia. Co-authored Handbook of Digital Currency (1st Edition) and Handbook of Blockchain, Digital Finance, and Inclusion Volume 1. Research Fellow at Singapore University of Social Sciences assisting with blockchain course development. Listed in Forbes 30 Under 30 (2019)."
kunal-kapoor-morningstar,Kunal Kapoor,A,110,87,27,Chief Executive Officer — Morningstar,chief,active,,Morningstar,morningstar,T2,87,3,1,morningstar,investing; markets; mutual-funds; equity,CFA,CFA,n,BA Economics and Environmental Policy@Monmouth College; MBA@University of Chicago Booth School of Business,28,"Chicago, Illinois, United States",https://www.linkedin.com/in/kunal-kapoor-morningstar,,,,https://www.morningstar.com/people/kunal-kapoor,,,Morningstar; Bloomberg,,,,,500+,2026-04-16,,,,,L7 + Rule A (morningstar 403 → WebSearch recovery),,"Chief Executive Officer of Morningstar since 2017. Joined Morningstar in 1997 as a data analyst; served as director of mutual fund research, launched Morningstar Investment Services, then director of business strategy for international operations, later president and CIO of Morningstar Investment Services, then President of Morningstar before becoming CEO. Member of CFA Society of Chicago; served on the board of PitchBook prior to Morningstar's acquisition in 2016."
theresa-w-carey,Theresa W. Carey,A,109,84,30,Senior Brokerage Advisor — US & Canada,editor,active,,BrokerChooser,brokerchooser,T3,66,2,4,brokerchooser; barrons; investopedia; pcmag,stocks; personal-finance; investing,,,,,20,,https://www.linkedin.com/in/twcarey/,https://twitter.com/twcarey,https://muckrack.com/theresa-carey,https://authory.com/TheresaCarey,https://brokerchooser.com/team/theresa-w-carey,,,Barron's,tastytrade,,,,,,,,authory.com/TheresaCarey,,,,"'The OG of examining and reviewing the retail online brokerage business' — semi-retired, consulting. 19 annual Barron's broker review surveys (20-30 brokers each). Early Barron's Twitter advocate. Publishes across Barron's, Investopedia, PCMag, CIO Insight, eWEEK. 20+ yrs journalism/communications."
bradley-keoun,Bradley Keoun,A,108,84,28,"Managing Editor, Tech & Protocols",editor,active,,CoinDesk,coindesk,T2,89,5,3,coindesk; thestreet; bloomberg,crypto; blockchain; markets; financial-journalism,,,,BA Electrical Engineering & Classical Studies (double major)@Duke University; Master's in Journalism@University of Florida,20,"Austin, Texas, USA",,,https://muckrack.com/liqquidity,,https://www.coindesk.com/author/bradley-keoun,,,Bloomberg; TheStreet,,,,,,,,,,,,,"Managing Editor of Tech & Protocols at CoinDesk; oversees reporters covering blockchain technology. Previously ran CoinDesk's global crypto markets team. Two-time Loeb Awards finalist. Prior roles: Chief Global Finance & Economic Correspondent at TheStreet; editor/reporter at Bloomberg News (New York and Mexico City) covering Wall Street, emerging markets, and energy; general-assignment reporter at the Chicago Tribune; police-beat reporter at the Gainesville Sun. Based in Austin, Texas."
al-root,Al Root (Allen Root),A,108,86,25,Senior Writer / Associate Editor — Barron's,senior,active,,Barron's,barrons,T2,88,3,1,barrons,stocks; markets; investing,,,,,25,,https://www.linkedin.com/in/allen-root-b0030313/,https://x.com/DowJonesAl,https://muckrack.com/dowjonesal,https://www.alrootwriting.com/,,,,,CBS News; Cheddar; Yahoo Finance; Fox Business — Barron's Roundtable; Fox Business — Claman Countdown; Fox Business — The Big Money Show; Sirius XM; Wharton Business Radio; Barron's Live podcast,,,138586,,2026-04-16T00:00:00Z,,,alrootwriting.com,,L7 + Rule A,Awards: SABEW Best in Business (JPMorgan Chase reporting).,"Senior writer / Associate Editor at Barron's (since 2018). 17 years on Wall Street before journalism; joined Barron's from R.W. Baird where he was industrial strategist. Won SABEW's Best in Business Award for JPMorgan Chase reporting (employee backlash on layoffs, DEI changes, pay equity, return-to-office). Frequent guest on Sirius XM, Wharton Business Radio, CBS News, Cheddar, Yahoo Finance, Fox Business (Barron's Roundtable, Claman Countdown, The Big Money Show), Barron's Live podcast, The Readback."
connor-sephton,Connor Sephton,A,108,83,30,Cryptocurrency Writer / Contributor — CoinMarketCap; Head of Advertorial — Cointelegraph,contributor,active,,CoinMarketCap,coinmarketcap,T1,91,6,6,coinmarketcap; cointelegraph; decrypt; blockworks; cryptonews; crypto-news,crypto; blockchain; markets,,,,,10,"London, UK",https://www.linkedin.com/in/connor-sephton-67802316/,https://x.com/connorsephton,,,https://coinmarketcap.com/academy/author/connor-sephton,,,BBC; Sky News,,,,,,,,,,,direct_aggregate (L5.5 WebFetch success) + Rule A cross-verified,,"London-based journalist with a 10-year career as reporter, editor, and newsreader for Metro, Sky News, and BBC. Writes features for Alexandria and produces the daily CoinMarketCap newsletter. Freelance online editor for Sky News; newsreader on BBC local radio. Head of advertorial for Cointelegraph. Specialised in crypto news since 2018; also writes for Decrypt, Blockworks, and Cointelegraph. States he does not currently hold any cryptocurrencies."
enoch-yiu,Enoch Yiu,A,108,85,27,Chief Business Reporter — South China Morning Post,chief,active,,South China Morning Post,scmp,T1,90,2,1,scmp,finance; banking; markets,,,,Bachelor of Business — Communication in Journalism@Queensland University of Technology (QUT)(1991),30,Hong Kong,https://hk.linkedin.com/in/enoch-yiu-52779516,,https://muckrack.com/enoch-yiu,,https://www.scmp.com/author/enoch-yiu,,,SCMP; Yahoo Finance; CNBC,,They Mean Business: 50 exclusive interviews with Hong Kong top executives; Serving with Passion: stories of established catering brands in Hong Kong,,,,,,,,,L9 + Rule A (Muck Rack 403),,"Chief Business Reporter at South China Morning Post. Joined SCMP as business reporter in 1996. Expertise: financial regulation, banking, pension, insurance, asset management, Hong Kong markets and IPOs. Author of two books: 'They Mean Business: 50 exclusive interviews with Hong Kong top executives' and 'Serving with Passion: stories of established catering brands in Hong Kong'."
eamonn-sheridan,Eamonn Sheridan,A,108,86,25,Chief Asia-Pacific Currency Analyst,chief,active,,ForexLive,forexlive,T2,78,3,3,forexlive; newsbreak; hotcopper,forex; interbank-fx; markets; futures,,,,Undergraduate@The University of Melbourne,25,"New South Wales, Australia",,https://twitter.com/FinMktTrader,https://muckrack.com/eamonn-sheridan,,https://www.investinglive.com/author/eamonn-sheridan,,,Nasdaq,,,,,,,,,,,L1 WebFetch aggregate,,"Chief Asia-Pacific Currency Analyst at investingLive (formerly ForexLive). Spent 13 years at Bankers Trust Australia as spot foreign exchange dealer trading all major currencies across time zones, rising to Vice President running spot operations during busy European time. Left the bank just prior to its sale to run his own business, trading equities, CFDs, and futures. Now active in FX and equity index futures. 95,951+ articles published. Manages the site alongside Adam Button, Mike Paterson, Ryan Littlestone."
terry-flanagan-tradersmag,Terry Flanagan,A,108,85,27,Managing Director / Editor,editor,active,,Traders Magazine,tradersmagazine,T3,67,1,3,tradersmagazine; marketsmedia; globaltrading,markets; trading; institutional-trading; equities,CFA,CFA (Chartered Financial Analyst),n,,25,"New York, NY, USA",https://www.linkedin.com/in/terflanagan/,,https://muckrack.com/terry-flanagan,,https://www.tradersmagazine.com/staff-authors/terry-flanagan/,,,,,,,,,,,,,,"L0 Phase 0 notes + Rule A WebSearch (tradersmagazine.com author URL 404, staff-authors URL works)",,"Managing Director at Markets Media Group, overseeing the Markets Media, Traders Magazine, and GlobalTrading platforms. Former Bloomberg reporter and editor (starting 1996 as electricity reporter in the energy group) and former financial research analyst. More than 25 years of journalism experience. Earned Chartered Financial Analyst (CFA) designation in 2001."
michael-kim-zacks,Michael Kim,A,107,81,32,Senior Analyst — Zacks Small-Cap Research,senior,active,,Zacks,zacks,T2,82,3,1,zacks,stocks; equity; markets; investing,,,,,20,,https://www.linkedin.com/in/michael-kim-21990a3,,,,https://scr.zacks.com/analyst-bios/person-details/default.aspx?ItemId=61e014f8-8da1-49e4-bb2b-de081257f278,mkim@zacks.com,y,WSJ; Financial Times; Barron's; Bloomberg; Institutional Investor,CNBC; Bloomberg,,,,,,,,,,L1,,"Senior Analyst at Zacks Small-Cap Research with 20+ years of Equity Research and Investor Relations experience. Spent 16 years in sell-side Equity Research covering financial services companies at Sandler O'Neill + Partners, The Buckingham Research Group, Putnam Lovell NBF Securities, and Banc of America Securities. Recognized by Institutional Investor, The Wall Street Journal, Financial Times, and Starmine. Media appearances on CNBC, WSJ, Barron's, and Bloomberg. Before Zacks, Managing Director at MZ Group helping private and public companies; previously Managing Director at ICR leading Financial Services Investor Relations team."
jefreda-r-brown,JeFreda R. Brown,A,107,84,27,Financial Review Board Member / Financial Writer,contributor,active,,Investopedia,investopedia,T1,92,6,2,investopedia; thebalance,personal-finance; finance; investing; taxes; banking,CFEI,CFEI (Certified Financial Education Instructor),n,DBA (Finance concentration)@Walden University; MBA (Finance & Accounting)@Mississippi College; B.S. Math@Mississippi State University,20,"Birmingham, AL, USA",https://www.linkedin.com/in/jefredabrown,,,https://www.doctorjefreda.com/,https://www.thebalancemoney.com/jefreda-brown-5188075,,,,,,,,,,,,doctorjefreda.com,,,No L5.5 URL in input; Rule A recovered full bio via PRLog + The Balance author page + Finimpact. Cross-outlet (Investopedia + The Balance).,"Certified Financial Education Instructor (CFEI). Financial consultant, entrepreneur, educator, and researcher with 20+ years of financial and business experience. DBA in finance (Walden University), MBA in Finance & Accounting (Mississippi College), B.S. Math (Mississippi State University). Financial Review Board Member and Financial Writer for Investopedia and The Balance. Founder & CEO of Xaris Financial Enterprises. Professor for nearly a decade teaching personal finance, corporate finance, financial and managerial accounting at Cornell, University of Alabama Birmingham, Oregon State, and Indiana Wesleyan. Based in Birmingham, AL."
james-hyerczyk,James Hyerczyk,A,106,81,31,Senior Market Analyst — FXEmpire,senior,active,,FXEmpire,fxempire,T2,73,2,6,fxempire; oilprice; investopedia; investing; nasdaq; financemagnates,forex; futures; markets; day-trading,,,,B.A. Business Administration@St. Xavier University; M.S. Financial Markets and Trading@Illinois Institute of Technology,43,"Fort Myers, Florida, USA",https://www.linkedin.com/in/james-a-hyerczyk-0664bb354/,,https://muckrack.com/james-hyerczyk,,https://www.fxempire.com/author/jameshyerczyk,,,Nasdaq,,,,,,,,,,,L5.5-direct (404 on seed slug; corrected to /jameshyerczyk via Rule A) + Muck Rack,,"U.S.-based technical analyst, market researcher, educator, and trader with 43 years' experience. Senior market analyst at FX Empire since June 2014. Began career in Chicago in 1982 as futures market analyst for floor traders at the Chicago Board of Trade (CBOT) and the Chicago Mercantile Exchange (CME). Expertise: energy, metals, indices, currencies. Favorite instruments: gold, WTI crude oil, natural gas. Published on OilPrice.com, Investopedia, Investing.com, Nasdaq.com. Runs J.A.H. Research and Trading, LLC. Based in Fort Myers, Florida."
brian-bollinger,Brian Bollinger,A,105,83,26,"Founder, Owner, President & Analyst — Simply Safe Dividends (Seeking Alpha contributor)",contributor,active,,Seeking Alpha,seekingalpha,T2,88,8,3,seekingalpha; kiplinger; investorplace,stocks; investing; personal-finance; retirement,CPA,CPA,n,"Triple major: Finance, Accounting, Entrepreneurship (top 1% of class)@Indiana University — Kelley School of Business",10,"Greater Indianapolis, IN, USA",https://www.linkedin.com/in/brian-bollinger-b6111a11/,,,https://www.simplysafedividends.com/,https://seekingalpha.com/author/simply-safe-dividends,,,,,,,2000,,2026-04-16T00:00:00Z,,,simplysafedividends.com,,"L7-websearch (L5.5 403-blocked, Rule A recovered full bio)",,"Founder of Simply Safe Dividends (2015) — online tools and research to help investors generate safe retirement income from dividend stocks. Certified Public Accountant (CPA). Triple-majored in finance, accounting and entrepreneurship at Indiana University's Kelley School of Business, graduated in the top 1% of his class. Former equity research analyst at IronBridge Capital Management (multi-billion-dollar Chicago-area investment firm). Also publishes at Kiplinger and InvestorPlace. Located in Greater Indianapolis."
barbara-friedberg,Barbara Friedberg,A,104,80,30,Contributor / Freelance columnist,contributor,active,,The Balance,thebalancemoney,T2,84,2,5,thebalancemoney; investopedia; usnews; investorplace; yahoofinance,personal-finance; investing; retirement,MBA; MS,,,"MBA Finance@Pennsylvania State University; MS Personnel Services and Counseling@Miami University (Oxford, Ohio); BA Economics@University of Cincinnati",25,"San Jose, CA, USA",https://www.linkedin.com/in/barbarafriedberg/,,,https://barbarafriedbergpersonalfinance.com,https://www.thebalancemoney.com/barbara-friedberg-4775484,,,,,Personal Finance: An Encyclopedia of Modern Money Management; Invest and Beat the Pros — Create and Manage a Successful Investment Portfolio; How to Get Rich; Without Winning the Lottery,,,500+,2026-04-16T00:00:00Z,,,barbarafriedbergpersonalfinance.com,,L1,,"Freelance columnist since 2010. Former investment portfolio manager and CFO for a real estate holding company (1998–2019). Taught Finance and Investments at Santa Clara University and Lebanon Valley College. CEO of RoboAdvisorPros.com and BarbaraFriedbergPersonalFinance.com. Published three books on personal finance and investing. Based in San Jose, CA."
chris-beauchamp,Chris Beauchamp,A,104,83,25,Chief Market Analyst — IG Group (contributor at DayTrading.com),chief,active,,DayTrading.com,daytrading,T3,55,0,2,daytrading; ig,markets; cfd; forex; stocks; financial-journalism,,,,,15,United Kingdom,https://uk.linkedin.com/in/chris-beauchamp-3b353aa,https://x.com/ChrisB_IG,,https://www.ig.com/en/profile/chris-beauchamp,https://www.daytrading.com/contributors/chris-beauchamp,chris.beauchamp@daytrading.com,y,Bloomberg; BBC,BBC; Sky News; Bloomberg,,,,,,,,,,L5.5-direct + Rule A,,"Chief Market Analyst at IG Group since 2019, with IG since 2010 (15+ years). Background in equity research and analysis. Regular commentator and analyst on BBC, Sky News, Bloomberg and other major financial channels. Head of Market Analysis UK."
ashlyn-brooks-bankrate,Ashlyn Brooks,A,104,83,25,Finance Writer — Bankrate (freelance),staff,active,,Bankrate,bankrate,T1,90,2,4,bankrate; kiplinger; forbes; investopedia,personal-finance; taxes; insurance; investing; retirement; banking,,,,BSc Engineering Technology@; MBA@,6,"Greater Houston, Texas, United States",https://www.linkedin.com/in/ashlyn-brooks-99196a12a/,,https://muckrack.com/ashlyn-brooks,https://www.ashlynbrooks.com/,https://www.bankrate.com/authors/ashlyn-brooks/,,,Forbes; Yahoo Finance,,,,,,,,,true,,L7 + Rule A (bankrate 405),,"Finance writer with more than half a decade of experience covering taxes, insurance, investing, retirement, finance news and banking products. Former civil engineer on a mission to help others save and spend smarter through purposeful money habits. Work published across Bankrate, Forbes Advisor, Forbes Home, Investopedia, Kiplinger and Yahoo Finance."
cherry-reynard,Cherry Reynard,A,102,77,33,Freelance Financial Journalist / Contributor — Boring Money,senior,active,,Boring Money,boringmoney,T3,55,0,6,boringmoney; telegraph; investors_chronicle; morningstar; moneywise; mouthymoney,investing; personal-finance; financial-journalism; mutual-funds,,,,,25,UK,https://www.linkedin.com/in/cherry-reynard-b8b59211/,https://x.com/creynard0654,https://muckrack.com/cherry-reynard,,,,,,,Investing in Emerging Markets (co-author),,,500+,2026-04-16,,,,,L7-websearch (no authorUrl provided),,"Multi-award-winning financial journalist since 2000 with 25+ years of experience (following an earlier spell as a tax accountant). Writes regularly for a blend of national, consumer and trade publications including The Times, Telegraph, Investors Chronicle, Money Observer, Boring Money, Moneywise, Morningstar, plus trade titles like Professional Adviser and Trustnet. Large research projects for Cerulli and the Economist Intelligence Unit. Five-time winner of the AIC Freelance Journalist of the Year award (2011–2015) and six-time winner of the IMA Freelance Journalist of the Year award. Co-authored a book on investing in emerging markets."
kenji-kawase,Kenji Kawase,A,101,81,25,Chief Business News Correspondent — Nikkei Asia,chief,active,,Nikkei Asia,nikkei_asia,T2,87,0,4,nikkei_asia; ft; caixin_global; dealstreet_asia,markets; financial-journalism; tech,,,,,30,Hong Kong,,,https://muckrack.com/kenji-kawase,,https://muckrack.com/kenji-kawase,,,FT,,,,,,,,,,,L9 (Muck Rack 403) + Rule A,,"Chief Business News Correspondent at Nikkei Asia, based in Hong Kong. ~30 years as one of the most experienced Japanese foreign correspondents in Asia — has covered most parts of the region. Editor of #techAsia, a newsletter on technology in Asia combining reporting from the Financial Times and Nikkei Asia. Bylines across Nikkei Asia, Financial Times, Nikkei, Caixin Global, DealStreetAsia, Yahoo Finance, Markets Insider, Internazionale, RealClear Markets."
arielle-oshea,Arielle O'Shea,A,100,80,25,Head of Content — Investing & Taxes,chief,active,,NerdWallet,nerdwallet,T1,90,2,1,nerdwallet,investing; taxes; personal-finance,,,,BA English@Shepherd University,19,"Charlottesville, VA",https://www.linkedin.com/in/arielleoshea/,,,,https://www.nerdwallet.com/author/arielle-oshea,,y,NYT; MarketWatch; Bloomberg,Today Show; NBC News; ABC World News Tonight,,,,,,,,,,,,"Leads NerdWallet's investing and taxes team. 19+ yrs. 80+ articles, 32.3M readers. BA English (Shepherd University), based in Charlottesville VA. Previously researcher/reporter for Jean Chatzky. Appeared on Today show, NBC News, ABC World News Tonight; quoted by NYT, MarketWatch, Bloomberg."
daniel-sparks-fool,Daniel Sparks,A,100,75,33,"Contributor — The Motley Fool (Owner/CIO, Sparks Capital Management)",contributor,active,,Motley Fool,fool,T1,90,3,6,fool; fool-uk; fool-ca; time; cnn; businessinsider,stocks; investing; tech; equity,,,,,,,https://www.linkedin.com/in/danielssparks/,,https://muckrack.com/daniel-sparks,,https://www.fool.com/author/2104/,,,TIME; CNN Business; Business Insider; USA Today,,,,,,,,,,,L1 + Rule A,,"Contributing Motley Fool stock-market analyst covering technology, industrials, financials and consumer goods. Owner and Chief Investment Officer of Sparks Capital Management. His work has appeared in CNN Business, Business Insider, MSN (US/CA/UK), USA Today, AOL, TIME and Medium."
kate-leaman,Kate Leaman,A,98,74,33,Chief Market Analyst (AvaTrade) / Lead Stock Analyst (AskTraders),chief,active,,AskTraders,asktraders,T3,52,1,8,asktraders; avatrade; etoro; investing; londonlovesbusiness; investorgreg; fxempire; fool,stocks; forex; crypto; markets; etf,,,,MA Broadcast Journalism (Finance specialisation)@University of Westminster; BA Diploma Broadcast Journalism@University of Westminster,15,"London, United Kingdom",https://www.linkedin.com/in/kate-leaman-08803612/,,,,https://www.asktraders.com/our-contributors/kate-leaman/,,,,Sky News,,,,500+,2026-04-16,,,,,L5.5-direct,,"Chief Market Analyst at AvaTrade and Lead Stock Analyst at AskTraders. Won the Sky News journalism award and subsequently worked for Sky News, hosting multiple financial news shows. Ex-Head of Content at Investing.com, Director of Institutional Sales at BForex, Marketing Manager at UFX. Delivers in-depth analysis on market trends, Stocks, Forex, ETFs, Crypto, Indices and Commodities for leading global brokerage firms (AvaTrade, Exness, Dukascopy, Plus500, PrimeXBT, Huobi). Based in London."
lance-cothern,Lance Cothern,A,98,76,29,Contributor / Founder Money Manifesto,contributor,active,,Money Under 30,moneyunder30,T2,75,1,4,moneyunder30; moneymanifesto; dollarsprout; inc,personal-finance; taxes; savings; banking,CPA,CPA,n,"BBA, Accounting@James Madison University",,"Indiana, USA",https://www.linkedin.com/in/lancecothern/,https://twitter.com/money_manifesto,,https://www.moneymanifesto.com/,https://www.moneyunder30.com/author/lance-cothern,,,USA Today; Forbes; Business Insider,,,,,484,2026-04-16,,,moneymanifesto.com,,,L5.5 410 (PAGE_GONE) — Rule A recovery via LinkedIn + Money Manifesto about page. CPA verified. Cross-outlet contributor.,"Certified Public Accountant (CPA) licensed in Indiana (also holds CPA in Commonwealth of Virginia). Founder of Money Manifesto (personal finance blog, 2012). Holds a Bachelor's of Business Administration with a major in Accounting from James Madison University. Professional freelance writer in personal finance — work has appeared in USA Today, U.S. News & World Report, Forbes, Business Insider, Credit Karma, and MoneyUnder30."
jitan-solanki,Jitan Solanki,A,97,73,33,Broker Analyst (FXEmpire since May 2019); Co-Founder & CEO of Trade-Vest,contributor,active,,FXEmpire,fxempire,T2,73,2,5,fxempire; admiralmarkets; yahoo-finance; investing; fxstreet,forex; cfd; stocks; markets; trading-education,MSTA,MSTA,n,B.A. Honours Applied English Language & Linguistics@,17,"London, UK",https://www.linkedin.com/in/jitansolanki/,,https://muckrack.com/jitan-solanki,,https://www.fxempire.com/author/jitansolanski,jitansolanski@fxempire.com,y,,,,,,,,,,,,L5.5-direct + Rule A,,"Professional trader and market analyst with 17+ years trading pan-European and US equities, FX, commodities and indices. MSTA (Member of the Society of Technical Analysts). B.A. Honours Applied English Language & Linguistics. Day trades major currencies and indices during European session; swing trades US equities and commodities. Author at FXEmpire since May 2019. Co-Founder & CEO of Trade-Vest. Previously Head of Research at JTR Capital Management. Also publishes at Yahoo Finance, Investing.com, FXStreet, LondonLovesBusiness, Admiral Markets."
steve-miley,Steve Miley,A,94,72,30,Contributor / Founder Market Chartist,senior,active,,AskTraders,asktraders,T3,52,1,4,asktraders; fxstreet; stockbrokers; investing-com,forex; cfd; equity; fixed-income; trading-education,MSTA,"MSTA (Member, Society of Technical Analysts)",n,"Masters, Politics Philosophy & Economics@Oxford University (Lincoln College)",29,United Kingdom,https://www.linkedin.com/in/stevemileymarketchartist/,,,https://marketchartist.com/,https://www.asktraders.com/our-contributors/steve-miley/,,,,,,,6330,,2026-04-16,,,marketchartist.com,,,L5.5 success. Strong tier-A profile: Oxford PPE + MSTA + 29yrs + multiple industry awards. Cross-outlet network.,"29 years of financial market experience. Founder, Director and Primary Analyst at The Market Chartist (founded 2012). Academic Dean at The London School of Wealth Management. Spent 15 years at Merrill Lynch (1994-2009) as Technical Analyst + Fixed Income Derivatives Sales. Three years as Director of FX Technical Analysis Research Strategy at Credit Suisse (2009-2012), covering G10/EM currencies, Rates, Credit, Equity Indices, Commodities. Member of Society of Technical Analysts (MSTA). Masters Degree in Politics, Philosophy & Economics from Oxford University (Lincoln College). 2016 & 2013 Winner + 2014 Runner Up Best Independent Fixed Income Research & Strategy; 2012 Winner Best FX Research & Strategy; 2012-2017 Technical Analyst of the Year finalist (6 consecutive years). Contributor to A"
andres-cardenal,"Andrés Cardenal, CFA",A,93,73,27,Contributor / Investing Group Leader (Seeking Alpha),contributor,active,,Seeking Alpha,seekingalpha,T2,88,8,3,seekingalpha; fool; businessinsider,investing; stocks; tech; ai,CFA,CFA,n,,25,,,,,,https://seekingalpha.com/author/andres-cardenal-cfa,,,,,,,,,,,,,,L7,LinkedIn and Twitter not confirmed via WebSearch (Clay.earth stub found but not a clean LinkedIn URL). Preserved null rather than guessing.,"Economist with 25+ years of investment research experience for hedge funds, family offices and asset managers across the US and Latin America. CFA Charterholder. Seeking Alpha analyst since 2017 and Newsletter Editor of 'The Data Driven Investor', focused on evidence-based growth/tech stock analysis and options income ideas. Work featured in The Motley Fool and Business Insider."
brian-oconnell-kiplinger,Brian O'Connell,A,93,68,37,Contributor — Retirement & Personal Finance,contributor,active,,Kiplinger,kiplinger,T2,85,5,4,kiplinger; usnews; thestreet; annuity_org,personal-finance; retirement; investing; markets,,,,Bachelor's@University of Massachusetts,20,"Palmas del Mar, Puerto Rico / Bucks County, PA",,,,,https://www.kiplinger.com/author/brian-o-connell,,,WSJ; Forbes,CBS News; Fox News,The 401k Millionaire; CNBC's Creating Wealth,,,,,,,,,L1 + Rule A WebSearch (kiplinger.com 404 on /brian-oconnell → /brian-o-connell),,"Former Wall Street bond trader turned financial journalist with 20+ years of experience covering business news and trends. Author of two books: 'The 401k Millionaire' and 'CNBC's Creating Wealth'. Has written for TheStreet.com, CBS News, The Wall Street Journal, U.S. News & World Report, Forbes, Fox News and others. Contributing writer to U.S. News & World Report since 2016. Current Kiplinger work blends rigorous financial analysis with global-lifestyle retirement coverage. Graduate of the University of Massachusetts. Resides in Palmas del Mar, Puerto Rico (winters) and Bucks County, Pennsylvania."
david-jensen-cfa-seekingalpha,"David Jensen, CFA",A,93,73,27,"Contributor — Seeking Alpha / Principal, Jensen Strategic",contributor,active,,Seeking Alpha,seekingalpha,T2,88,8,2,seekingalpha; gold-eagle,investing; markets; equity,CFA,CFA,n,,20,,,,,https://jensendavid.substack.com/,https://seekingalpha.com/author/david-jensen-cfa,,,,,,,,,,,,true,,L7 WebSearch (seekingalpha 403) + Rule A + Substack,,"Mining analyst and precious metals expert with close to two decades of experience in the mining industry. Currently President and COO of a private mining company and provides strategic, operational, risk assessment and precious metals consulting services through Jensen Strategic. Publishes 'Jensen's Economic, Precious Metals, & Markets Newsletter' on Substack (tens of thousands of subscribers). Contributor to Seeking Alpha and Gold-Eagle covering gold, silver, palladium and structural issues in precious metals markets including LBMA dynamics."
carrie-kirby-coindesk,Carrie Kirby,A,90,69,31,Contributor — Freelance Bay Area Reporter,contributor,active,,CoinDesk,coindesk,T2,89,5,4,coindesk; sfchronicle; chicagotribune; sfmag,crypto; bitcoin; tech; personal-finance,,,,,20,"San Francisco Bay Area, California, United States",https://www.linkedin.com/in/carrie-kirby-2732775/,,,https://themilesmom.com,https://www.coindesk.com/author/carrie-kirby,,,San Francisco Chronicle; Chicago Tribune,,,,,,,,,themilesmom.com,,websearch_fallback (coindesk 403 → Rule A recovery),,"Bay Area freelance reporter with years of experience writing about technology. Helped cover the dot-com boom and bust for the San Francisco Chronicle. Now contributes to the Chronicle, Chicago Tribune, San Francisco magazine, and other publications including CoinDesk. Specialties include travel on miles and points, personal finance, saving money, and tech. Runs The Miles Mom blog focused on helping moms save money and car-free living."
sean-williams-fool,Sean Williams,A,89,65,37,Contributing analyst — The Motley Fool (Financial sector),contributor,active,,Motley Fool,fool,T1,90,3,5,fool; msn; usatoday; time; yahoo-finance,stocks; investing; finance,,,,,27,,,,https://muckrack.com/sean-williams-12,,https://www.fool.com/author/1813/,,,The Guardian; USA Today; TIME,,,,,,,15000,,,,L7 + Rule A,,"Data-driven Motley Fool contributing analyst. 27+ years investing experience; author of 15,000+ articles. Specializes in the Financial sector; covers 1,273 stocks. Syndicated at The Guardian, Business Insider, MSN, USA Today, Yahoo News, TIME. Avid fantasy-football fan per public profile."
ann-logue-thebalancemoney,Ann Logue,A,89,66,35,Contributor — Investing writer,contributor,active,,The Balance,thebalancemoney,T2,84,2,3,thebalancemoney; barrons; britannica,investing; day-trading; markets; sri,CFA; MBA,CFA,n,BA Economics@Northwestern University; MBA Finance@University of Chicago Booth School of Business,22,"Chicago, IL, USA",,,,https://annlogue.com,https://www.thebalancemoney.com/ann-logue-5196187,,,Barron's,,Day Trading for Dummies (Wiley 2007; 5e 2024); Hedge Funds for Dummies (Wiley 2006; 2e 2023); Socially Responsible Investing for Dummies (Wiley 2009); Emerging Markets for Dummies (Wiley 2010); Options Trading (Alpha 2016; 2e Penguin 2023),,,,,,y,annlogue.com,,,,"Ann C. Logue, MBA, CFA — writer specializing in business and finance with 22+ years of experience. Worked for 12 years as an investment analyst. MBA in Finance from the University of Chicago Booth School of Business; BA in Economics from Northwestern University. Former Fulbright-García Robles U.S. Studies Chair at the Universidad de Guadalajara; part-time finance instructor at the University of Illinois at Chicago. Author of five Wiley/Penguin books including Day Trading for Dummies (1e 2007, 5e 2024), Hedge Funds for Dummies, Socially Responsible Investing for Dummies, Emerging Markets for Dummies, and Options Trading. Bylines include Barron's, Entrepreneur, and InvestHedge. Writes the newsletter 'The Whatever Years' on money, caregiving, and culture for Generation X."
nick-marinoff,Nick Marinoff,A,88,63,39,Staff Writer — Bitcoin Magazine / Lead News Writer & Editor — Money & Tech,staff,active,,Bitcoin Magazine,bitcoinmagazine,T2,78,4,8,bitcoinmagazine; livebitcoinnews; moneyandtech; bitcoinist; newsbtc; 99bitcoins; decrypt; cryptoslate,crypto; bitcoin; blockchain,,,,,11,"San Francisco, USA",,,https://muckrack.com/nick-marinoff,,https://bitcoinmagazine.com/authors/nick-marinoff,,,,,[object Object],,,,,,,,,"L5.5-direct + Rule A (bio sparse on page, expanded via WebSearch)",,"Writer, author and journalist covering cryptocurrency since 2014. Currently lead news writer and editor for Money & Tech (San Francisco-based digital currency broadcasting station). Staff writer at Bitcoin Magazine (147+ posts) and Live Bitcoin News. Work published in Yahoo Finance, Nasdaq, SiliconANGLE, Bitcoinist, NewsBTC, 99 Bitcoins, Decrypt, CryptoSlate, Coin Journal, Benzinga. Published e-book ""Take a 'Loan' Off Your Shoulders: 14 Simple Tricks for Graduating Debt Free"" (Amazon)."
daniel-franke,Daniel Franke,A,88,69,28,Founder and Operator — Brokervergleich.de / Franke-Media.net,chief,active,,Brokervergleich,brokervergleich,T3,58,0,2,brokervergleich; franke-media,investing; banking; savings; personal-finance,,,,BWL (Business Administration)@University of Leipzig; BWL (Business Administration)@FernUniversität Hagen,25,Germany,,https://twitter.com/franke_media,,https://www.franke-media.net/,https://www.brokervergleich.de/ueber-uns/daniel-franke/,,,Welt; WiWo; Capital; Bild,,,,,,,,,"brokervergleich.de, franke-media.net",,L5.5-direct + Rule A,,"Founder of Brokervergleich.de (2011) and Franke-Media.net (2005). BWL (Business Administration) studies at University of Leipzig and FernUniversität Hagen. Spent years in mid-market roles including controlling and procurement before full engagement with financial products from early 2000s. Conducts comprehensive annual online broker test with 100+ criteria since 2012. Recognized as 'Top Performing Publisher' at OmfinCon 2019. Frequently quoted in German tier-1 press: Welt, WiWo, Capital, Bild, der-bank-blog, dasinvestment, capital.de, finanzbusiness."
edward-sheldon-goodmoneyguide,Edward Sheldon,A,88,70,26,Investment Writer — Good Money Guide,senior,active,,Good Money Guide,goodmoneyguide,T4,48,0,1,goodmoneyguide,investing; stocks; equity,CFA; IMC,CFA; IMC,n; n,Commerce degree@University of Melbourne,15,"London, United Kingdom",https://www.linkedin.com/in/edward-sheldon-cfa-a6a36359/,https://twitter.com/edwardsheldon7,,,https://goodmoneyguide.com/author/edwardsheldon-1/,,,,,,,,500+,2026-04-16,,,,,L5.5-direct,,"London-based investment writer with 15+ years of experience in private wealth management and institutional asset management across the UK and Australia. Sought-after investment expert whose analyses have been featured on major financial platforms including BlackRock, Credit Suisse, WisdomTree, Motley Fool, eToro and CMC Markets."
lyn-alden-modestmoney,Lyn Alden Schwartzer,A,86,64,35,"Contributor — Founder, Lyn Alden Investment Strategy",contributor,active,,Modest Money,modestmoney,T3,50,2,4,modestmoney; seekingalpha; elliottwavetrader; lynalden,investing; markets; equity; bitcoin; crypto,,,,BS Electrical Engineering@Penn State University; MSc Engineering Management@Rowan University,16,"New Jersey, United States",https://www.linkedin.com/in/lynalden/,https://x.com/LynAldenContact,,https://www.lynalden.com/,https://www.modestmoney.com/author/lynalden/,,,Seeking Alpha; ElliottWaveTrader,Bitcoin Conference (speaker),Broken Money,,,,,,y,lynalden.com,,"L7-websearch (modestmoney 403 → Rule A full recovery, Wikipedia confirmed)",,"American investment strategist, founder of Lyn Alden Investment Strategy (2016), and General Partner at Ego Death Capital since 2022. One of today's leading macro strategists, combining fundamental investing principles with a global macroeconomic perspective — focuses on currency dynamics, monetary policy, equity valuations, and digital assets. From 2009 to 2021 she was an electrical engineer and later head engineer/system integrator at the Federal Aviation Administration's Cockpit Simulation Facility before leaving to focus full-time on investment research. Known for Bitcoin analysis and advocacy; frequent Bitcoin Conference speaker."
richard-berry-goodmoneyguide,Richard Berry,A,85,68,25,Founder / Managing Director,chief,active,,Good Money Guide,goodmoneyguide,T4,48,0,1,goodmoneyguide,stocks; forex; cfd; investing; broker-safety,,,,,24,"Mayfair, London, United Kingdom",https://www.linkedin.com/in/richardberryuk/,https://twitter.com/GoodMoneyGuide,,https://goodmoneyguide.com,https://goodmoneyguide.com/author/richard-berry/,,,FT; Sunday Times; Yahoo Finance; Business Insider,,,,,500+,2026-04-16,,,goodmoneyguide.com,,,,"Founder and Managing Director of Good Money Guide (established 2015, originally Good Broker Guide) with 20+ years of brokerage-sector expertise. Career in derivatives and stockbroking: Investors Intelligence (broker), MF Global / Man Financial (multi-asset derivatives broker), Walker Crips (private client stockbroker), and Phillip Securities — now King and Shaxson — (private client stockbroker). Early career: NYMEX oil trading floor internship (New York, 2001) and London IPE internship (2000). Featured/quoted in The Sunday Times, Business Insider, Yahoo Finance, Master Investor, Wealth Briefing, iNews, and The FT. Registered office: Mayfair, London (11 Old Bond Street). Operating entity RJBCO Ltd (company no. 07134687)."
dmitri-chavkerov,Dmitri Chavkerov,A,84,64,31,Founder / CEO — Forex Peace Army,chief,active,,Forex Peace Army,forexpeacearmy,T3,60,6,1,forexpeacearmy,forex; broker-safety; trading-education,,,,,20,,,,,https://www.fxpeacearmy.com/,https://www.forexpeacearmy.com/community/pages/dmitri-chavkerov-forex/,,,WSJ; Bloomberg; Reuters; CNBC; Boston Globe,,,,,,,,,forexpeacearmy.com,,seed-note + Rule A WebSearch (no verifiable LinkedIn),,"Founder and CEO of Forex Peace Army, one of the largest foreign-exchange review websites and information portals globally, dedicated to investigating and exposing scams in the forex industry. Launched ForexDiamonds.com in 2006 sharing personal trading entries/exits (>100% annual return reported). In 2007 declined offers to manage USD 500M at Kingz Fund and two separate USD 100M private-equity mandates. In November 2007 acquired ForexPeaceArmy.com and rebuilt it around structured scam investigations and dispute resolution between traders and brokers; now lists over 3,000 forex websites. Trades own capital and provides private investment consulting to HNW clients and trading firms."
darren-sinden,Darren Sinden,A,81,65,25,Market Analyst / Editor,editor,active,,Good Money Guide,goodmoneyguide,T4,48,0,1,goodmoneyguide,forex; cfd; stocks; markets,,,,,35,United Kingdom,https://www.linkedin.com/in/darren-sinden-20018245/,https://twitter.com/fatdaz,,,https://goodmoneyguide.com/author/darrensinden-1/,,,Bloomberg; CNBC; Reuters,Bloomberg UK; CNBC UK; Reuters UK; Tiptv; BNN Canada; Asharq Bloomberg Arabia,,,,,,,,,,,,"Editor & Financial Analyst at Good Money Guide with 35 years of experience across trading, sales, analytics and research in financial markets. Expertise: currency, CFDs, equities, derivatives. 260+ published guides. Media appearances: Bloomberg (UK), CNBC (UK), Reuters (UK), Tiptv, BNN (Canada), Asharq Bloomberg Arabia. Prior roles: Market Research & Client Relationships Manager at Admiral Markets UK; Market Analyst at Pepperstone. Advised GLG, Thames River, Ruby Capital, CQS, Dresdner Kleinwort, HSBC."
justin-freeman,Justin Freeman,A,81,64,26,Equities Trader / Contributor — AskTraders,contributor,active,,AskTraders,asktraders,T3,52,1,1,asktraders,stocks; cfd; day-trading; forex,IMC; FCA CF27,Investment Management Certificate (IMC); FCA Approved Investment Manager (CF27),n; n,Economics and Modern Economic History@University of Birmingham,20,United Kingdom,https://www.linkedin.com/in/justin-freeman-2a6935b,https://twitter.com/JustinFreeman18,,,https://www.asktraders.com/our-contributors/justin-freeman/,,,,,,,,,,,,,fca_approved_cf27,L5.5-direct + Rule A,,"Active trader with 20+ years in financial markets. Roles at Citigroup, D.E. Shaw, and Millennium Capital Management — trader on $750m gross-exposure desk, Chief Risk Officer, COO of several hedge funds. Strategies: stat-arb, trend-following CTA, event-arbitrage, fixed-income relative value. Joined AskTraders July 2021."
anna-coulling,Anna Coulling,A,81,64,27,Contributor / Director Quantum Trading,contributor,active,,FXEmpire,fxempire,T2,73,2,4,fxempire; investing-com; talkmarkets; moneyshow,forex; day-trading; trading-education; futures,,,,,20,United Kingdom,,,,https://www.annacoulling.com/,https://www.fxempire.com/author/annacoulling,annacoulling@fxempire.com,y,,,A Complete Guide To Volume Price Analysis,,,,,,,annacoulling.com,,,"L5.5 success. Book author, own domain, 20+yrs. LinkedIn not publicly found via Rule A — Twitter null also. Email plain observed. needsManualReview=false given strong other signals.",Trader and investor with 20+ years experience. Began trading career in London trading FTSE100 futures through LIFFE exchange. Has traded virtually every market and instrument. Creator of the Volume Price Analysis (VPA) methodology — her book 'A Complete Guide to Volume Price Analysis' is a No.1 Best Seller in the Amazon International Foreign Exchange category. Director of Quantum Trading Limited. Writes and publishes articles for UK and international publications. FXEmpire contributor.
matt-koppenheffer,Matt Koppenheffer,A,78,60,30,Former Head of Coverage Team (2012-2025),former,former,,Motley Fool,fool,T1,90,3,1,fool,investing; stocks; ai,,,,,13,"Greenville-Spartanburg-Anderson, South Carolina, USA",https://www.linkedin.com/in/matt-koppenheffer-316b841/,https://twitter.com/KoppTheFool,https://muckrack.com/KoppTheFool,,https://www.fool.com/author/1496/,,,Financial Times; New York Times; Toronto Star; Focus Money,CNBC; NPR,The Astonishing Collapse of MF Global,,,,,,,,,,Input authorUrl null; Rule A recovered official Fool author URL + LinkedIn + Twitter + MuckRack + book.,"Former full-time Motley Fool employee 2012-2025. Wrote for Fool.com, built Fool.de (Motley Fool Germany) from the ground up as chief, and most recently led AI content initiative. Co-author of 'The Astonishing Collapse of MF Global'. Creator and former co-host of Motley Fool's Industry Focus podcast. Views cited in FT, NYT, Toronto Star, Focus Money (Germany). Analysis appearances on CNBC and NPR."
ariana-arghandewal-moneyunder30,Ariana Arghandewal,A,78,59,32,"Contributor — MoneyUnder30 (founder, Pointchaser)",contributor,active,,Money Under 30,moneyunder30,T2,75,1,8,moneyunder30; bankrate; nerdwallet; fortune; thepointsguy; lonelyplanet; business_insider; slickdeals,personal-finance; credit; financial-journalism,,,,,13,,,,,https://www.pointchaser.com/,https://www.moneyunder30.com/author/ariana-arghandewal,,,,,,,,,,,,pointchaser.com,,L1 + Rule A (authorUrl 404),,"Travel-rewards expert and founder of award-winning blog Pointchaser. 13+ years writing about personal finance and travel rewards for Bankrate, NerdWallet, Fortune, Business Insider, Lonely Planet, The Points Guy, MoneyUnder30, and SlickDeals. Previously editor at The Points Guy, NerdWallet, and FlyerTalk. Focus on points, miles, rewards credit cards, travel credit cards."
iain-davis,Iain Davis,A,76,60,26,"Independent investigative journalist, author & blogger",contributor,active,,Bitcoin Magazine,bitcoinmagazine,T2,78,4,5,bitcoinmagazine; unlimitedhangout; ukcolumn; corbettreport; offguardian,bitcoin; financial-journalism; regulation,,,,,,"Portsmouth, UK",,,https://muckrack.com/iain-davis,https://iaindavis.com,https://bitcoinmagazine.com/authors/iain-davis,,,,,A Dangerous Ideology (2018); Pseudopandemic (2021); The Manchester Attack (2024); The Technocratic Dark State,,,,,,,true,,L1_known + Rule A,,"UK-based independent investigative journalist, author and blogger, from Portsmouth. Contributor to Bitcoin Magazine, Unlimited Hangout, Geopolitics & Empire, UK Column, the Corbett Report, and OffGuardian. Published 'A Dangerous Ideology' (2018), 'Pseudopandemic' (2021), 'The Manchester Attack' (2024), and 'The Technocratic Dark State' (Papercut Publishing). Maintains personal site iaindavis.com and Substack."
bob-haegele-modestmoney,Bob Haegele,A,74,56,32,Freelance Personal Finance Writer — The Frugal Fellow,contributor,active,,Modest Money,modestmoney,T3,50,2,6,modestmoney; thefrugalfellow; wsj; businessinsider; forbesadvisor; time,personal-finance; investing; credit; savings; banking,,,,BA Information Technology@Marquette University,8,"Chicago, Illinois, United States",https://www.linkedin.com/in/rwhaegele/,,https://muckrack.com/bobhaegele,https://www.thefrugalfellow.com/,https://www.modestmoney.com/author/thefrugalfellow/,,,WSJ; Forbes,,,,,,,,,true,,L7-websearch + Rule A (modestmoney 500),,"Freelance personal finance writer and content creator. Founder of The Frugal Fellow (March 2018), a blog focused on frugal living and saving money. 7+ years producing research-backed copy on fintech, SMB, B2B and AI topics; has built a six-figure freelance career writing for WSJ, Business Insider, Forbes Advisor and TIME.com. Also publishes on Modest Money."
leslie-truex-thebalance,Leslie Truex,A,73,58,26,Home Business Expert (former About.com / The Balance Small Business),contributor,active,,The Balance,thebalancemoney,T2,84,2,1,thebalancemoney,personal-finance,,AFAA Certified Fitness Instructor,n,"BA Psychology@Willamette University; Master of Social Work@California State University, Sacramento",25,,https://www.linkedin.com/in/leslietruex/,,,https://leslietruex.com/,https://www.thebalancemoney.com/leslie-truex-bio-1794061,,,,,The Work-At-Home Success Bible; Digital Writer Success: How to Make a Living Blogging; Jobs Online: How to Find and Get Hired to a Work-At-Home Job,,,500+,2026-04-16,,,leslietruex.com,,L1 + Rule A WebSearch,"Marginal fit — home business / work-at-home focus, not investing/markets","Online entrepreneur, author and speaker. Started WorkAtHomeSuccess.com in 1998. Was home business expert at About.com (now Dotdash Meredith / The Balance Small Business). Articles have appeared in Entrepreneur, Personal Branding Blog, Business 2 Community and Weekand. Author of 'The Work-At-Home Success Bible', 'Digital Writer Success: How to Make a Living Blogging' and 'Jobs Online: How to Find and Get Hired to a Work-At-Home Job', plus a dozen romance/mystery novels under a pen name. Certified fitness instructor (AFAA) since 2001."
tim-worstall,Tim Worstall,A,69,51,36,Contributor — AskTraders / Senior Fellow Adam Smith Institute,contributor,active,,AskTraders,asktraders,T3,52,1,2,asktraders; forbes,markets; finance; financial-journalism; equity,,,,,20,,,,,https://www.timworstall.com/,https://www.asktraders.com/our-contributors/tim-worstall/,,,WSJ; The Times; Forbes; NYT; The Guardian,,[object Object]; [object Object]; [object Object]; [object Object],,,,,,y,timworstall.com,,L5.5-direct + Rule A,,"British-born writer and blogger, Senior Fellow of the Adam Smith Institute. Writes on environmentalism and economics, particularly corporate tax; contributions appear in the business press. Blogs at TimWorstall.com, the Adam Smith Institute blog, and Forbes. Has written for The Guardian, CapX, The Times, and The Wall Street Journal. Wholesaler of rare earth metals and one of the global experts in the metal scandium. Freelance writer specialising in economics and financial markets — work has appeared in most of the British press from The Times to the Daily Sport as well as the New York Times, Wall Street Journal, and Forbes. AskTraders contributor since November 2021 (939+ posts)."
john-delia,John Delia,A,51,41,25,Real Estate Investor & Contributor — Modest Money,contributor,active,,Modest Money,modestmoney,T3,50,2,4,modestmoney; huffpost; investing; bbc,housing; investing; personal-finance,,,,City and Regional Planning@The Ohio State University,10,"Columbus, OH (origin: East Hills, NY), USA",,,,,https://www.modestmoney.com/author/johndelia/,,,BBC,BounceTV,[object Object],,,,,,,,,L7-websearch + Rule A,"Multiple omonymous John Delias on LinkedIn (Keller Williams RE agent, Publicist/Writer, John Delia Jr); none confirmed as Modest Money author. R11 — kept null.","Dealmaker, entrepreneur, and strategist with almost 10 years as a millennial real estate investor. Raised, managed, and exited a $300K+ real estate investment fund by age 25; currently manages a $1M real estate portfolio. Studied City and Regional Planning at The Ohio State University; started his own investment firm at age 21. Originally from East Hills, NY; now based in Columbus, OH. Authored 'Life, Liberty n' Property: A guide to successful real estate investing' (2017). Featured in BBC News, Huffington Post, Investing.com, BounceTV. Runs a Strategic Marketing + Advertising Agency alongside his RE activities."
molly-jane-zuckerman,Molly Jane Zuckerman,B,122,98,24,Content Manager / Writer (former CoinMarketCap),editor,former,,CoinMarketCap,coinmarketcap,T1,91,6,4,coinmarketcap; cointelegraph; blockworks; decrypt,crypto; bitcoin; blockchain; financial-journalism,,,,"MSc Russian Political Science@King's College, London",6,,https://ru.linkedin.com/in/molly-jane-zuckerman-6b824a72,https://twitter.com/MollyJZuckerman,https://muckrack.com/mollyjzuckerman,https://www.mollyjanezuckerman.com/,https://coinmarketcap.com/academy/author/molly-jane-zuckerman,,,,Cointelegraph YouTube,Rex Stout Does Not Belong In Russia: Exporting the Detective Novel,,,,,,,mollyjanezuckerman.com,,,"L5.5 success — personal site, Twitter, book confirmed on-page. Former CMC per bio. Cross-outlet author (4 outlets).","Former Content Manager at CoinMarketCap (now 'no longer affiliated'). Started writing about crypto in January 2018 (~6+ years experience). Previously Head of News at Cointelegraph, where she also managed a team of editors/writers and anchored the Cointelegraph YouTube channel. Has written for Decrypt and Modern Consensus. Now builds the Opinions section at Blockworks and serves as Secretary of the Association of Cryptocurrency Journalists and Researchers (ACJR). MSc Russian Political Science from King's College, London. Author of book 'Rex Stout Does Not Belong In Russia: Exporting the Detective Novel'. Has interviewed the Winklevoss twins, former CFTC Commissioner J. Christopher Giancarlo and Binance's CZ."
greg-bartalos,Greg Bartalos,B,120,97,24,"Editor-in-Chief, Barron's Wealth & Asset Management Group",chief,active,,Barron's,barrons,T2,88,3,3,barrons; barrons-advisor; institutional-investor,markets; investing; personal-finance,,,,,,"New York City Metropolitan Area, USA",https://www.linkedin.com/in/gregbartalos/,,https://muckrack.com/greg-bartalos,,,,,Barron's; Bloomberg; Yahoo Finance; Institutional Investor,,,,3300,500+,2026-04-16,,,,,L7,,"Editor-in-Chief of Barron's Wealth & Asset Management Group at Dow Jones (since July 2021). Hosts The Way Forward podcast on wealth management. Previously launched RIA Intel at Institutional Investor, providing vital news on registered investment advisors. Extensive writing/editing experience at Barron's, Bloomberg, Yahoo Finance, and Institutional Investor. Based in New York City Metropolitan Area."
greg-michalowski,Greg Michalowski,B,119,96,24,Director of Technical Analysis & Client Education — ForexLive / InvestingLive,chief,active,,ForexLive,forexlive,T2,78,3,2,forexlive; investinglive,forex; interbank-fx; trading-education,,,,,30,"Scottsdale, Arizona, USA",https://www.linkedin.com/in/greg-michalowski-5201ba9,https://twitter.com/gregmikeFX,https://muckrack.com/greg-michalowski,,https://www.investinglive.com/author/greg-michalowski,,,,,Attacking Currency Trends,,,,,,,,,L1 WebFetch aggregate + Rule A,,"30 years in foreign exchange markets. Currently Director of Technical Analysis and Client Education at ForexLive / InvestingLive. Previously chief currency and trading analyst at FXDD for 13 years. Earlier career: 6 years at Citibank NY (AVP, treasury/funding trader), 4 years at Citibank London (VP, interest rate derivatives trader), 5 years at Credit Suisse First Boston NY (VP, banks funding trader), and 2 years at Tradition NA leading technology projects for the global interbank brokerage firm. Author of 'Attacking Currency Trends' (4.7/5 on Amazon), one of the highest rated forex trading books."
ana-paula-pereira,Ana Paula Pereira,B,118,97,22,Staff Editor & Senior Writer,editor,active,,Cointelegraph,cointelegraph,T2,89,7,4,cointelegraph; forbes; folha; valor-economico,crypto; finance; regulation,,,,,15,Brazil / US,https://www.linkedin.com/in/anapaulapereira-/,https://twitter.com/apaulapr,,,https://cointelegraph.com/authors/ana-paula-pereira,anapaula.pereira@cointelegraph.com,y,,,,,,,,,,,,,,"Staff editor and senior writer at Cointelegraph. Previously US Editor. 15+ yrs reporting finance and crypto in Brazil and US. ex-Forbes, Folha de S.Paulo, Valor Econômico."
omkar-godbole,Omkar Godbole,B,117,100,17,"Co-Managing Editor, Markets",chief,active,,CoinDesk,coindesk,T2,89,5,2,coindesk; fxstreet,crypto; markets; forex; bitcoin,CMT,CMT (Chartered Market Technician),n,"MMS Finance (Master's in Management Studies, Finance)@",,India,https://in.linkedin.com/in/omkargodbole17,https://twitter.com/godbole17,https://muckrack.com/omkar-godbole,,https://www.coindesk.com/author/omkar-godbole,,,,,,,,,,,,,,,"CoinDesk 403 (F1); Rule A success — LinkedIn + Twitter + MuckRack + CMT confirmed, outlet in first 3 results.","Co-Managing Editor and analyst on CoinDesk's Markets team, covering crypto options and futures plus macro and cross-asset activity since 2019. Prior experience in directional and non-directional derivative strategies at brokerage firms. Extensive FX background as a fundamental analyst at currency and commodities desks for Mumbai-based brokerages and FXStreet. Speaker at Consensus Hong Kong 2025 and 2026."
andy-sharp-nikkei,Andy Sharp,B,117,96,22,Opinion Editor — Nikkei Asia,editor,active,,Nikkei Asia,nikkei_asia,T2,87,0,2,nikkei_asia; bloomberg,markets; financial-journalism; tech,,,,,15,"Tokyo, Japan",https://www.linkedin.com/in/andrew-sharp-96361bb/,https://x.com/sharp_writing,https://muckrack.com/andysharp,,https://muckrack.com/andysharp,andrew.sharp@nex.nikkei.com,y,Bloomberg; Nikkei,,,,,,,,,,,L9 + Rule A,,"British journalist based in Tokyo. Opinion Editor at Nikkei Asia (7+ years at the outlet), previously commissioning and writing political and economic articles from across Asia. Prior role at Bloomberg's Tokyo bureau as correspondent and editor. Experienced in news writing, translation, headline writing, breaking news, and business journalism."
rachel-rickard-straus,Rachel Rickard Straus,B,116,96,21,"Money Editor — Daily Mail & Mail on Sunday (formerly Assistant Editor, This Is Money)",editor,active,,This is Money,thisismoney,T2,86,3,4,thisismoney; dailymail; mailonsunday; moneywise,personal-finance; savings; banking; investing,,,,,,"London, UK",https://uk.linkedin.com/in/rachel-rickard-straus-02732153,https://twitter.com/rachel_spike,https://muckrack.com/rachel-rickard-straus,,,,,Daily Mail; Mail on Sunday,,,,,,,,,,,L1 + Rule A WebSearch (no author page; Muck Rack + LinkedIn recovered),,"Money Editor at The Daily Mail and The Mail on Sunday (promoted April 2023). Previously Deputy Personal Finance Editor at The Mail on Sunday (from 2020) and Editor at Moneywise (from September 2018). At the time of seeding, held Personal Finance Editor / Assistant Editor role at MailOnline's Money channel, This Is Money. Covers UK personal finance, savings, mortgages, pensions."
daniel-howley-yahoofinance,Daniel Howley,B,116,100,16,Tech Editor — Yahoo Finance,editor,active,,Yahoo Finance,yahoofinance,T1,96,0,2,yahoofinance; engadget,tech; markets; financial-journalism; ai,,,,,15,,https://www.linkedin.com/in/daniel-howley-0b117712,https://x.com/DanielHowley,https://muckrack.com/danielhowley,,https://muckrack.com/danielhowley,dhowley@yahoofinance.com,y,,,,,,500+,2026-04-16,,,,,L9 + Rule A (muckrack 403 → WebSearch recovery),,"Eddie & Ozzie award-winning tech editor at Yahoo Finance. Joined Yahoo as a tech reporter in 2014, moved to Yahoo Finance in 2017. Began covering tech in 2011 as a writer for Laptop Magazine reviewing laptops and smartphones. Reports on Big Tech including chip wars, AI, antitrust and more. Also listed as Technology Editor at Engadget."
kate-dore-cnbc,"Kate Dore, CFP, EA",B,116,96,21,Personal Finance Reporter,senior,active,,CNBC,cnbc,T1,93,2,1,cnbc,personal-finance; taxes; investing; retirement,CFP; EA,CFP (Certified Financial Planner); EA (Enrolled Agent),n; n,,,"Nashville, TN, USA",https://www.linkedin.com/in/katedore,https://x.com/katedore,https://muckrack.com/kate-dore,,https://www.cnbc.com/kate-dore/,Kate.Dore@cnbc.com,y,,NBC news platforms (on-air guest),,,,,,,,,,L9 + Rule A WebSearch (muckrack 403),,"Personal finance reporter for CNBC.com covering taxes, investing and retirement planning. Joined CNBC in April 2021. Work has appeared across NBC's news platforms and she has been an on-air guest in several markets for the network. Certified Financial Planner (CFP) and Enrolled Agent (EA). Based in Nashville, Tennessee."
stephen-graves,Stephen Graves,B,115,100,15,Special Projects Editor — Decrypt,editor,active,,Decrypt,decrypt,T2,82,5,3,decrypt; stylus; stuff,crypto; blockchain; sponsored-content; trading-education,,,,,,United Kingdom,https://uk.linkedin.com/in/stephengraves1,https://twitter.com/stephengraves,https://muckrack.com/stephengraves,https://stephengraves.co.uk/,https://decrypt.co/author/stephengraves,stephen@decrypt.co,y,,,,,,,,,,stephengraves.co.uk,,direct_team_page + Rule A,,"Special Projects Editor at Decrypt — oversees sponsored content, Learn section, and other special editorial and commercial projects at the crypto/Web3/blockchain publication. Previously contributed to Stylus, Stuff, and LS:N Global. Also a director of short films including The Dead of Winter (premiered at Frightfest). Discloses holdings of BTC and SCRT; recuses from writing or editing stories about SCRT."
will-canny,Will Canny,B,115,94,22,"Senior Reporter — Markets/Finance, CoinDesk",senior,active,,CoinDesk,coindesk,T2,89,5,2,coindesk; fortune,crypto; markets; financial-journalism,,,,MA International Relations@University of East Anglia; BA Philosophy & Politics@University of East Anglia,15,,https://www.linkedin.com/in/will-canny-b787587/,https://x.com/willcanny99,https://muckrack.com/william-canny,,https://www.coindesk.com/author/will-canny,,,Bloomberg,,,,,,,,,,,websearch_fallback (CoinDesk 403) + Rule A,,"Senior Reporter at CoinDesk (since July 2021) covering the crypto markets beat. Previously Senior Markets Reporter at Bloomberg LP (Jan 2016 – Jan 2021) and City Correspondent at Financial News. Earlier financial-services career: Sales Trader at North Square Blue Oak and GFI Group, Consultant at MSB Finance, Futures Trader at Industrial Bank of Japan. MA International Relations and BA Philosophy & Politics from University of East Anglia."
camille-bas-wohlert-barrons,Camille Bas-Wohlert,B,115,95,21,Reporter (AFP) — contributor syndicated to Barron's,staff,active,,Barron's,barrons,T2,88,3,4,barrons; fortune; timesofisrael; moscowtimes,markets; finance; financial-journalism,,,,,,"Copenhagen, Denmark",https://www.linkedin.com/in/cbaswohlert/,https://x.com/baswohlert,https://muckrack.com/camille-bas-wohlert,,,copenhagen@afp.fr,y,Barron's; Fortune,,,,,500+,2026-04-16,,,,,,,"French-Swedish journalist at Agence France-Presse (AFP), based in the Copenhagen bureau. Covers Denmark and southern Sweden — public health, political events, cultural and economic issues across Northern Europe. AFP wire copy is syndicated by Barron's, Fortune, The Moscow Times, and The Times of Israel."
danny-nelson,Danny Nelson,B,114,97,18,Managing Editor (Data & Tokens) — CoinDesk (current: Bitwise Asset Management),editor,active,,CoinDesk,coindesk,T2,89,5,5,coindesk; fortune; yahoo; huffpost; marketsinsider,crypto; regulation; us-laws; blockchain,,,,"Undergraduate (investigations lead, Tufts Daily)@Tufts University",,USA,https://www.linkedin.com/in/daniel-nelson/,https://x.com/realdannynelson,https://muckrack.com/emdash,,https://www.coindesk.com/author/danny-nelson,,,,,,,,379,2026-04-16T00:00:00Z,,,,,websearch_fallback + Rule A,LinkedIn shows Bitwise Asset Management as current employer — role transitioned. Kept CoinDesk as primary writesFor outlet (where publications appeared) per R12.,"Managing editor at CoinDesk overseeing the data and governance team. Three years as reporter covering CBDC policy, securities law, meme tokens, DAO voting and the Solana ecosystem. Broke major FTX/Alameda Research reporting including coverage of balance sheet issues in November 2022. Former investigations lead for Tufts Daily. Per LinkedIn, currently at Bitwise Asset Management (transitioned from CoinDesk editor role). Published at Fortune, Yahoo Entertainment, HuffPost, Markets Insider."
aoyon-ashraf,Aoyon Ashraf,B,114,97,18,Global Head of News — CoinDesk,chief,active,,CoinDesk,coindesk,T2,89,5,2,coindesk; bloomberg,crypto; bitcoin; markets; defi,,,,BSc Mining Engineering@University of Toronto,10,Canada,https://www.linkedin.com/in/aoyon-ashraf-54857319/,,https://muckrack.com/aoyon_a,,https://www.coindesk.com/author/aoyon-ashraf,,,Bloomberg,,,,,,,,,,,"websearch_fallback + Rule A (coindesk 403, recovered; seed role hint was 'reporter', actual role is Global Head of News per LinkedIn+TheOrg)","ROLE_UPGRADED: seed said 'Reporter, Prediction Markets/DeFi' but confirmed role is Global Head of News.","Global Head of News at CoinDesk, responsible for all editorial content and strategies. Spent almost a decade at Bloomberg covering equities, commodities and tech. Prior to journalism, worked on the sell-side financing small-cap companies. Graduated from University of Toronto with a degree in mining engineering. Named one of Top 5 Bitcoin Mining Journalists of 2023 by Hashrate Index. Speaker at Consensus 2025."
lee-boyce,Lee Boyce,B,114,96,19,"Editor, This is Money / Mail Online Money",editor,active,,This is Money,thisismoney,T2,86,3,2,thisismoney; dailymail,personal-finance; banking; savings; investing; consumer,,,,,15,United Kingdom,https://www.linkedin.com/in/lee-boyce-0037175a/,https://x.com/lee_boyce,https://muckrack.com/lee-boyce,,https://muckrack.com/lee-boyce,,,,,,,1256,,2026-04-16,,,,,,L1 Rule A — LinkedIn + X + Muck Rack cross-verified. Promotion ladder confirmed on Sophie Hicks Agency profile.,"Editor of This is Money and Mail Online money, and an author. Promoted to Consumer Affairs Editor in summer 2015 for Mail Online and its money channel This is Money, then promoted to Assistant Editor / Personal Finance Editor in August 2018, overseeing a team of journalists and developing story ideas covering personal finance and consumer affairs. Won 'Consumer Advice Article of the Year' at the 2013 Unbiased awards. Stars in a weekly national radio show on Share Radio packaged as a podcast. Also runs the social media for This is Money."
adrian-lowery,Adrian Lowery,B,113,93,22,Deputy Editor — This is Money (columnist); current: Senior Media Relations Manager at Evelyn Partners,editor,active,,This is Money,thisismoney,T2,86,3,3,thisismoney; dailymail; theipaper,personal-finance; investing; markets; banking,,,,,20,United Kingdom,https://www.linkedin.com/in/adrian-lowery-1107a713/,,https://muckrack.com/adrian-lowery,,,,,,,,,,,,,,,,L1 + Rule A,,"Online Deputy Editor at This is Money (thisismoney.co.uk), overseeing business and financial news coverage and homepage updates. Work has appeared in This is Money, Daily Mail, and The i Paper. Since November 2021 also serves as Senior Media Relations Manager at Evelyn Partners (formerly Tilney Smith & Williamson), while continuing columnist activity at This is Money. Experienced UK financial journalist."
aditi-shrikant,Aditi Shrikant,B,113,96,18,Advice Columnist & Personal Finance Reporter — MarketWatch,staff,active,,MarketWatch,marketwatch,T1,91,3,3,marketwatch; cnbc; vox,personal-finance; savings; investing; financial-journalism,,,,,,United States,https://www.linkedin.com/in/aditi-shrikant-980418ab/,https://x.com/Aditi_Shrikant,https://muckrack.com/aditi-shrikant,,,aditi.shrikant@marketwatch.com,y,CNBC; MarketWatch,,,,,,,,,,,L1 + Rule A (no seed authorUrl),,"Advice Columnist and Personal Finance Reporter at MarketWatch (joined mid-2024). Writes a weekly advice column aimed at younger readers, answering questions about relationships and money. Previously lead reporter covering relationships and psychology at CNBC's 'Make It'. Bylines at CNBC Make It, Vox, NY Daily News and Bklyner."
paul-kim-businessinsider,Paul Kim,B,113,91,24,Personal Finance Reporter / Editor — Business Insider,staff,active,,Business Insider,businessinsider,T1,92,6,3,businessinsider; money; eater,personal-finance; insurance; credit; banking,,,,,,"Brooklyn, New York, United States",https://www.linkedin.com/in/paulkimjournalist/,https://x.com/PaulKimWrites,https://muckrack.com/paulkimwrites,https://www.paulkimwrites.com/,https://muckrack.com/paulkimwrites,,,Business Insider; Money.com; Eater,,,,,500+,2026-04-16,,,paulkimwrites.com,,L9 + Rule A (muckrack 403 → WebSearch recovery),,"Personal finance reporter and editor at Business Insider, currently editing on the personal finance desk where he manages and edits a team of freelancers covering credit scores, debt and insurance. Korean-Taiwanese freelance journalist based in Brooklyn, originally from Atlanta. Has also written restaurant coverage for Eater Atlanta and personal finance for Money.com."
matt-haldane,Matt Haldane,B,112,90,24,Web3/Tech Editor (former SCMP) — now APAC Crypto Editor at Bloomberg,editor,active,,South China Morning Post,scmp,T1,90,2,3,scmp; bloomberg; reuters,crypto; blockchain; tech; ai,,,,,10,Hong Kong,https://www.linkedin.com/in/matthaldane/,,https://muckrack.com/matt-haldane,https://matthaldane.com,https://muckrack.com/matt-haldane,,,Bloomberg; Reuters,,,,,,,,,matthaldane.com,,L9,,"Web3 editor at SCMP Tech covering blockchain, AI, semiconductors, Big Tech (Alibaba, Huawei, Tencent, Xiaomi). Joined SCMP 2019; previously covered Shenzhen tech (3+ yrs). Earlier: The Arizona Republic, Phoenix Business Journal, Reuters. Per LinkedIn: current role APAC Crypto Editor at Bloomberg."
jonathan-burton,Jonathan Burton,B,112,90,24,Money & Investing Editor / Columnist,editor,active,,MarketWatch,marketwatch,T1,91,3,1,marketwatch,investing; personal-finance; markets; mutual-funds,,,,@Lewis and Clark College,25,"San Francisco Bay Area, USA",https://www.linkedin.com/in/jonathan-burton-3839037/,https://x.com/MKTWBurton,https://muckrack.com/mktwburton,,,,,Bloomberg,,(2 investing books — titles not captured),,,500+,2026-04-16T00:00:00Z,,,,,,,"Money and investing editor for MarketWatch, overseeing investment news and strategies. Writes the Life Savings column on money and personal finance. Author of two books on investing. Previously contributing editor at Bloomberg Personal Finance, Mutual Funds and Individual Investor magazines; reporter at the Far Eastern Economic Review and Investor's Business Daily. Attended Lewis and Clark College. Based in San Francisco Bay Area."
david-levy-cfb,David Levy,B,112,91,23,"Head of Content (Content Manager, Editor & Writer) — CompareForexBrokers",chief,active,,CompareForexBrokers,compareforexbrokers,T3,69,1,2,compareforexbrokers; spread_bet,forex; cfd; broker-safety,,Salesforce certifications (x2); Certified Tester,n; n,Bachelor of Business Systems@Monash University; Graduate Certificate in Media and Communications@Swinburne University of Technology; Graduate Diploma in Human Resources@Swinburne University of Technology,7,Australia,https://www.linkedin.com/in/david-levy1/,https://x.com/DavidLLive,,,https://www.compareforexbrokers.com/about-us/david-levy/,,,,,,,,,,,,,,L5.5-direct + Rule A,,"Primary content manager, editor and writer at CompareForexBrokers since 2018 (promoted from freelance writer to full-time Content Manager). Responsible for fact-checking every broker data point, editing and engineering pages for readability, and directing the content team. Before CompareForexBrokers worked in IT: capacity planner at IBM, process improvement analyst at ANZ, plus developer/tester roles in a Salesforce app shop. Active on X as @DavidLLive."
moritz-koch-handelsblatt,Moritz Koch,B,112,94,19,Politik Ressortleiter (Politics Editor) — Handelsblatt,chief,active,,Handelsblatt,handelsblatt,T2,85,1,2,handelsblatt; tagesspiegel,markets; regulation; financial-journalism,,,,Politics & Business@University of Hamburg; Politics & Business (graduate)@Johns Hopkins University (SAIS),20,"Berlin, Germany",https://be.linkedin.com/in/moritz-koch-420b0a114,https://x.com/moritzkoch78,https://muckrack.com/moritz-koch,,https://www.handelsblatt.com/autoren/moritz-koch/8297364.html,,,Tagesspiegel,,,,,500+,2026-04-16,,,,,L9 muckrack (403) + Rule A,,"Politics Editor (Ressortleiter Politik) at Handelsblatt since 2024, leading the Berlin Handelsblatt office together with Leila al-Serori. Born 1978. Studied politics and business at the University of Hamburg and Johns Hopkins University. During his studies worked as a freelance contributor for Stern magazine and at the Center for Strategic and International Studies in Washington. After an internship at Süddeutsche Zeitung, reported from New York, Washington, Berlin and Brussels for Handelsblatt (previously Brussels Bureau Chief). Focus on economic and foreign policy."
clint-proctor,Clint Proctor,B,111,99,12,"Former Lead Editor Credit Cards & Travel Rewards (Forbes Advisor) — now freelance + Founder, WalletWiseGuy",editor,active,,Forbes,forbes,T1,94,7,2,forbes; thecollegeinvestor,personal-finance; credit; finance,,,,,,,https://www.linkedin.com/in/clint-proctor-159b29167/,https://x.com/clint_proctor_,https://muckrack.com/clint-proctor,,https://muckrack.com/clint-proctor,,,Forbes,,,,,,,,,,,L9,,"Freelance personal-finance journalist. Spent 5.5 years at Forbes Advisor as Lead Editor (Credit Cards & Travel Rewards), helping grow the vertical into a meaningful competitor. Founder of WalletWiseGuy. Covers credit cards, personal finance, travel rewards, and student loans."
uma-shashikant,Uma Shashikant,B,111,91,22,Chairperson — CIEL (Centre for Investment Education and Learning); Columnist — The Economic Times,chief,active,,The Economic Times,economictimes,T2,89,0,1,economictimes,personal-finance; investing; mutual-funds,PhD,,,PhD Finance@,37,"Mumbai, Maharashtra, India",https://in.linkedin.com/in/uma-shashikant-0a3b37,https://twitter.com/uma_shashikant,https://muckrack.com/uma-shashikant,https://ciel.co.in/,https://economictimes.indiatimes.com/uma-shashikant/author,,,Economic Times; Times of India,,,,,,,,,ciel.co.in,,L9 + Rule A (Muck Rack 403),,"Chairperson of the Centre for Investment Education and Learning (CIEL). Personal finance and investing columnist for The Economic Times and Times of India. PhD in Finance. Trainer, researcher and consultant in capital markets since 1988. Spent ten years at UTI Institute of Capital Markets training commonwealth ministers, bureaucrats, fund managers, analysts and bank officers. Has served on several committees and working groups in the Indian mutual fund industry."
hilary-osborne-theguardian,Hilary Osborne,B,111,96,16,Money & Consumer Editor — The Guardian,editor,active,,The Guardian — Money,theguardian_money,T1,94,3,1,theguardian_money,personal-finance; banking; housing; savings,,,,BA English@University of Oxford(1994-1997),25,United Kingdom,https://uk.linkedin.com/in/hilary-osborne-58a36019,https://x.com/hilaryosborne,https://muckrack.com/hilaryosborne,https://medium.com/@theHilaryOsborne,https://muckrack.com/hilaryosborne,hilary.osborne@theguardian.com,y,,,,,407,407,2026-04-16,,,,,L9 + Rule A (muckrack 403 → WebSearch recovery),,"Money & Consumer Editor at The Guardian since May 2020. Previously Investigative Reporter at The Guardian. Covers banking regulations, mortgages, savings and consumer finance. BA English from University of Oxford (1994-1997)."
teresa-rivas,Teresa Rivas,B,111,91,22,Reporter,senior,active,,Barron's,barrons,T2,88,3,2,barrons; wsj,stocks; markets; investing,,,,Bachelor's@The College of New Jersey,15,United States,https://www.linkedin.com/in/teresamrivas/,,https://muckrack.com/teresamrivas,,,,,Wall Street Journal,,,,,,,,,,,,L7 (no authorUrl). Rule A: LinkedIn + Muckrack + TheOrg confirm. Cross-outlet WSJ (former copyedit + current syndication).,"Reporter at Barron's covering financial markets since 2007 (15+ years journalism experience). Current beat is consumer-oriented stocks (retail, restaurants, staples). Previously copyeditor at The Wall Street Journal. Work has also appeared in The Wall Street Journal and The Philadelphia Inquirer. Attended The College of New Jersey."
matt-egan,Matt Egan,B,110,91,21,"Senior Reporter — CNN Business (markets, economy, financial markets)",senior,active,,CNN Business,cnn_business,T1,95,0,2,cnn_business; fox_business,markets; stocks; finance,,,,BA Journalism@The College of New Jersey,15,"New York, USA",https://www.linkedin.com/in/matt-egan-7b75542b,https://x.com/MattEganCNN,https://muckrack.com/mattegancnn,,https://www.cnn.com/profiles/matt-egan,,,CNN,CNN Business (on-camera),,,,500+,2026-04-16T00:00:00Z,,,,,L9 + Rule A (muckrack 403 bypassed via CNN profile),,"Senior Reporter at CNN, with award-winning journalism at the center of CNN's business, economy, and financial markets coverage across all its platforms. Based in New York bureau. At CNN since 2014. Before CNN: Senior Reporter at Fox Business and Staff Writer at Trenton Times. Bachelor's in Journalism from The College of New Jersey. Awards: SABEW Best in Business 2019 (overnight lending markets series); EPPY 2018 best business reporting (GE dismantling series); SABEW + SPJ honors for Wells Fargo investigation."
patrick-sanders,Patrick Sanders,B,110,89,24,Staff Writer — U.S. News (Money section); former AME Investing,editor,active,,US News — Money,usnews_money,T2,88,0,5,usnews_money; motleyfool; barchart; investorplace; yahoo-finance,investing; stocks; etf; personal-finance; financial-journalism,,,,,,,https://www.linkedin.com/in/patrick-sanders-edits,,https://muckrack.com/1patricksanders/articles,,https://www.usnews.com/topics/author/patrick-sanders,,,NYT; Associated Press; Yahoo Finance,,,,,,,,,,,L1 + Rule A,,"Experienced financial journalist and analyst, former Assistant Managing Editor for Investing at U.S. News & World Report. Founding editor of Invested, a daily stock market newsletter published by U.S. News. Managed U.S. News' investing advice section 2015-2019. Prior to financial journalism: news editor at The Associated Press and founding managing editor of The New York Times Editing Center. Specializes in ETFs and technology, financial, real estate, and consumer sectors. Currently contributes to The Motley Fool, Barchart, Yahoo Finance, and InvestorPlace."
antoine-gara,Antoine Gara,B,110,96,15,US Private & Institutional Capital Correspondent — Financial Times,senior,active,,Forbes,forbes,T1,94,7,2,forbes; ft,investing; markets; finance; financial-journalism,,,,Master's in Business and Economic Journalism@Columbia University,,"New York, New York, USA",https://www.linkedin.com/in/antoine-gara-7544892,https://x.com/antoinegara,https://muckrack.com/antoinegara,,https://muckrack.com/antoine-gara,,,FT; Forbes,,,,,,,,,,,L9-muckrack (403) + Rule A,,"US Private & Institutional Capital Correspondent at the Financial Times, covering buyout firms, their deals and the broader private capital industry in the US. Joined FT from Forbes, where he spent over 6 years, most recently as Senior Editor. Prior to journalism, worked as an analyst in fixed-income operations at Lehman Brothers and Barclays Capital. Master's in Business and Economic Journalism from Columbia University. Won 2020 SABEW Best in Business award for writing on Robinhood."
lauren-rublin-barrons,Lauren R. Rublin,B,110,89,24,Senior Managing Editor — Barron's,editor,active,,Barron's,barrons,T2,88,3,1,barrons,markets; investing; equity; financial-journalism,,,,BA US History@Brown University,25,"New York, United States",https://www.linkedin.com/in/lauren-rublin-4853b76,https://x.com/laurenrublin,https://muckrack.com/lauren-rublin,,,,,Barron's; The Wall Street Journal,Barron's Live podcast,,,,,,,,,,L7 + Rule A (no seed authorUrl; paywalled outlet),,"Senior Managing Editor at Barron's. Oversees the Barron's Roundtable and roundtable franchise (including live events), investor surveys, and CEO rankings; helps direct coverage of financial markets, technology companies and venture capital. BA in US History from Brown University. Participant in World Economic Forum."
andrew-keshner-marketwatch,Andrew Keshner,B,110,96,15,Personal Finance / Tax Correspondent — MarketWatch,staff,active,,MarketWatch,marketwatch,T1,91,3,3,marketwatch; ny_daily_news; ny_law_journal,personal-finance; taxes; financial-journalism,,,,,,"New York, NY, USA",https://www.linkedin.com/in/andrew-keshner/,https://x.com/andrewkeshner,https://muckrack.com/andrew-keshner,,https://muckrack.com/andrew-keshner,akeshner@marketwatch.com,y,MarketWatch,,,,,,,,,,,L1 + Rule A,,"Personal Finance Reporter and Tax Correspondent at MarketWatch based in New York. Former Daily News reporter covering consumers, courts and cash. Frequently covers tax law changes, personal finance, consumer issues. Conducts live tax discussions. Alum of NY Daily News, NY Law Journal, and Southampton Prep."
david-sekera,David Sekera,B,109,90,21,Chief US Market Strategist — Morningstar,chief,active,,Morningstar,morningstar,T2,87,3,1,morningstar,stocks; markets; equity; investing,CFA,CFA,n,Bachelor's in Finance and Decision Sciences@Miami University,30,United States,https://www.linkedin.com/in/davesekera/,https://x.com/mstarmarkets,,,https://www.morningstar.com/people/david-sekera,,,,,,,100000,,2026-04-16T00:00:00Z,,,,,L7 + Rule A (morningstar.com 403 Cloudflare),,"Chief US Market Strategist for Morningstar. Provides comprehensive valuation analysis of the US stock market based on intrinsic valuations generated by Morningstar's equity research team; research identifies undervalued and overvalued areas across styles, capitalizations, sectors and individual stocks. Before assuming his current role in August 2020, he was Managing Director at DBRS Morningstar. Joined Morningstar in 2010. Prior to Morningstar, worked in alternative asset management generating capital-structure, risk-arbitrage and catalyst-driven investment recommendations. Over 30 years of analytical experience covering every part of the capital structure within securities markets."
ken-shreve,Ken Shreve,B,109,93,17,Markets Writer and Reporter — Investor's Business Daily,senior,active,,Investors Business Daily,investors_com,T2,85,3,2,investors_com; benzinga,stocks; markets; investing,,,,Undergraduate (Denison University)@Denison University,10,"Los Angeles, CA, USA",https://www.linkedin.com/in/ken-shreve-b6b4a753/,https://x.com/IBD_KShreve,https://muckrack.com/ken-shreve,,https://www.investors.com/author/ken-shreve/,,,,Investors.com Market Wrap (host),,,,,,,,,,"L7 WebSearch (domain blocked, Rule A recovery)",,"Markets writer and reporter at Investor's Business Daily (IBD) covering growth stocks, based in Los Angeles. Over 10 years at IBD as editor and columnist for IBD and Investors.com. Hosted the Investors.com 'Market Wrap' and presented IBD investing workshops/seminars nationwide. Also bylines at Benzinga. Studied at Denison University."
jenny-ross-which,Jenny Ross,B,109,92,18,"Editor, Which? Money",editor,active,,Which?,which,T2,88,1,3,which; scotsman; dailyexpress,personal-finance; savings; retirement; investing,,,,,,"London, United Kingdom",https://www.linkedin.com/in/jenny-ross-62b089179/,https://x.com/jen_ross1,https://muckrack.com/jenny-ross-1,,https://www.which.co.uk/news/author/jenny-ross,,,Yorkshire Post; The Scotsman; Fintech Times,,,,2000,,2026-04-16,,,,,L1 + Rule A WebSearch,,"Editor of Which? Money magazine. Previously Deputy Editor at the title. Writes and edits on pensions, retirement, savings, ISAs and personal finance. Co-presenter of the Which? money podcast alongside Gareth Shaw and Lucia Ariano."
thomas-kerr-zacks,Thomas Kerr,B,109,88,24,Senior Equity Research Analyst — Zacks Small-Cap Research,senior,active,,Zacks,zacks,T2,82,3,2,zacks; benzinga,stocks; equity; investing,CFA,CFA,n,@Texas Tech University,25,"Thousand Oaks, California, United States",https://www.linkedin.com/in/tomkerrcfa/,,,,https://scr.zacks.com/research-reports/companies-by-analyst/senior-analyst--Thomas-Kerr-CFA/default.aspx,,,,,,,,500+,2026-04-16,,,,,L1 + Rule A,,"Senior Equity Research Analyst at Zacks Small-Cap Research with over 25 years of securities industry experience in Technology, Consumer, Industrials, Med-Tech, Healthcare & Biotechnology sectors. Joined Zacks in 2021; previously Senior Investment Specialist. Publishes company-initiation and earnings-forecast research notes."
vandana-singh-benzinga,Vandana Singh,B,109,97,12,Editor — Benzinga Breaking News (healthcare sector),editor,active,,Benzinga,benzinga,T2,86,8,1,benzinga,markets; financial-journalism,MBA Finance,,,MBA Finance@ICFAI Business School,10,,https://www.linkedin.com/in/vandanas1904/,https://x.com/Vandana13721371,https://muckrack.com/vandana-singh,,https://www.benzinga.com/author/vandana-singh,vandanasingh@benzinga.com,y,,,,,,,,,,,,L7-websearch + Rule A,,"Editor of Benzinga Breaking News, covering the healthcare sector for over 10 years, including providing support services to renowned investment banks. Holds MBA Finance from ICFAI Business School; business research & analytics background in healthcare for premier investment banks."
emily-graffeo,Emily Graffeo,B,108,92,17,Cross-asset Reporter,staff,active,,Bloomberg,bloomberg,T1,94,3,3,bloomberg; businessinsider; wealthmanagement,etf; markets; credit; stocks; crypto,,,,Bachelor's@University of Virginia(2020),,"New York, NY, USA",https://www.linkedin.com/in/emily-graffeo-uva2020/,https://twitter.com/emily_graffeo,https://muckrack.com/emily-graffeo,,https://www.bloomberg.com/authors/AVdCpu2Qdf4/emily-graffeo,,,Bloomberg,Bloomberg TV,,,,,,,,,,,"Rule A success (MuckRack direct 403-prone, but Bloomberg author URL found). Outlet in first 3 results confirmed.","Bloomberg News cross-asset reporter covering ETFs and macro, with recent work on credit ETFs, private credit/data-center credit investing, and Carson Block's bearish credit ETF bets. UVA alumna (2020). Previously at Business Insider. Appears on Bloomberg TV segments on ETF trends."
ian-allison,Ian Allison,B,108,94,15,Senior Reporter — CoinDesk (Institutional & Enterprise Crypto),senior,active,,CoinDesk,coindesk,T2,89,5,3,coindesk; international-business-times; newsweek,crypto; blockchain; financial-journalism,,,,,,United Kingdom,https://uk.linkedin.com/in/ian-allison-438a4aaa,https://x.com/IanAllison123,https://muckrack.com/ian-allison,https://ianallison.org/,https://www.coindesk.com/author/ian-allison,,,,,,,,,,,,ianallison.org,,websearch_fallback + Rule A,,"Senior reporter at CoinDesk focused on institutional and enterprise adoption of cryptocurrency and blockchain technology. Previously covered fintech at International Business Times (London) and Newsweek online. His investigative work uncovered the FTX scandal, earning him the George Polk Award and Gerald Loeb Award. Collaborates with the International Consortium of Investigative Journalists (ICIJ) on cryptocurrency investigations. Speaker at Consensus 2023/2025 and Paris Blockchain Week 2025. Based in UK."
elisabeth-buchwald,Elisabeth Buchwald,B,107,92,16,Economics Reporter — CNN Business,staff,active,,CNN Business,cnn_business,T1,95,0,3,cnn_business; usa_today; marketwatch,personal-finance; markets; financial-journalism,,,,Undergraduate@The George Washington University — School of Business,8,"New York, NY",https://www.linkedin.com/in/elisabeth-buchwald/,https://x.com/BuchElisabeth,https://muckrack.com/buchelisabeth,,https://muckrack.com/buchelisabeth,Elisabeth.Buchwald@cnn.com,y,,CNN,,,,,,,,,,L9 Muck Rack (403) + Rule A,,"Economics reporter at CNN Business, focused on demystifying the biggest business and economic news of the day. Previously personal finance and markets reporter at USA TODAY, and Personal Finance Reporter at MarketWatch. Based in New York. Background from The George Washington University School of Business."
sergei-klebnikov,Sergei Klebnikov,B,106,92,15,Staff Writer — Wealth Management & Wall Street,staff,active,,Forbes,forbes,T1,94,7,2,forbes; money_com,investing; markets; stocks; broker-safety,,,,"Bachelor's, International Relations and Modern History@University of St Andrews(2018)",,"New York, NY, USA",https://www.linkedin.com/in/sergei-klebnikov-795a9b75/,https://twitter.com/skleb1234,https://muckrack.com/sergei-klebnikov,https://www.sergeiklebnikov.com/,https://muckrack.com/sergei-klebnikov,,,Forbes,,,,3076,,2026-04-16T00:00:00Z,,,true,,,MuckRack 403-risk; Rule A success — all 4 socials + owned domain + education + award.,"Forbes staff writer (NYC) covering wealth management and investing. Joined Forbes in 2019. Previously reported on the world's billionaires for Forbes' wealth team and covered the stock market for the breaking news team. Before Forbes, wrote about investing for Money Magazine. Part of the Forbes team that won a SABEW 2020 Best in Business (Investing/Markets — Medium division) award for the Robinhood investigation (how Robinhood sells customers' trading data)."
harriet-clarfelt,Harriet Clarfelt,B,106,95,12,US Capital Markets Correspondent (asset management / corporate debt),senior,active,,Financial Times,ft,T1,92,5,2,ft; investorschronicle,markets; credit; fixed-income; equity,,,,BA (Hons)@University of Oxford,,"New York, NY, USA",https://www.linkedin.com/in/harriet-clarfelt-4607b466/,https://twitter.com/HClarfelt,https://muckrack.com/harriet-clarfelt,,https://muckrack.com/harriet-clarfelt,,,FT,,,,,,,,,,,L9,NYC. Covers corporate debt + currencies. CFA UK New Journalist of Year.,"US Capital Markets Correspondent at the Financial Times (NYC). Covers corporate debt and asset management. Previously Deputy Markets News Editor (London). Joined FT from sister title Investors' Chronicle where she covered healthcare, tech, media & telecoms and was News Editor. Won CFA UK's ""New Journalist of the Year"". Worked at an asset management firm before journalism. Oxford University graduate."
michael-field,Michael Field,B,106,90,18,Chief Equity Market Strategist EMEA,chief,active,,Morningstar,morningstar,T2,87,3,1,morningstar,equity; markets; investing,CFA,CFA,n,,,"Amsterdam, Netherlands",https://www.linkedin.com/in/michael-field-cfa/,https://x.com/mstarmarkets_eu,,,https://www.morningstar.com/people/michael-field,,,BBC,BBC; CNBC,,,,500+,2026-04-16T00:00:00Z,,,,,,Layer 5.5 blocked (Cloudflare 403) → Rule A WebSearch.,Chief Equity Market Strategist EMEA at Morningstar and European spokesperson for Morningstar equity research. CFA charterholder. Based in Amsterdam. Works with a team of analysts to curate sector research and form a big-picture equity-market view. Speaks regularly on BBC and CNBC. Chair of Careers Committee; serves as industry mentor and judge for the CFA Institute Research Challenge (Benelux).
rupert-jones,Rupert Jones,B,106,89,19,"Deputy Editor, Consumer & Money (Deputy Personal Finance Editor)",editor,active,,The Guardian — Money,theguardian_money,T1,94,3,2,theguardian_money; theobserver,personal-finance; finance; housing; savings; banking,,,,,20,United Kingdom,,https://x.com/rupert_jones,https://muckrack.com/rupert_jones,,https://muckrack.com/rupert_jones,,,,,,,,,,,,,,,,"Deputy Editor, Consumer & Money at Guardian Media Group (Deputy Personal Finance Editor at The Guardian); also contributes to The Observer's Cash section. Personal Finance Correspondent for The Guardian. Joined The Guardian in 2005."
alex-gailey,Alex Gailey,B,106,86,23,"Data Reporter & Analyst, Personal Finance — Bankrate",staff,active,,Bankrate,bankrate,T1,90,2,3,bankrate; nextadvisor; bostonglobe,personal-finance; investing; financial-journalism,,,,B.A. Journalism@University of North Carolina at Chapel Hill,7,,https://www.linkedin.com/in/alexandragailey/,https://twitter.com/alex_gailey,,,https://www.bankrate.com/authors/alex-gailey/,agailey@bankrate.com,y,Washington Post; New York Times; Bloomberg,CNBC; CBS News,,,,500+,2026-04-16T00:00:00Z,,,,,L7 + Rule A,,"Data reporter and analyst at Bankrate writing data-driven stories on complex financial topics, focusing on personal finance perspectives of underrepresented groups (women, people of color, low-income families). Seven years of consumer finance reporting experience. B.A. in Journalism from UNC Chapel Hill. Goldschmidt Data Fellow (2024). Previously at NextAdvisor (with TIME Magazine), The Boston Globe, Atlanta Business Chronicle, and Charlotte Business Journal. Member SABEW and IRE. Work cited by Washington Post, New York Times, CNBC, Bloomberg, CBS News."
benjamin-schiller,Benjamin Schiller,B,106,89,19,"Managing Editor — Features, Opinion & Consensus Magazine, CoinDesk",editor,active,,CoinDesk,coindesk,T2,89,5,3,coindesk; fastcompany; breakermag,crypto; blockchain; financial-journalism; tech,,,,"MSc, History of Nationalism@London School of Economics and Political Science (LSE); BA@University of Sussex",20,"New York, NY, USA",https://www.linkedin.com/in/benschiller,,,,https://www.coindesk.com/author/ben-schiller,,,,,,,,500+,2026-04-16T00:00:00Z,,,,,"websearch_fallback (L5.5 403-blocked, Rule A recovered full bio + LinkedIn + speaker profile)",,"Managing Editor for Features, Opinion and Consensus Magazine at CoinDesk. Over 20 years of experience writing about business and technology. Has covered crypto since 2013. Previously Editor-in-Chief at BREAKER Magazine and Staff Writer at Fast Company. Earlier was a reporter at The Prague Post covering general business news, real estate, technology, and politics. Co-Founder of Layer 2. MSc in History of Nationalism from The London School of Economics and Political Science (LSE); BA from University of Sussex. Lives in New York. Speaker at Consensus 2023, 2025, and Hong Kong 2025."
susannah-snider,Susannah Snider,B,106,88,21,"Managing Editor, Money — U.S. News & World Report",editor,active,,US News — Money,usnews_money,T2,88,0,1,usnews_money,personal-finance; retirement; insurance; investing; financial-journalism,CFP,CFP,n,BA@University of Rochester; MA Journalism@University of Southern California,15,,https://www.linkedin.com/in/susannah-snider-cfp%C2%AE-53699817/,https://x.com/sussnider,https://muckrack.com/susannah-snider,,https://www.usnews.com/topics/author/susannah-snider,,,,,,,761,500+,2026-04-16T00:00:00Z,,,,,L1 + Rule A,,"Managing editor for Money at U.S. News & World Report, overseeing content on insurance, retirement, real estate, personal finance, and careers. Certified Financial Planner (CFP) — earned CFP marks in 2019. Awarded the 2017 McGraw Fellowship for Business Journalism. Her reporting received the 2018 RTDNA/NEFE Excellence in Personal Finance Reporting Award (Digital). Has held successive U.S. News roles since 2010: careers editor, senior editor personal finance, senior editor for financial advisors, and now managing editor. BA University of Rochester; MA Journalism University of Southern California."
stephanie-steinberg,Stephanie Steinberg,B,106,92,15,Editor / Staff Writer — U.S. News (former) / Founder — Detroit Writing Room,editor,former,,US News — Money,usnews_money,T2,88,0,2,usnews_money; forbes,personal-finance; investing; retirement; financial-journalism,,,,,,"Detroit, MI, USA",https://www.linkedin.com/in/stephsteinberg,https://twitter.com/Steph_Steinberg,https://muckrack.com/steph_steinberg,http://www.stephaniesteinberg.com/,https://www.usnews.com/topics/author/stephanie-steinberg,,,NYT; CNBC,,[object Object],,,,,,,stephaniesteinberg.com,,L1 + Rule A,,"Spent several years as the assistant editor of the health and money sections at U.S. News & World Report in Washington D.C., where she edited and reported on health and wellness, personal finance, careers, retirement, investing, and real estate. Founder and CEO of The Detroit Writing Room and The New York Writing Room, which offer writing coaches, workshops, book talks, and creative experiences. Executive director of the nonprofit Coaching Detroit Forward. Editor of the book 'In the Name of Editorial Freedom'. Contributing editor at Forbes. Work published in The New York Times, USA Today, Boston Globe, CNN.com, Huffington Post, and several Detroit publications."
jack-caporal,Jack Caporal,B,106,90,18,Research Director / Research Analyst,chief,active,,Motley Fool,fool,T1,90,3,1,fool,investing; personal-finance; markets; finance,,,,B.A. International Relations (Int'l Economics concentration)@Michigan State University,,"Denver, CO, USA",https://www.linkedin.com/in/jack-caporal/,,https://muckrack.com/jack-caporal,,https://www.fool.com/author/20393/,,y,Harvard Business Review; The New York Times; Bloomberg; CNBC,,,,,,,,,,,,No L5.5 URL in input; Rule A recovered Fool author page + LinkedIn + Muck Rack. Email obfuscated on ZoomInfo (j***@fool.com).,"Research Director for The Motley Fool and Motley Fool Money (full-time since 2021). Leads research efforts identifying and analyzing trends shaping investing and personal financial decisions. Research cited in thousands of media outlets including Harvard Business Review, NYT, Bloomberg, CNBC, and congressional testimony. Previously covered business and economic trends as reporter and policy analyst in Washington, D.C. B.A. International Relations (International Economics concentration) from Michigan State University. Chair of the Trade Policy Committee at World Trade Center Denver. Based in Denver, CO."
kalpana-fitzpatrick-moneyweek,Kalpana Fitzpatrick,B,106,86,23,Digital Editor — MoneyWeek,editor,active,,MoneyWeek,moneyweek,T2,80,1,4,moneyweek; ft; cosmopolitan; good_housekeeping,personal-finance; investing; savings; banking,,,,,,United Kingdom,https://www.linkedin.com/in/kalpanafitzpatrick/,,,,https://moneyweek.com/author/kalpana-fitzpatrick,editor@moneyweek.com,y,Financial Times,BBC One Morning Live; ITV Eat Well Save Well; Sky News; BBC Money 101 podcast,Invest Now: The Simple Guide to Boosting Your Finances; Get to Know Money,,,,,,,,,L1 + L5.5-direct (Rule C),,"Award-winning financial journalist and Digital Editor at MoneyWeek. Author of two books: 'Invest Now: The Simple Guide to Boosting Your Finances' (Heligo) and 'Get to Know Money' (DK Books — children's money book). Previously Finance Editor at Cosmopolitan, Good Housekeeping, Red and Prima. Has worked with the Financial Times group. Monthly column for Ideal Home; weekly and 'Ask Kalpana' monthly columns for Woman magazine. Resident money expert on BBC Money 101 podcast; has appeared on BBC One's Morning Live, ITV's Eat Well Save Well and Sky News."
andjela-radmilac,Andjela Radmilac,B,105,90,17,Research Analyst / Senior Reporter — CryptoSlate,senior,active,,CryptoSlate,cryptoslate,T2,76,5,3,cryptoslate; valuewalk; newsbreak,crypto; bitcoin; regulation; defi,,,,,8,"London, Greater London, UK",https://www.linkedin.com/in/andjelaradmilac/,https://twitter.com/andjelaradmilac,https://muckrack.com/andjela-radmilac,,https://cryptoslate.com/author/andjela-radmilac/,,y,,,,,,,,,,,,L1_known (seed URL 404 — slug is /author/andjela-radmilac/) + Rule A,,"Research Analyst and senior reporter at CryptoSlate. Entered the crypto industry in 2018 after years covering politics. Articles also appear in ValueWalk, NewsBreak, Bitcoin Insider, The Chain Bulletin. Covers Bitcoin, derivatives, market analysis, and regulatory matters."
greg-iacurci,Greg Iacurci,B,105,91,15,Personal Finance Reporter — CNBC,senior,active,,CNBC,cnbc,T1,93,2,2,cnbc; investmentnews,personal-finance; retirement; investing; financial-journalism,,,,B.A. Communication and Media Studies (Journalism concentration)@Fordham University; Study abroad@Université de Paris III (Sorbonne Nouvelle),10,"New York, NY, USA",https://www.linkedin.com/in/gregory-iacurci-bb736331/,https://twitter.com/GregIacurci,https://muckrack.com/gregiacurci,,https://www.cnbc.com/greg-iacurci/,,,CNBC,,,,,,,,,,,L9 Muckrack + Rule A (Muckrack 403),,"Reporter covering personal finance at CNBC.com with focus on retirement, investing, labor market trends and the economy. Based in New York. Previously Retirement, Insurance and Tax Reporter at InvestmentNews (August 2015 – December 2019). B.A. Communication and Media Studies with concentration in Journalism, Fordham University; studied at Université de Paris III."
krisztian-sandor,Krisztian Sandor,B,105,87,21,"U.S. Markets Reporter — CoinDesk (stablecoins, tokenization, RWA)",staff,active,,CoinDesk,coindesk,T2,89,5,3,coindesk; reuters; forbes,crypto; stablecoins; defi; blockchain; markets,,,,Business and Economic Reporting program (Fulbright fellow)@New York University; Energy Engineering@; International Economics@,5,"New York, NY, USA",https://www.linkedin.com/in/sandorkrisztian/,,https://muckrack.com/krisztian-sandor,,https://www.coindesk.com/author/krisztian-sandor,,,Reuters; Forbes,,,,,500+,2026-04-16T00:00:00Z,,,,,websearch_fallback + Rule A (CoinDesk 403),,"U.S. markets reporter at CoinDesk focusing on stablecoins, tokenization, and real-world assets (RWA). Coverage explores how traditional financial firms are turning to blockchain rails and decentralized finance. Originally from Hungary. Joined CoinDesk in 2022 (first as editorial intern, later U.S. markets reporter). Previously Reuters reporting fellow in Frankfurt, and wealth-research reporter at Forbes (Billionaires list). Fulbright fellow at New York University's business and economic reporting program. Also holds degrees in energy engineering and international economics."
preston-caldwell-morningstar,Preston Caldwell,B,105,91,15,Chief US Economist — Morningstar Research Services,chief,active,,Morningstar,morningstar,T2,87,3,1,morningstar,markets; investing; equity,,,,MBA@Rice University (Jones Graduate School of Business); BA Economics@University of Arkansas,,"Chicago, Illinois, United States",https://www.linkedin.com/in/prestondavidcaldwell,https://x.com/pd_caldwell,https://muckrack.com/preston-caldwell,,https://www.morningstar.com/people/preston-caldwell,,y,CNBC Select; Yahoo Finance; Barron's,,,,,,,,,,,L7 + Rule A (morningstar 403 → WebSearch recovery),,"Chief US Economist at Morningstar Research Services LLC. Leads the research team's views on US macroeconomic issues including GDP growth, inflation, interest rates and monetary policy. Previously served on the energy sector team covering oilfield-services stocks and helping craft Morningstar's long-term oil price forecasts."
ryan-weeks,Ryan Weeks,B,104,86,21,"Senior Editor, Crypto APAC — Bloomberg (fmr Deals Editor at The Block)",senior,active,,The Block,theblock,T2,80,2,6,theblock; bloomberg; financialnews; sifted; altfi; wired,crypto; investing; markets; financial-journalism,,,,,,APAC,https://my.linkedin.com/in/ryan-weeks-75744187,https://x.com/ryanjamesweeks,https://muckrack.com/ryanjamesweeks,,https://www.theblock.co/author/ryan-weeks,,,Bloomberg,,,,,500+,2026-04-16T00:00:00Z,,,,,websearch_fallback + Rule A,Role changed — now at Bloomberg; writesFor expanded to include Bloomberg per R13 (current primary) while theblock retained per R12.,"Senior Editor, Crypto APAC at Bloomberg. Previously Deals Editor at The Block focused on fundraising, M&A and institutional trends in crypto. Earlier roles at Financial News (Dow Jones) as fintech correspondent in London, plus contributions to Sifted, AltFi and Wired. Described as 'a scoop machine with a deep network of contacts' with interest in investigative work."
liam-wright-cryptoslate,Liam Wright,B,104,93,12,Editor-in-Chief — CryptoSlate,chief,active,,CryptoSlate,cryptoslate,T2,76,5,2,cryptoslate; forbes,crypto; blockchain; bitcoin; defi; financial-journalism,,,,,,"Manchester, UK",https://www.linkedin.com/in/liamandrewwright/,,https://muckrack.com/liam-wright,,https://cryptoslate.com/author/liam-akiba/,,,Forbes,,,,,500+,2026-04-16,,,,,direct_aggregate → 404 fallback Rule A,Original authorUrl returned 404 (slug liam-akiba archived). Bio recovered via WebSearch/LinkedIn/Muckrack.,"Editor-in-Chief of CryptoSlate since October 2024 (previously Editor) and Contributor for Forbes Digital Assets. Under his editorial leadership CryptoSlate decoupled from Bitcoin price volatility — traffic up while BTC was down. Based in Manchester, UK. Bylines also on muckrack as journalist for both Forbes and CryptoSlate."
anna-gauto-handelsblatt,Anna Gauto,B,104,88,18,Climate Reporter / Business Journalist — Handelsblatt (freelance),senior,active,,Handelsblatt,handelsblatt,T2,85,1,3,handelsblatt; wirtschaftswoche; die_zeit,markets; financial-journalism; tech,,,,"Political Science, Philosophy and Law@Ludwig Maximilians University (LMU) Munich",,"Munich, Germany",https://www.linkedin.com/in/anna-gauto-b934a347/,https://twitter.com/carmitgvorn,https://muckrack.com/anna-gauto,https://about.me/annagauto,https://muckrack.com/anna-gauto,,,Handelsblatt; WirtschaftsWoche; Die Zeit,,,,,,,,,,,"L9 muckrack + Rule A (403 on muckrack, recovered via WebSearch)",,"Freelance Climate Reporter at Handelsblatt and crime beat writer at Die Zeit. 18-month practical+theoretical journalism training at WirtschaftsWoche, Handelsblatt, and DIE ZEIT (Business & Markets, Innovation & Digital, Politics, London correspondent). Reporter in Handelsblatt Agenda section Jan 2017–Feb 2020 covering reports, portraits, weekend features on business leaders — glyphosate lobby, money laundering, algorithmic power. Moderator for energy/sustainability/climate events. Based in Munich."
asit-sharma-fool,Asit Sharma,B,104,91,14,Senior Investment Analyst & Lead Advisor,senior,active,,Motley Fool,fool,T1,90,3,1,fool,stocks; investing; equity-research,CPA,CPA (Certified Public Accountant),n,B.A. English Literature@UNC-Chapel Hill; M.A. English Literature@New York University,,,https://www.linkedin.com/in/asit-sharma-832613a/,https://twitter.com/asitmap,https://muckrack.com/asit-sharma,,https://www.fool.com/author/2086/,,,,,,,,500+,2026-04-16,,,,,L1 + Rule A WebSearch,,"Senior Investment Analyst and Lead Advisor at The Motley Fool. Co-advises The Motley Fool's flagship Stock Advisor investing service, serves as lead advisor for Virtual Revolution, and contributes as an analyst to three other premium services: Quantum Leap, Trends, and Showdown. Prior to his current position, was a contributing writer and editor for Fool.com, CFO of a middle-market manufacturer, and a finance consultant. Holds the CPA designation."
rachel-mcvearry,Rachel McVearry,B,103,89,16,"Senior Editor, Investing and Financial Advisors",senior,active,,US News — Money,usnews_money,T2,88,0,2,usnews_money; kiplinger,investing; personal-finance,,,,,15,,https://www.linkedin.com/in/rachelmcvearry/,https://x.com/rachelmcvearry,https://muckrack.com/rachel-mcvearry,,https://www.usnews.com/topics/author/rachel-mcvearry,,,,,,,,,,,,,,,Layer 5.5 timed out → Rule A WebSearch.,"Senior Editor, Investing and Financial Advisors at U.S. News & World Report since January 2022. 15 years in the investing and personal-finance space. Runs Rachel D. McVearry (Editorial Services) since April 2009, providing editing and writing for Kiplinger's Personal Finance and SmartBrief. Former full-time senior copy editor for Kiplinger's Personal Finance / Kiplinger.com (3 years). Alternating editor of U.S. News Invested newsletter and writer of the weekly 'Caught Our Eye' column."
ray-salmond,Ray Salmond,B,103,91,13,Head of Markets — Cointelegraph / Former Prop Trader,chief,active,,CoinMarketCap,coinmarketcap,T1,91,6,2,coinmarketcap; cointelegraph,crypto; bitcoin; markets; day-trading,,,,,,,,https://x.com/HorusHughes,https://muckrack.com/ray-salmond,,https://coinmarketcap.com/academy/author/ray-salmond,,,,Schwab Network; FintechTV,,,,,,,,,,direct_aggregate + Rule A (role upgraded per F8),,"Head of Markets at Cointelegraph and former proprietary trader turned market analyst who blends TradFi and macro data to generate forward-looking analysis often requested by crypto funds and major finance media. Hosts 'Decentralize with Cointelegraph' podcast, co-hosts 'The Agenda' podcast with Jonathan DeYoung, and hosts 'NFT Steez' podcast with Alyssa Exposito. Previously worked at a US-based Bitcoin mining company (acquired 2023). TV appearances on Schwab Network and FintechTV."
samuel-potter-bloomberg,Samuel Potter,B,103,91,13,"Senior Editor, Markets — Bloomberg News",editor,active,,Bloomberg,bloomberg,T1,94,3,1,bloomberg,markets; equity; options; fixed-income,,,,"Master's, Policy & Economics@London School of Economics",,United Kingdom,https://www.linkedin.com/in/samjpotter/,https://x.com/samjpotter,https://muckrack.com/samuel-potter,https://www.bloomberg.com/authors/ARNCGNSUID0/samuel-potter,https://muckrack.com/samuel-potter,,,Bloomberg,Bloomberg TV; Bloomberg Radio,,,,500+,2026-04-16,,,,,L9 + Rule A (muckrack 403),,"Senior Editor for markets at Bloomberg News covering the 'underbelly' of markets — options, liquidity, systematic trades and portfolio theory. Edits and reports for the @markets desk; regular Bloomberg TV / affiliates and radio contributor; associated with Squawk and the Markets Live team. Master's in policy and economics from the London School of Economics. Based in the UK."
justin-grossbard,Justin Grossbard,B,103,83,24,"CEO & Co-Founder, Strategic Head of Research",chief,active,,CompareForexBrokers,compareforexbrokers,T3,69,1,3,compareforexbrokers; kiplinger; entrepreneur,forex; cfd; investing,,,,"Bachelor of Commerce (Honours), Finance@Monash University; Master's, Marketing@Monash University",20,"Melbourne, Australia",https://www.linkedin.com/in/justingrossbard/,https://x.com/grossbard01,,https://justingrossbard.com/,https://www.compareforexbrokers.com/about-us/justin-grossbard/,,,,,5 Alternative Investments to Earn a Return Outside of Stocks and Bonds,,,,,,,justingrossbard.com,,,"L5.5 success. Strong owner-founder profile + cross-outlet (Kiplinger, Entrepreneur).","CEO and Co-Founder of CompareForexBrokers (founded 2014 with Noam Korbl). Strategic Head of Research. 20+ years of professional experience in online marketing and trading. Bachelor of Commerce (Honours) in Finance + Master's in Marketing from Monash University. Founded Innovate Online (SEO/paid search media agency), SMSComparison.com, scaled ChefGood for sale to Marley Spoon, scaled The Hamper Emporium for sale to Maggie Beer Holdings. Author of '5 Alternative Investments to Earn a Return Outside of Stocks and Bonds'. Contributor to Kiplinger and Entrepreneur."
jared-blikre,Jared Blikre,B,102,87,17,"Director, Anchor, Global Markets Editor — Yahoo Finance; Host 'Stocks in Translation' podcast",editor,active,,Yahoo Finance,yahoofinance,T1,96,0,1,yahoofinance,markets; stocks; day-trading,,,,,25,"New York, NY",https://www.linkedin.com/in/jared-blikre-14648044/,https://twitter.com/SPYJared,https://muckrack.com/spyjared,,https://finance.yahoo.com/author/jared-blikre/,,,,Yahoo Finance Live; Stocks in Translation podcast,,,,500+,2026-04-16T00:00:00Z,,,,,L9 Muck Rack seed → Rule A (muckrack 403 bypass),,"Director, Anchor, and Global Markets Editor at Yahoo Finance; hosts the 'Stocks in Translation' podcast. 25+ years in finance. Based in New York. Covers trading, markets, and the Fed; writes and appears on-air daily across Yahoo Finance properties."
anton-kharitonov,Anton Kharitonov,B,102,82,24,Chief Analytics Officer — Traders Union (since 2013),chief,active,,TradersUnion,tradersunion,T2,72,3,1,tradersunion,forex; cfd; crypto; stocks; markets,,Total Maintenance Management (international program),n,"Total Maintenance Management international program@Stockholm, Sweden(1996)",20,Germany,https://www.linkedin.com/in/anton-kharytonov-b418b856/,,,https://antonkharitonov.journoportfolio.com/,https://tradersunion.com/about-us/anton-kharitonov/,,,,,,,,500+,2026-04-16T00:00:00Z,,,antonkharitonov.journoportfolio.com,,"L7-websearch (L5.5 timeout, Rule A recovered full bio + LinkedIn via spelling variant 'Kharytonov')",,"Trader and financial market analyst with 20+ years of experience. Chief Analytics Officer at Traders Union since 2013, where he performs internal broker evaluations ('test drives') examining websites, account interfaces, support, software stability, deposits/withdrawals, legal documentation, and additional services. Completed the 'Total Maintenance Management' international program in Stockholm, Sweden (1996). Employs short- and long-term strategies combining fundamental, technical, and intermarket analysis; primary focus on oil futures and index CFDs. Also specializes in Ethereum and crypto markets. Runs Kharitonov FX Trading Telegram channel. Based in Germany."
susan-warfel,Susan Warfel,B,102,88,16,Managing Editor — Investor's Business Daily (IBD),chief,active,,Investors Business Daily,investors_com,T2,85,3,1,investors_com,markets; investing; stocks; financial-journalism,,,,"Bachelor's, Journalism and Sociology@University of Southern California",43,"Playa Vista, Los Angeles, CA, USA",https://www.linkedin.com/in/susan-warfel-2b46984/,,https://muckrack.com/ibd_swarfel,,,,,,,,,,,,,,,,L7 WebSearch (Talking Biz News) + Rule A,,"Managing Editor of Investor's Business Daily since 1996. Guides coverage of financial markets, economy, business, government and other news for IBD and companion site Investors.com. Responsibilities include staff development, new feature/section planning, newsroom business, technology and web traffic strategy. Joined IBD during start-up phase in 1983; began as reporter, promoted to senior editor with various IBD business-coverage beats. Before IBD, business reporter at the Los Angeles Herald-Examiner. Bachelor's in Journalism and Sociology, University of Southern California."
mark-goodwin-bitcoinmagazine,Mark Goodwin,B,102,83,23,Editor-in-Chief — Bitcoin Magazine,chief,active,,Bitcoin Magazine,bitcoinmagazine,T2,78,4,1,bitcoinmagazine,bitcoin; crypto; stablecoins; regulation,,,,,9,"San Francisco Bay Area, United States (from Massachusetts)",https://www.linkedin.com/in/mark-goodwin-000ab622a/,https://twitter.com/markgoodw_in,,,https://bitcoinmagazine.com/authors/mark-goodwin,,,Nasdaq; The Higherside Chats; CryptoRank,,The Bitcoin-Dollar: An Economic Monomyth,,,,,,,,,L1_known + Rule A,,"Editor-in-Chief of Bitcoin Magazine. Author, journalist and photographer. Joined Bitcoin Magazine in 2021 as opinion columnist and contributor, now charts editorial decisions for the quarterly Print magazine (relaunched 2021). Publicly in the Bitcoin space since 2017. Author of 'The Bitcoin-Dollar: An Economic Monomyth' (published via Bitcoin Magazine store / Goodreads). Notable for writing on stablecoins, the U.S. dollar system, the Ordinals protocol and the Julian Assange estate engagement (Q1 2023 Gatekeepers Issue). Originally from Massachusetts, spent the last decade in the Bay Area."
simon-lambert-thisismoney,Simon Lambert,B,102,88,16,"Publisher / Money, Property & Motoring Editor — This is Money (DMG Media)",editor,active,,This is Money,thisismoney,T2,86,3,1,thisismoney,personal-finance; investing; housing; markets,,,,BA English & Philosophy@Leeds University(1998-2001),22,United Kingdom,https://uk.linkedin.com/in/simon-lambert-26013233,https://x.com/_simonlambert,https://muckrack.com/simon-lambert,,,,,,,,,,,,,,,,L1 + Rule A WebSearch,,"This is Money Publisher and co-presenter of the This is Money podcast. Runs MailOnline's financial, property and motoring journalism. Joined This is Money as a reporter in 2005 after three years at Luton News; Assistant Editor 2008; Editor since 2012. BA English & Philosophy, Leeds University (1998–2001). Based in the UK."
alissa-coram-investors,Alissa Coram,B,102,88,16,"Executive Editor, Multimedia",editor,active,,Investors Business Daily,investors_com,T2,85,3,1,investors_com,stocks; investing; markets; broadcast-journalism,,,,BBA Finance + BA Journalism@Southern Methodist University(2014),10,,https://www.linkedin.com/in/alissacoram/,https://x.com/AlissaCoram,https://muckrack.com/alissa-coram,,https://www.investors.com/author/alissa-coram/,,,,IBD Investing Strategies show (host); Stock Market Today With IBD (podcast),,,,,,,,,,L7 WebSearch + Rule A (investors.com blocked),,"Executive Editor of Multimedia at Investor's Business Daily, where she joined around 2015 (roughly 10 years in role). Hosts and produces IBD's 'Investing Strategies' show — 19 weeks of programming with guests across the investment industry. Skills include broadcast journalism, news writing, social media analytics, videography. IBD is a News Corp company."
gabriel-alpert,Gabriel Alpert,B,102,89,15,Fund Reporter,staff,active,,Morningstar,morningstar,T2,87,3,4,morningstar; barrons; investopedia; etf-com,mutual-funds; etf; investing; markets,,,,BA Political Science@University of Wisconsin-Madison,,United States,https://www.linkedin.com/in/gabe-alpert-b209555a/,https://x.com/AlpertGabe,https://muckrack.com/gabe-alpert,,https://www.morningstar.com/people/gabe-alpert,,,,,,,,,,,,,,,L7 — Morningstar 403 on WebFetch. Rule A confirmed LinkedIn + X + Muckrack + Morningstar people page (gabe-alpert slug). Cross-outlet Barron's/Investopedia/etf.com.,"Fund Reporter at Morningstar.com covering the mutual fund and ETF industries and how they can help investors understand the market as a whole. Joined Morningstar in 2024. Previously worked as both a writer and editor at etf.com, Investopedia, and Barron's Magazine. Holds a Bachelor's in Political Science from the University of Wisconsin-Madison."
mohit-manghnani,Mohit Manghnani,B,101,86,17,"Managing Editor, Breaking News Briefs",editor,active,,Benzinga,benzinga,T2,86,8,2,benzinga; seekingalpha,markets; financial-journalism,,,,Accounting and Finance@,13,"Mumbai, India",https://www.linkedin.com/in/mohit-manghnani-b5241918/,https://twitter.com/iMohitManghnani,https://muckrack.com/mohit-manghnani,,https://www.benzinga.com/author/mohit-manghnani,,,,,,,,,,,,,,,,"Managing Editor for the Benzinga Breaking News Briefs team. Holds a degree in Accounting and Finance; 13+ years in financial news and analysis. Based in Mumbai, India. Previously at Seeking Alpha, Gridstone Research, and TCS e-Serve International Ltd. Born in UAE, spent early years in Dubai."
camille-dash,Camille J. Dash,B,101,90,12,Digital Editor,editor,active,,MarketWatch,marketwatch,T1,91,3,3,marketwatch; morningstar; atlantavoice,personal-finance; financial-journalism,,,,Associate@Central Piedmont Community College(2018); BA Mass Media Arts (Journalism)@Clark Atlanta University(2021),,"Charlotte, North Carolina, USA",https://www.linkedin.com/in/camillejdash/,,https://muckrack.com/camille-j-dash,,,camille.dash@marketwatch.com,y,,,,,,,,,,,,,L1 — Rule A. ROLE_CONFLICT: input hint said 'Personal Finance Editor' but LinkedIn/Muckrack confirm 'Digital Editor'. Different person holds PF Editor title.,"Digital Editor at MarketWatch where she writes copy for social media accounts, produces and edits TikToks, creates Google Web Stories, and edits/uploads content from partner outlets. From Charlotte, N.C. Graduated from Central Piedmont Community College (2018) and Clark Atlanta University (2021, Cum Laude) with a Bachelor's in Mass Media Arts with a concentration in Journalism. Work has appeared in The Charlotte Post, The Atlanta Voice, and MarketWatch.com."
adam-james,Adam James,B,100,89,12,Editor-in-Chief — The Block,chief,active,,The Block,theblock,T2,80,2,4,theblock; beincrypto; bitcoinist; okxinsights,crypto; blockchain; web3,,,,,,Central Europe,https://www.linkedin.com/in/adam-james-b364b9240/,,https://muckrack.com/adam-james-1,,https://www.theblock.co/author/adam-james,,y,,,,,,500+,2026-04-16T00:00:00Z,,,,,websearch_fallback + Rule A (theblock 403 → bio + LinkedIn via Muck Rack + multi-outlet history),,"Editor-in-Chief of The Block, based in central Europe. Previously served as Managing Editor for Europe, Middle East and Africa at The Block since 2022 before elevation to EiC. Co-founded BeInCrypto.com and served as its Editor-in-Chief, building it into a leading crypto media brand. Earlier Editor-in-Chief at Bitcoinist.com. Former Managing Editor, researcher and podcast host at OKX's former research arm OKX Insights. Deep crypto-native content director, editor and writer background."
kelly-anne-smith,Kelly Anne Smith,B,100,84,19,Personal Finance Reporter — Forbes Advisor,staff,active,,Forbes,forbes,T1,94,7,3,forbes; bankrate; thepennyhoarder,personal-finance; savings,,,,,,USA,https://www.linkedin.com/in/kelly-anne-smith/,,https://muckrack.com/keywordkelly,,https://muckrack.com/keywordkelly,ksmith@forbesadvisor.com,y,CNBC,CNBC; Yahoo! Finance,,,,500+,2026-04-16T00:00:00Z,,,,,L9-muckrack (403) + Rule A,,"Personal Finance Reporter for Forbes Advisor covering student loans and economic/social trends. Previously covered personal finance at Bankrate and The Penny Hoarder. Works as editor at Forbes Advisor providing feedback to freelance writers. Featured as personal finance expert on CNBC, Yahoo! Finance, and CBS News Radio."
tanya-chepkova,Tanya Chepkova,B,100,84,19,News Editor / Editor-in-Chief (RU) BeInCrypto,editor,active,,Finance Magnates,financemagnates,T2,75,5,3,financemagnates; beincrypto; fxstreet,forex; crypto; stablecoins; blockchain; markets; financial-journalism,,,,,16,"Saint Petersburg, Russia",https://www.linkedin.com/in/tanya-chepkova-26805035/,,,,https://www.financemagnates.com/author/tanya-chepkova/,,,,,,,,,,,,,,,L5.5 + Rule A. LinkedIn on-page. Cross-outlet BeInCrypto confirmed via LinkedIn + RocketReach.,"News Editor at Finance Magnates and Editor-in-Chief (Russian edition) at BeInCrypto. 16+ years in financial journalism covering forex, crypto and digital-asset markets. Led editorial team at a cryptocurrency-focused media outlet for six years. Prior experience at FXStreet and Saxo Bank. Focus on market structure, trading models, regulatory shifts and CIS markets. Based in Saint Petersburg, RU."
helene-braun,Helene Braun,B,100,87,15,Markets Reporter,staff,active,,CoinDesk,coindesk,T2,89,5,1,coindesk,crypto; bitcoin; etf; markets; investing,,,,Business and Economic Reporting program@New York University,,"New York, NY",https://www.linkedin.com/in/helenebraunn/,https://twitter.com/helenebraunn,https://muckrack.com/helene-braun,https://helenebraun.com/,https://www.coindesk.com/author/helene-braun,helene@coindesk.com,y,,CBS News; Yahoo Finance; Nasdaq TradeTalks,,,,,,,,helenebraun.com,,,"CoinDesk author page 403 — Rule A confirmed LinkedIn, Muck Rack, personal site, CBS/Yahoo TV appearances.","Markets Reporter at CoinDesk based in New York. Covers news from Wall Street, the spot bitcoin exchange-traded funds (ETFs) and updates on crypto markets and exchanges. Co-host of CoinDesk's Markets Daily show on Spotify and YouTube. Recent graduate of New York University's business and economic reporting program. Has appeared on CBS News, Yahoo Finance and Nasdaq TradeTalks. Speaker at CoinDesk's Consensus 2023 and 2025."
farran-powell,Farran Powell,B,99,86,15,Senior Editor — U.S. News (investing/education finance),senior,active,,US News — Money,usnews_money,T2,88,0,2,usnews_money; forbes_advisor,personal-finance; investing; retirement; financial-journalism,,,,MA Journalism@University of Texas at Austin; BSc Economics@London School of Economics,10,,https://www.linkedin.com/in/farranpowell/,,https://muckrack.com/farran-powell,https://wwwdotfarranpowelldotcom.wordpress.com/,https://www.usnews.com/topics/author/farran-powell,,,,,,,,,,,,true,,L5.5-direct (timeout) + Rule A,,"Senior Editor at U.S. News covering investing, funds, retirement content, and education finance (529 plans, college financial aid). Formerly Assistant Managing Editor of Investing at U.S. News. Has contributed to TheStreet, Mansion Global, and CNN Wire/CNNMoney. 6+ years covering financial and investing topics ranging from college aid to gold price movements. Later moved to Forbes Advisor as Deputy/Managing Editor, Investing."
caroline-mignon-lesechos,Caroline Mignon,B,99,84,18,Journalist (Asset Management) — Les Échos,staff,active,,Les Echos,lesechos,T2,85,2,2,lesechos; agefi,investing; markets; financial-journalism,,,,,20,France,https://www.linkedin.com/in/caroline-mignon-4abb7a53/,https://x.com/carolinemignon,https://muckrack.com/caroline-mignon,,https://muckrack.com/caroline-mignon,,,,La Story (Les Échos podcast),,,,,,,,,,L9 + Rule A (muckrack 403 → WebSearch recovery),,"Experienced journalist specializing in economics and finance with a career spanning over two decades. Journalist specialized in asset management at Les Échos. Previously spent nearly three years at Les Échos before joining Agefi to cover transformation topics, then returned. Guest on Les Échos' news podcast 'La Story'."
patrick-seitz-investors,Patrick Seitz,B,99,85,16,Senior Reporter/Writer — Investor's Business Daily (Management & Work newsletter),senior,active,,Investors Business Daily,investors_com,T2,85,3,1,investors_com,tech; stocks; markets; financial-journalism,,,,M.S. Journalism@Northwestern University(1992-1993),30,"Vienna, Virginia, United States",https://www.linkedin.com/in/patrickseitz/,https://x.com/IBD_PSeitz,https://muckrack.com/patrick-seitz-3,,https://www.investors.com/author/patrick-seitz/,,,,,,,1037,,2026-04-16,,,,,L7 WebSearch + RocketReach + Rule A (investors.com blocked by WebFetch),,"Senior writer for Investor's Business Daily covering personal technology, PCs, consumer electronics and video games. Chicago-area native who started covering courts and crime, then switched to tech in Washington DC in the early nineties. 25+ years at IBD covering tech, finance and the stock market. Based in Vienna, VA. M.S. Journalism, Northwestern University (1992-1993)."
ed-carson-investors,Ed Carson,B,99,88,12,News Editor — Investor's Business Daily,editor,active,,Investors Business Daily,investors_com,T2,85,3,1,investors_com,stocks; markets; investing,,,,,,United States,https://www.linkedin.com/in/ed-carson-a2933420,https://x.com/ibd_ecarson,https://muckrack.com/ed-carson,,https://www.investors.com/author/ed-carson/,,,MSN; Yahoo Finance,,,,,,,,,,,L7 WebSearch (investors.com 403) + Rule A,,"News Editor at Investor's Business Daily (IBD) writing on the stock market. Participates in IBD Live in the morning. Also covers Gen X pop culture outside of finance. Work syndicated to MSN US, MSN Money Canada, Yahoo News and Yahoo Finance."
casey-fleming-bankrate,Casey Fleming,B,99,82,21,Financial Review Board (Mortgages) — Bankrate / Mortgage Advisor — C2 Financial,senior,active,,Bankrate,bankrate,T1,90,2,2,bankrate; moneytips,personal-finance; housing; banking,,,,,46,"San Jose, California, United States",https://www.linkedin.com/in/casey-fleming-the-loan-guide/,,,https://loanguide.com,https://www.bankrate.com/authors/casey-fleming/,,,,,The Loan Guide: How to Get the Best Possible Mortgage (2014),,,,,,,true,,L1 WebFetch (bankrate 405) + Rule A,,"Mortgage Advisor at C2 Financial and former member of Bankrate's Expert Review Board (mortgages reviewer). In the mortgage industry since 1979, starting as an appraiser and building one of the largest appraisal and consulting firms in the San Francisco Bay Area. Transitioned to mortgage advisory in 1995-1996 and led development of Loanguide.com, named one of the 50 best websites on the internet in 1998 by CIO Magazine. Author of 'The Loan Guide: How to Get the Best Possible Mortgage' (2014)."
jeffrey-dastin-reuters,Jeffrey Dastin,B,99,88,13,Technology Correspondent — Reuters,senior,active,,Reuters,reuters,T1,94,2,1,reuters,tech; ai; financial-journalism,,,,BA History@Yale University,11,"San Francisco, California, United States",https://www.linkedin.com/in/jeffreydastin,https://x.com/jldastin,https://muckrack.com/jldastin,,https://muckrack.com/jldastin,jeffrey.dastin@thomsonreuters.com,y,Reuters,,,,,500+,2026-04-16,,,,,L9 + Rule A (muckrack 403 → WebSearch recovery),,"Technology Correspondent for Reuters in San Francisco covering Amazon, AI, and e-commerce. Joined Reuters in 2014, originally covering airlines and travel from the New York bureau. Known for investigative reporting on Amazon (team won a SOPA Award in 2022 for global lobbying coverage) and AI topics, including the landmark story on Amazon's scrapped AI recruiting tool that showed bias against women."
david-saito-chung-investors,David Saito-Chung,B,99,82,21,Deputy Markets Editor / Senior Writer / Senior IBD Leaderboard Editor,senior,active,,Investors Business Daily,investors_com,T2,85,3,1,investors_com,stocks; markets; growth-investing; technical-analysis,,,,Undergraduate@Harvard University,30,,https://www.linkedin.com/in/david-saito-chung-44b15820/,,https://muckrack.com/david-saito-chung,,https://www.investors.com/author/david-saito-chung/,,,,,"Investor's Business Daily and the Making of Millionaires: How IBD Rewrote the Rules of Investing and Business News (McGraw-Hill, 2004)",,,,,,,,,L7 WebSearch + Rule A (investors.com blocked),,"Markets Editor at Investor's Business Daily, overseeing and writing daily columns including 'The Big Picture' and 'Investor's Corner.' Senior Writer and Senior IBD Leaderboard Editor. From 1994 to 1998 worked as a reporter and translator at Kyodo News agency in Tokyo, covering sports, business, and the Tokyo stock market. Graduate of Harvard University. Author of 'Investor's Business Daily and the Making of Millionaires: How IBD Rewrote the Rules of Investing and Business News' (McGraw-Hill, 2004)."
sandali-handagama,Sandali Handagama,B,99,86,15,"Deputy Managing Editor, Policy & Regulations EMEA",editor,active,,CoinDesk,coindesk,T2,89,5,1,coindesk,crypto; regulation; blockchain,,,,Graduate Journalism@Columbia University Graduate School of Journalism,,EMEA,https://www.linkedin.com/in/sandalihandagama/,,https://muckrack.com/sandali-handagama,https://sandalihandagama.com/,https://www.coindesk.com/author/sandali-handagama,,,Bloomberg; The Guardian,,,,,,,,,sandalihandagama.com,,,CoinDesk 403 on WebFetch. Rule A via Muckrack + personal site + LinkedIn. Talkingbiznews noted she may be departing CoinDesk — status kept 'active' pending confirmation.,"Deputy Managing Editor for Policy and Regulations EMEA at CoinDesk. Business journalist from Colombo, Sri Lanka. Alumna of Columbia University's Graduate School of Journalism. Contributed to The Guardian, Bloomberg, The Nation and Popular Science before joining CoinDesk in 2020 as a reporter. Oversees editorial coverage of policy developments shaping the future of digital finance."
bobby-ong,Bobby Ong,B,98,84,17,Co-Founder & CEO (formerly COO),chief,active,,CoinGecko,coingecko,T2,88,3,1,coingecko,crypto; blockchain,,,,BA Economics@University College London(2012),12,"Kuala Lumpur, Malaysia",https://my.linkedin.com/in/bobbyongce,,,https://bobbyong.com,https://www.coingecko.com/author/bobbyong,,,Forbes,,,,,500+,2026-04-16T00:00:00Z,,,bobbyong.com,,L1_known,,"Co-founder of CoinGecko (April 2014) with TM Lee. Began as COO, recently promoted to CEO (TM Lee → President). Started exploring crypto after graduating UCL Economics in 2012. Based in Kuala Lumpur, Malaysia. Named to Forbes 30 Under 30 Asia 2019."
fran-velasquez,Fran Velasquez,B,98,85,15,Reporter — CoinDesk (TV writer); now Yahoo Finance Business Reporter,staff,active,,CoinDesk,coindesk,T2,89,5,3,coindesk; yahoofinance; quartz,crypto; markets,,,,BA@University of Wisconsin-Madison; MA Business & Economic Reporting@CUNY Craig Newmark Graduate School of Journalism,,,https://www.linkedin.com/in/francisco-velasquez-/,https://twitter.com/_franvela,,,https://www.coindesk.com/author/fran-velasquez,,,CNBC; Fortune,,,,,,,,,,,websearch_fallback (coindesk 403) + Rule A recovered LinkedIn + Twitter,,"CoinDesk TV writer/reporter. MA Business & Economic Reporting (CUNY Craig Newmark Graduate School of Journalism). BA University of Wisconsin-Madison. Previously wrote for Borderless Magazine, CNBC Make It, Inc., and Quartz (big retail beat). Currently at Yahoo Finance covering executive analysis; work appears in CNBC, Fortune, CoinDesk."
ross-collins-cfb,Ross Collins,B,97,79,23,Chief Technology Researcher — CompareForexBrokers.com,chief,active,,CompareForexBrokers,compareforexbrokers,T3,69,1,1,compareforexbrokers,forex; cfd; tech; crypto,,Open Group Certified Distinguished IT Architect,n,Bachelor of Applied Science@Queensland University of Technology,35,Australia,https://www.linkedin.com/in/rossfcollins/,https://x.com/OzzieRoscoe,,,https://www.compareforexbrokers.com/about-us/ross-collins/,,,,,[object Object]; [object Object],,,,,,,,,L5.5-direct,,"Chief Technology Researcher at CompareForexBrokers with 35+ years in information technology across 15 countries. Began writing trading systems in the 1990s and trades forex, bonds, options, equities, CFDs, and cryptocurrencies personally. Bachelor of Applied Science from Queensland University of Technology. Open Group Certified Distinguished IT Architect. Prior senior roles at SWIFT (Brussels), UBS (Zurich), PricewaterhouseCoopers (New York), and IBM (Australia). Notable projects include Australia's first 3G mobile network, first Smart Electricity Distribution Grid, and a major LNG development. Published in IBM Redbook (Integrated Operations in Oil & Gas) and IBM White Paper."
john-vandermosten,"John Vandermosten, CFA",B,97,80,21,Senior Analyst — Zacks Small Cap Research (Biotech/Healthcare),senior,active,,Zacks,zacks,T2,82,3,1,zacks,stocks; equity; investing,CFA,CFA (Chartered Financial Analyst),n,BA@San Diego State University; MA@Tulane University; MBA@Texas A&M University,20,"Dallas, TX, USA",https://www.linkedin.com/in/john-vandermosten-8659b72/,,,,https://scr.zacks.com/analyst-bios/person-details/default.aspx?ItemId=dd01b998-53e1-4448-9b1a-8fe0a6a3c606,,,,,,,13432,500+,2026-04-16,,,,,L1 + Rule A,,"Senior Analyst for Zacks Investment Research covering a portfolio of small-cap biotechnology names. 20 years of experience in investment management and research roles across all market cap ranges. Formerly a research analyst for Singular Research covering healthcare and a consultant with Coker Group, a national healthcare services firm. CFA charterholder and member of the CFA Society of Dallas. Covers Biopharma, Infectious Diseases, Med-Tech, and Oncology. Frequent moderator of life sciences industry panels; research articles posted extensively on Yahoo Finance News."
sebastian-matthes-handelsblatt,Sebastian Matthes,B,97,86,13,Editor-in-Chief — Handelsblatt,chief,active,,Handelsblatt,handelsblatt,T2,85,1,1,handelsblatt,business; finance; tech,,,,,15,"Düsseldorf, Germany",https://de.linkedin.com/in/sebastianmatthes,https://x.com/smatthes,https://muckrack.com/sebastian-matthes,,https://muckrack.com/sebastian-matthes,,,,,,,28783,500+,2026-04-16,,,,,L9 + Rule A (muckrack 403),,"Editor-in-Chief of Germany's business daily Handelsblatt since January 2021. Previously Deputy EiC & Head of Digital at Handelsblatt (2018-2020). Over 15 years of investigative and analytical experience covering business, politics and societal transformation. Hosts the Handelsblatt Disrupt podcast. Recognised thought leader in German business journalism."
stuart-langridge,Stuart Langridge,B,97,82,18,SEO Lead — CoinMarketCap,senior,active,,CoinMarketCap,coinmarketcap,T1,91,6,1,coinmarketcap,crypto; tech; financial-journalism,,,,,22,Malta,https://mt.linkedin.com/in/stuart-langridge-04043b,https://x.com/stuartlangridge,,,https://coinmarketcap.com/academy/author/stuart-langridge,,,,,SEO For Managers (2020),,,500+,2026-04-16,,,,,direct_aggregate L5.5,,"SEO Lead at CoinMarketCap since July 2020. Interested in cryptocurrency since 2015. Grew CoinMarketCap's organic traffic from roughly 4 million to approximately one billion annual visitors. Started web and SEO work in 2003 (20+ years in digital marketing). Prior experience across multilingual media websites, EU institutions, small businesses, online casinos, fantasy football startup, and affiliate marketing. Recipient of the European Search Awards 2022 Best SEO Campaign (Large). Author of 'SEO For Managers' (2020). Speaker at University of Malta's 'The Future of Marketing' seminar (April 2024)."
jose-antonio-lanz-decrypt,Jose Antonio Lanz,B,97,87,12,Writer & Translator (Spanish Editor) — Decrypt,staff,active,,Decrypt,decrypt,T2,82,5,3,decrypt; zycrypto; emerge_hub,crypto; blockchain; bitcoin; ai; financial-journalism,Law degree,,,Law degree (abogado)@,,Venezuela,,https://twitter.com/joselanzd,https://muckrack.com/jose-lanz,,https://decrypt.co/author/jose,lanzjose@gmail.com,y,,,,,,,,,,,,direct_team_page,,"Writer and translator for Decrypt US and Decrypt Español (Spanish Editor). Journalist, lawyer, professor, and strategic planning specialist from Venezuela. Extensive experience in crypto/blockchain coverage with focus on Latin America. Background in law and economics. Covers Venezuelan crypto regulation, bitcoin mining policy, AI impact on art/environment/development. Financial disclosure: owns less than 1 BTC."
robert-glazer,Robert Glazer,B,96,82,17,Founder & CEO — Acceleration Partners; Contributor — Money Under 30,chief,active,,Money Under 30,moneyunder30,T2,75,1,2,moneyunder30; entrepreneur,finance; personal-finance,,,,,,USA,https://www.linkedin.com/in/glazer,,,https://robertglazer.com/,https://www.moneyunder30.com/author/robert-glazer,,,WSJ; USA Today,,Elevate; The Compass Within; Elevate Your Team; Friday Forward; Performance Partnerships,,,,,,,robertglazer.com,,L1 (404 on seed) + Rule A WebSearch recovered personal site + LinkedIn + 8 books,,"Founder and CEO of Acceleration Partners, a global partner-marketing agency. #1 Wall Street Journal, USA Today, and international bestselling author of eight books including Elevate, The Compass Within, Elevate Your Team, Friday Forward, and Performance Partnerships. Twice named to Glassdoor's Top CEOs list for Small & Medium Companies (ranked #2). Acceleration Partners won three consecutive Inc. 500 awards and 30+ company-culture awards under his leadership. Hosts the Elevate Podcast (top-1% business show, 5M+ downloads). Writes Friday Forward newsletter (200K+ subscribers, 100+ countries)."
john-kicklighter,John Kicklighter,B,96,85,13,Chief Strategist — DailyFX / StoneX Group (current role via StoneX per LinkedIn),chief,active,,DailyFX,dailyfx,T2,83,1,2,dailyfx; ig,forex; markets; trading-education,,,,"BA Finance and Investment (cum laude)@Zicklin School of Business, Baruch College",24,"Greater Chicago, IL, USA",https://www.linkedin.com/in/john-kicklighter-2436134/,,,,https://www.dailyfx.com/authors/John_Kicklighter/191,,,,,,,,,,,,,,L7 WebSearch + Rule A (DailyFX 403),Original batch input flagged status=former based on DailyFX page title 'Former Chief Strategist (2004-2023)'; LinkedIn evidence suggests active Chief Strategist role under StoneX (DailyFX's parent) — retained as active with role qualifier. Verify via fresh source before UI publish.,"Chief Strategist of DailyFX, specializing in combining fundamental and technical analysis with money management. Started trading options in 2000, expanded to FX in 2002. Has worked with DailyFX since 2004 (internship during university). Speaker at numerous trader expos and conferences. Bachelor's in Finance and Investment, cum laude, from Zicklin School of Business at Baruch College (NYC). Based in the Greater Chicago area. LinkedIn now lists StoneX Group as affiliation (DailyFX parent brand structure)."
matt-frankel,Matt Frankel,B,96,84,14,Contributing Analyst,contributor,active,,Motley Fool,fool,T1,90,3,1,fool,investing; stocks; housing; personal-finance; finance,CFP,CFP,n,,,"Columbia, SC, USA",https://www.linkedin.com/in/mattfrankeltmf/,https://twitter.com/MattFrankelCFP,https://muckrack.com/matthew-frankel,,https://www.fool.com/author/2280/,,,,,,,,,,,,,,,No L5.5 URL in input; Rule A found Fool author page + LinkedIn + Twitter + Muck Rack. CFP cert from role label.,"Contributing Motley Fool stock market analyst specializing in real estate and financial sectors. Certified Financial Planner (CFP) and investment advisor based in Columbia, South Carolina. 10,000+ published articles career-wide. Won 2017 SABEW Best in Business award for coverage of tax reform legislation. Previously taught high school and college mathematics."
bob-rose-barrons,Bob Rose,B,96,79,22,Executive Editor,executive,active,,Barron's,barrons,T2,88,3,3,barrons; wsj; smartmoney,markets; investing; wealth; finance,,,,Master's in Journalism@Columbia University Graduate School of Journalism,25,"New York, NY, USA",https://www.linkedin.com/in/bob-rose-05752313/,,https://muckrack.com/bobrose100,,https://www.barrons.com/authors/bob-rose,,,,,,,,500+,2026-04-16,,,,,L7 + Rule A WebSearch,,"Executive Editor at Barron's since January 2018. Previously an Executive Editor of SmartMoney Magazine at The Wall Street Journal from 2006-2011, Business Editor and AME at Philadelphia Media Network from 2004-2006, and print editor at WSJ where he was previously reporter, Atlanta bureau chief, Markets Desk editor and Greater New York editor. Also serves in Standards Editor capacity for Dow Jones Wealth and Investing group. Master's degree in journalism from Columbia University Graduate School of Journalism. Based in New York."
david-weliver-moneyunder30,David Weliver,B,96,79,22,Founder / Editor,chief,active,,Money Under 30,moneyunder30,T2,75,1,1,moneyunder30,personal-finance; credit; investing,,,,BA Sociology@Bates College; MA Clinical Mental Health Counseling (in progress)@University of Southern Maine(2024-current),22,"Maine, USA",https://www.linkedin.com/in/weliver,,https://muckrack.com/david-weliver,https://davidweliver.com,https://www.moneyunder30.com/author/mdempster,,,NYT; Washington Post,,,,,,,,y,davidweliver.com,,,"Original authorUrl /author/david-weliver returned 404; David remains the founder and occasional contributor, but primary author archive slug appears retired as he stepped back post-reacquisition. Bio reconstructed from Wikipedia, Crunchbase, Muck Rack, and davidweliver.com.","Founder of Money Under 30 (2006), a pioneering personal-finance site for twentysomethings. Graduate of Bates College (Lewiston, Maine) in sociology; editor-in-chief of the student newspaper. Began his career in 2003 on the editorial staff of SmartMoney (Dow Jones / Hearst). Launched Money Under 30 after paying down $80K in combined student-loan and credit-card debt. Site sold to XLMedia for $7M in August 2017, then bought back for $675K in June 2023. Work has been cited in The New York Times, The Washington Post, U.S. News & World Report and more. Since 2024, pursuing a master's degree in clinical mental health counseling at the University of Southern Maine."
andrey-sergeenkov,Andrey Sergeenkov,B,95,83,15,"Independent Crypto Journalist — multi-outlet (CoinMarketCap, CoinDesk, Cointelegraph)",contributor,active,,CoinMarketCap,coinmarketcap,T1,91,6,3,coinmarketcap; coindesk; cointelegraph,crypto; blockchain; defi,,,,,,,,https://x.com/Nikopolos,https://muckrack.com/andrey-sergeenkov-1,https://sergeenkov.com/,https://coinmarketcap.com/academy/author/andrey-sergeenkov,andrey@sergeenkov.com,y,,,,,,,,,,sergeenkov.com,,direct_aggregate + Rule A (cross-outlet dedup candidate),Cross-outlet author — R13 merge candidate for phase 4 consolidation.,"Independent writer in the cryptocurrency niche. Writes for CoinMarketCap, CoinDesk, Cointelegraph, and Hackernoon. Hackernoon audience voted him Best Crypto Author 2020. Educational articles cited in 36 research papers (World Economic Forum, Cato Institute, Technical University of Darmstadt, Renmin University of China). Firm supporter of blockchain and decentralization; holds significant BTC and ETH."
steven-cress,Steven Cress,B,95,84,13,VP / Head of Quantitative Strategy & Market Data — Seeking Alpha,chief,active,,Seeking Alpha,seekingalpha,T2,88,8,1,seekingalpha,stocks; equity; investing; markets,,,,,30,,https://www.linkedin.com/in/steven-cress-74823119/,,,,https://seekingalpha.com/author/steven-cress,,,,,,,,,,,,,,L7 + Rule A (seekingalpha 403 bypass),,"VP of Quantitative Strategy and Market Data at Seeking Alpha; creator of the platform's quantitative stock rating system and many analytical tools. Leads Alpha Picks (two monthly stock picks with sell-timing). Previously Founder/CEO of CressCap Investment Research (acquired by Seeking Alpha 2018). Founder of quant hedge fund Cress Capital Management. Earlier: proprietary trading desk Morgan Stanley; led international business development at Northern Trust. 30+ years in equity research, quantitative strategies, and portfolio management."
sydney-maki,Sydney Maki,B,95,85,12,Senior Editor — Bloomberg News (Markets / Emerging Markets Debt),senior,active,,Bloomberg,bloomberg,T1,94,3,1,bloomberg,markets; fixed-income; credit; financial-journalism,,,,,,"New York, NY, USA",https://www.linkedin.com/in/sydneymaki/,,https://muckrack.com/sydney-maki,https://www.symmaki.com/,https://www.bloomberg.com/authors/ATR8C7nQ_q4/sydney-maki,,,Bloomberg,,,,,,,,,symmaki.com,,L9 + Rule A,,"Senior Editor at Bloomberg News in New York, on the Bloomberg markets team. Reports/edits stories on debt restructurings, currencies, bonds, and Latin America. Covers emerging markets and G-10 sovereign debt. Previously a Bloomberg markets reporter covering EM bonds, Goldman Sachs' EM debt views, distressed emerging debt, and EM selloff risk premium events. Listed with Carnegie Endowment for International Peace. Maintains personal site symmaki.com."
michelle-fox,Michelle Fox,B,95,83,15,Reporter — Investing / Markets (CNBC Pro),senior,active,,CNBC,cnbc,T1,93,2,1,cnbc,investing; markets; personal-finance; stocks,,,,Political Science & Communication@Rutgers University,11,"New York, USA",https://www.linkedin.com/in/michelle-fox-producer,https://x.com/mfoxcnbc,https://muckrack.com/michelle-fox,,https://www.cnbc.com/michelle-fox/,,,CNBC,CBS (local news),,,2566,500+,2026-04-16,,,,,,Muck Rack L5.5 403; recovered via Rule A (CNBC bio + LinkedIn + X + Muck Rack). Emmy award for breaking news coverage confirmed.,"Reporter at CNBC Pro covering personal finance, investing trends, and markets. 11+ years with CNBC. Previously worked on CNBC's financial wellness initiative 'Invest In You'. Got start in local TV news at CBS where she won an Emmy for breaking news. Grew up in Parsippany, NJ. Studied political science and communication at Rutgers University."
akanksha-bakshi-benzinga,Akanksha Bakshi,B,95,83,15,Editor — Benzinga,editor,active,,Benzinga,benzinga,T2,86,8,4,benzinga; markets_insider; msn; yahoo_finance,markets; stocks; crypto; financial-journalism,,,,,,India,https://in.linkedin.com/in/akanksha-bakshi-56508b27,,https://muckrack.com/akanksha-bakshi,,https://www.benzinga.com/author/akanksha-bakshi,,,,,,,,,,,,,,L5.5-direct + Rule A,,"Benzinga Editor covering global markets, international finance, and energy policy with focus on trading, commodities, and cryptocurrency. Financial news writer with bylines syndicated across Markets Insider, MSN, and Yahoo Finance. Previously wrote for Zenger News and Business Insider."
edith-balazs,Edith Balázs,B,94,81,16,Senior Content Editor (Head),editor,active,,BrokerChooser,brokerchooser,T3,66,2,2,brokerchooser; bloomberg,equity; forex; financial-journalism,,,,MA American/United States Studies/Civilization@Eötvös Loránd University,25,Hungary,https://www.linkedin.com/in/edith-balazs/,,https://muckrack.com/edith-balazs/articles,https://www.bloomberg.com/authors/ACZH44rCuLo/edith-balazs,https://brokerchooser.com/team/edith-balazs,,,,,,,,,,,,,,,,"~25 yrs financial journalism. ex-Senior correspondent Bloomberg + Dow Jones Newswires (specialized equity + FX coverage). At BrokerChooser since 2020, established editorial standards. MA American Studies (Eötvös Loránd University). Based in Hungary. Author page active on Bloomberg."
damian-chmiel,Damian Chmiel,B,94,81,16,Senior Analyst & Editor,senior,active,,Finance Magnates,financemagnates,T2,75,5,1,financemagnates,cfd; forex; crypto; regulation; broker-safety,,,,MA Finance and Accounting@Cracow University of Economics,15,"Silesian Voivodeship, Poland",https://www.linkedin.com/in/damian-chmiel-a0388288/,https://x.com/ChmielDk,https://muckrack.com/damian-chmiel,,https://www.financemagnates.com/author/damianc/,,,,,,,,,,,,,,,,"Senior Analyst & Editor at Finance Magnates with 15+ years in CFD and online trading. Active as both trader and journalist since 2010. Joined Finance Magnates in 2016 as a business intelligence analyst. Specialises in broker coverage, fintech innovation, and regulatory change across Europe, the Middle East, and Asia. Conducts C-level interviews at major brokerages and co-authors quarterly industry benchmarking reports. Quoted by Investing.com, Binance, The Asset, Stockhead."
ken-clark,Ken Clark,B,94,76,24,Contributor (former CFP) — The Balance,contributor,former,,The Balance,thebalancemoney,T2,84,2,2,thebalancemoney; investopedia,personal-finance; retirement; taxes,CFP (former),CFP (former),n,,15,,https://www.linkedin.com/in/kensclark/,,,https://financialbootcamp.org,https://www.thebalancemoney.com/ken-clark-bio-794886,,,,,The Complete Idiot's Guide to Getting Out of Debt; The Complete Idiot's Guide to Boosting Your Financial IQ; The Complete Idiot's Guide to Paying for College,,,,,,,true,,L1 + Rule A,,"Former Certified Financial Planner (CFP) with more than a decade of experience in the financial planning industry. 15+ years researching and writing about student loans, debt, financial aid, and paying for college. Author of six personal finance books, including 'The Complete Idiot's Guide to Getting Out of Debt' and 'The Complete Idiot's Guide to Boosting Your Financial IQ'. Founder of FinancialBootCamp.org. Previously contributed to Investopedia and served as the college saving guide at About.com."
john-dantona-jr,John D'Antona Jr.,B,94,79,19,Editor — Traders Magazine / Markets Media,editor,active,,Traders Magazine,tradersmagazine,T3,67,1,3,tradersmagazine; marketsmedia; globaltrading,markets; financial-journalism; stocks; broker-safety,,,,,22,,,https://twitter.com/JohnnyD_Markets,https://muckrack.com/john-dantona,,https://muckrack.com/john-dantona,jdantona@marketsmedia.com,y,,,,,,,,,,,,"Phase 0 L0 + Rule A WebSearch (tradersmagazine author page 404 PAGE_GONE, muckrack 403, recovered via Markets Media corporate)",,"Editor of Traders Magazine (Markets Media property) and a 22-year veteran of financial journalism focused on brokers, trading venues, and market structure. Traders Magazine has been a fixture in the institutional trading world since 1998. Conducts interviews with industry leaders (CEOs, fintech executives)."
arnab-shome-financemagnates,Arnab Shome,B,94,84,12,Editor — Finance Magnates,editor,active,,Finance Magnates,financemagnates,T2,75,5,1,financemagnates,forex; cfd; crypto; regulation; prop; financial-journalism,,,,"BTech Electronics and Communications Engineering@National Institute of Technology, Agartala",10,"Ho Chi Minh City, Vietnam",https://www.linkedin.com/in/shomearnab/,https://x.com/45arnab,https://muckrack.com/arnab-shome,,https://www.financemagnates.com/author/ashome/,,,,,,,,500+,2026-04-16,7328,,,,L1 WebFetch aggregate + Rule A,,"Editor at Finance Magnates since October 2017. Electronics engineer-turned-financial editor who entered the industry covering the cryptocurrency market and later expanded to forex, CFDs and prop trading. Produces C-level interviews, data-driven analysis, opinion pieces and contributes to quarterly industry reports. 7,328+ bylines. ~10 years in retail trading industry coverage. Focus areas: broker regulation, prop trading industry, crypto exchanges, international finance."
vlad-cealicu-cryptocompare,Vlad Cealicu,B,94,83,13,CTO & Co-Founder — CryptoCompare / CCData,chief,active,,CryptoCompare,cryptocompare,T2,78,3,1,cryptocompare,crypto; bitcoin; blockchain; tech,,,,BSc Computers and Information Technology@; MSc Computing@,11,"London, United Kingdom",https://uk.linkedin.com/in/vcealicu,https://x.com/vcealicu,,https://medium.com/@vcealicu,,,,,,,,,,,,,github.com/vcealicu,,direct_about_page + Rule A,,"CTO and Co-Founder of CryptoCompare.com (now rebranded to CCData.io) since October 2014. Software engineer specializing in Node.js, AngularJS, Azure SQL, C#, JavaScript, and PHP. Previously worked at London School of Business & Finance and ADVFN; has also served as a part-time lecturer and project manager."
martin-young,Martin Young,B,93,82,13,Staff Writer,staff,active,,Cointelegraph,cointelegraph,T2,89,7,1,cointelegraph,crypto; blockchain; forex; tech,,,,,20,Southeast Asia,https://www.linkedin.com/in/martin-young-77451510b/,https://x.com/crypt0nuts,,,https://cointelegraph.com/authors/martin-young,mjy@cointelegraph.com,y,,,,,,,,,,,,,,"Staff writer at Cointelegraph. 20+ yrs in tech/finance journalism. Based in Southeast Asia 25+ years. ex-correspondent Asia Times Hong Kong. Since 2017 focused on digital assets/blockchain. Recent coverage: quantum threats, AI security in DeFi, institutional adoption."
richard-waters-ft,Richard Waters,B,93,80,16,West Coast Editor / Technology Correspondent — Financial Times,editor,active,,Financial Times,ft,T1,92,5,1,ft,tech; ai; markets,,,,,25,"San Diego, CA",,https://x.com/RichardWaters,https://muckrack.com/richardwaters,,https://muckrack.com/richardwaters,,,,,,,,,,,,,,L9 Muck Rack seed + Rule A (muckrack 403 bypass),Awards: Corporate Finance Reporter of the Year 2004 (Google IPO coverage).,"West Coast Editor at the Financial Times covering the technology industry. Based in San Diego. Previously 9 years in FT New York office — Wall Street reporter, New York bureau chief, FT's first information-industries editor (overseeing global tech/telecom/media coverage). Won Corporate Finance Reporter of the Year 2004 for Google IPO coverage. Covers AI, cybersecurity, data privacy, major tech companies."
miles-brignall,Miles Brignall,B,93,78,19,Consumer Champions Journalist — The Guardian,senior,active,,The Guardian — Money,theguardian_money,T1,94,3,1,theguardian_money,personal-finance; banking; housing; insurance; savings,,,,,20,United Kingdom,,https://twitter.com/milesbrignall,https://muckrack.com/miles-brignall,,https://muckrack.com/miles-brignall,,,The Guardian,,,,,,,,,,,L9 (Muckrack 403) + Rule A WebSearch,,"Wrote for The Guardian for 20+ years — first on Jobs & Money and more recently as one of the 'Consumer Champions' covering the Money section. Predominantly covers personal-finance topics including banking, mortgages, energy bills, car issues, insurance and the UK housing market. Appears in weekly Consumer Champions column with Anna Tims."
nigel-frith-leaprate,Nigel Frith,B,93,77,21,"Writer / ex-VP Corporate Development, Catena Media (LeapRate owner)",senior,active,,LeapRate,leaprate,T3,65,1,2,leaprate; asktraders,forex; cfd; regulation; financial-journalism,,FCA authorization (historical),n,,18,United Kingdom,https://www.linkedin.com/in/nigelfrith/,,,,https://www.leaprate.com/author/nigelfrith/,,,,,,,,,,,,,,L1 WebFetch (empty profile) + Rule A WebSearch recovery,,"Nigel Frith has more than 18 years of digital experience, including 8 years running regulated consumer finance publishing companies. He previously served as global general manager of FXcompared.com and VP of Corporate Development at Catena Media (2018-2023), where he oversaw LeapRate after Catena's acquisition. Writer and commentator on forex, CFD markets and broader financial regulation; 10+ years' direct experience in the financial markets."
simon-thompson-ic,Simon Thompson,B,92,74,24,"Writer — share recommendations, Investors Chronicle",senior,active,,Investors' Chronicle,investorschronicle,T2,78,0,1,investorschronicle,stocks; equity; investing,,,,,28,UK,https://uk.linkedin.com/in/simon-thompson-31903812,,https://muckrack.com/simon-thompson,,,,,Investors Chronicle; FT,,Stock Picking for Profit,,,,,,,,,"L1 + Rule A (authorUrl null, recovered via search)",No direct authorUrl on IC; authorship confirmed via Muck Rack + LinkedIn + multiple IC podcasts/articles,Long-standing Investors Chronicle writer (since late 1990s). Covers 93 companies for IC; recognised small-cap expert. Produces the annual 'Bargain Shares' feature. Share recommendations in IC have produced substantial returns (24 Q4 2012 recommendations averaged +16.6% gain by mid-January 2013). Author of 'Stock Picking for Profit'.
naga-avan-nomayo,Naga Avan-Nomayo,B,92,82,12,Crypto Research & Markets Reporter — The Block,staff,active,,The Block,theblock,T2,80,2,3,theblock; crypto-news; ethereum-world-news,crypto; bitcoin; markets; financial-journalism,,,,Communication and Journalism@University of Lagos,5,"Lagos, Nigeria",https://ng.linkedin.com/in/naganomayo,https://x.com/JeSuisNaga,https://muckrack.com/naga-avan-nomayo,,https://www.theblock.co/author/naga-avan-nomayo,,,,,,,,,,,,,,websearch_fallback (Rule A recovery after 403),,"Reporter covering general crypto news and markets at The Block. Joined with 4+ years of crypto-reporting experience as a Lagos-based news generalist and markets reporter. Previously at crypto.news, Ethereum World News, and The San Francisco Tribe. Interviewed CEOs and industry experts, broke stories, covered FTX crash. Studied Communication and Journalism at the University of Lagos."
gerald-segal-leaprate,Gerald Segal,B,92,79,16,Founder and Managing Editor — FX News Group (ex-LeapRate founder),chief,active,,LeapRate,leaprate,T3,65,1,2,leaprate; fxnewsgroup,forex; cfd; fintech; crypto,,,,MBA Finance@Columbia Business School(1990-1992),30,Israel,https://il.linkedin.com/in/gerald-segal-5a94095,,,https://fxnewsgroup.com/author/gerald/,https://fxnewsgroup.com/author/gerald/,,,,,,,,500+,2026-04-16,,,leaprate.com (former),,L0 Phase 0 + Rule A WebSearch,,"Founder and Managing Editor at FX News Group. Founded LeapRate.com in 2010 and sold it in 2018 to publicly-traded Catena Media plc (STO:CTM). Spent more than 18 years as an investment banker before entering online-trading media. Prior roles include Leap Capital, Bear Stearns & Co. and Robertson Stephens. One of the most experienced writers covering the retail FX / online trading sector."
chris-yates-fxempire,Chris Yates,B,92,81,14,Contributor / Equity Analyst (Sunbird Portfolios),contributor,active,,FXEmpire,fxempire,T2,73,2,2,fxempire; seekingalpha,stocks; markets; investing; equity,CFA,CFA,n,Bachelor of Commerce@Deakin University; Diploma in Financial Planning@,,"Melbourne, Australia",https://www.linkedin.com/in/chris-yates-cfa-72a03b125/,https://twitter.com/AcheronInsights,,https://www.acheroninsights.com/,https://www.fxempire.com/author/chrisyates,chrisyates@fxempire.com,y,,,,,,241,2026-04-16,,,acheroninsights.com,,,L5.5 success on fxempire author page. Rule A confirmed CFA + AcheronInsights + Sunbird Portfolios. Email plain: chrisyates@fxempire.com.,"Equity Research Analyst (CFA) at Sunbird Portfolios. Editor and publisher of AcheronInsights.com, an investment research blog focusing on macro, commodities and investment strategy. Contributor to FXEmpire since March 2021. Multifaceted approach encompassing macro, fundamentals, technical, sentiment, and market structure analysis. Holds a Bachelor of Commerce from Deakin University (Melbourne) and a Diploma in Financial Planning. Medium-to-long term trader/investor with short-term tactical overlay."
alicia-adamczyk,Alicia Adamczyk,B,91,73,24,Former Senior Writer (Fortune),former,former,,Fortune,fortune,T1,90,5,4,fortune; cnbc; money; lifehacker,personal-finance; retirement; investing,,,,BA@University of Michigan,12,"New York City, USA",https://www.linkedin.com/in/aliciaadamczyk,https://x.com/aliciaadamczyk,https://muckrack.com/alicia-adamczyk,https://substack.com/@moneymoves,https://fortune.com/author/alicia-adamczyk/,alicia.adamczyk@fortune.com,y,Fortune; CNBC,,,,968,,2026-04-16T00:00:00Z,,,,,L9+L7,Email is public on Fortune profile; Fortune email may be inactive post-layoff.,"NYC-based finance journalist. Former Senior Writer at Fortune covering money, investing, retirement, and careers. Previously senior money reporter at CNBC, with reporting roles at MONEY Magazine and Lifehacker. University of Michigan graduate. Runs the Substack 'Money Moves'. Laid off from Fortune per 2025 reports."
nikhilesh-de,Nikhilesh De,B,91,81,12,"Managing Editor, Global Policy & Regulation",editor,active,,CoinDesk,coindesk,T2,89,5,1,coindesk,crypto; regulation; us-laws; blockchain,,,,BA Journalism and Media Studies@Rutgers University(2017),9,USA,https://www.linkedin.com/in/nikhileshde/,,,,https://www.coindesk.com/author/nikhilesh-de,,,CoinDesk,,,,,500+,2026-04-16T00:00:00Z,,,,,websearch_fallback,,"Managing Editor for Global Policy & Regulation at CoinDesk. Covers regulators, lawmakers, and institutions. Joined CoinDesk in 2017 and established the publication's first dedicated crypto policy and regulation beat. Runs a global team with reporters in DC, NYC, London, Brussels, and New Delhi. Won a Gerald Loeb Award (2023, beat reporting) as part of CoinDesk's FTX coverage. Named Association of Cryptocurrency Journalists and Researchers' Journalist of the Year 2020. LinkedIn signal: starting Director of Policy role at Coin Center."
alan-brochstein,"Alan Brochstein, CFA",B,91,75,21,Founder 420 Investor / Contributor — Seeking Alpha (Cannabis industry specialist),contributor,active,,Seeking Alpha,seekingalpha,T2,88,8,1,seekingalpha,stocks; investing; equity,CFA,CFA (Chartered Financial Analyst),n,,40,"Houston, TX, USA",https://www.linkedin.com/in/alanbrochstein/,,,,https://seekingalpha.com/author/alan-brochstein-cfa,,,,,,,,,,,,,,L7 WebSearch + Rule A,,"One of the first investment professionals to focus exclusively on the cannabis industry. Founder of 420 Investor (2013), an investing group for publicly-traded cannabis stocks, hosted on Marketfy (Benzinga) and moved to Seeking Alpha in 2023. Contributing to Seeking Alpha since 2007. Worked in the securities industry since 1986, primarily managing investments in institutional environments. Founded AB Analytical Services in 2007 to provide independent research and consulting to registered investment advisors. Senior analyst for Management CV; member of Friedberg Investment Management investment management committee. Based in Houston, Texas."
assad-jafri,Assad Jafri,B,91,80,14,Editor & Reporter — CryptoSlate,editor,active,,CryptoSlate,cryptoslate,T2,76,5,1,cryptoslate,crypto; bitcoin; defi; financial-journalism,,,,,13,Pakistan,https://pk.linkedin.com/in/asad-jafri-76b97015a,https://x.com/Saajthebard,https://muckrack.com/assad-jafri,,https://cryptoslate.com/author/assad-jafri/,aj@cryptoslate.com,y,,,,,,,,,,,,L1_known + Rule A (URL corrected),,"Passionate journalist since Yemen's 2011 Arab Spring who has honed skills worldwide for over a decade, specializing in financial journalism and now focusing on crypto reporting. Editor & Reporter at CryptoSlate covering Bitcoin security incidents, DeFi developments, regulatory matters, and investigative crypto stories (ZachXBT collaborations, scam tracking)."
michael-mackenzie-daytrading,Michael MacKenzie,B,91,81,12,Broker Analyst and Editor — DayTrading.com,editor,active,,DayTrading.com,daytrading,T3,55,0,3,daytrading; investing-co-uk; lonelyplanet,broker-safety; financial-journalism; trading-education,CIEP Intermediate Member,,,Degree in Languages@; Degree in International Relations@,10,"Glasgow, Scotland, United Kingdom",https://www.linkedin.com/in/michael-mackenzie-0b94b6136/,,,,https://www.daytrading.com/contributors/michael-mackenzie,michael.mackenzie@daytrading.com,y,,,,,,,,,,,,L5.5-direct,,"Writer, editor and translator with 10 years of journalism, publishing and copywriting experience. Specializes in copy-editing and fact-checking retail finance content including broker reviews for leading investing websites. Earlier career: 5 years reporting on the politics and economy of Turkey and the Middle East. Intermediate member of the UK's Chartered Institute of Editing and Proofreading. Also edits books for international publishers including Lonely Planet (15+ titles)."
maria-nikolova,Maria Nikolova,B,90,76,19,Senior Editor — FX News Group,senior,active,,FX-News Group,fxnewsgroup,T3,60,0,3,fxnewsgroup; financefeeds; leaprate,forex; regulation; financial-journalism,,,,"Philosophy@St. Kliment Ochridski University, Sofia; Specialization in Cognitive Science@University of Vienna",17,Bulgaria,https://bg.linkedin.com/in/maria-nikolova-16200896,,https://muckrack.com/maria-nikolova,,https://fxnewsgroup.com/author/maria/,,,,,,,417,338,2026-04-16T00:00:00Z,,,,,L1 WebFetch (404 on original URL) → Rule A recovery,,"Senior Editor at FX News Group (FNG), engaged in journalism for 17+ years, forex industry coverage for 10+ years. Based in Bulgaria. Previously Managing Editor at FinanceFeeds, before that LeapRate. Earlier roles at Deltastock AD and Forex Forum Ltd. Philosophy degree from St. Kliment Ochridski University in Sofia; specialized in Cognitive Science in Vienna. Interests: psychology, AI, linguistics."
nick-cawley,Nick Cawley,B,90,74,22,Senior Strategist — DailyFX,senior,active,,DailyFX,dailyfx,T2,83,1,2,dailyfx; ig,fixed-income; forex; interbank-fx; markets,,,,,30,"London, United Kingdom",,,https://muckrack.com/nick-cawley,,https://www.dailyfx.com/authors/Nick_Cawley,,,WSJ; Dow Jones,,,,,,,,,,,L7 WebSearch (DailyFX 403),,"Senior Strategist at DailyFX since 2016. 20 years trading fixed income products for a range of investment banks and brokers, plus 10 years analyzing and writing about fixed income and foreign exchange markets (including Dow Jones and The Wall Street Journal). Presents regular webinars and participates in market podcasts; has spoken at in-house conferences globally. Also maintains analyst profiles on IG UK/AE/AU/SG/CH."
anjana-kumar-gulfnews,Anjana Kumar,B,90,80,13,Senior / Chief Reporter (Business) — Gulf News,senior,active,,Gulf News,gulfnews,T2,85,2,1,gulfnews,business; finance,,,,MA Innovation and Leadership in Contemporary Media@American University in Dubai,17,United Arab Emirates,https://www.linkedin.com/in/anjanakumarsr/,https://twitter.com/anjanakmr,https://muckrack.com/anjana-kumar,,https://muckrack.com/anjana-kumar,,,,,,,,,,,,,,L9 + Rule A (muckrack 403),,"Senior/Chief Reporter at Gulf News (business) with more than 17 years' experience in digital and print media in the UAE. Covers business, health, economy and social issues. Strong community-journalism focus. Previously at Emirates Business 24-7. Bylines also in Al Bawaba, Cureus Journal of Medical Science, Energy Central, City Farmer News, UAE Business Daily and UAE Industry Times."
mike-ayers-money,Mike Ayers,B,90,79,14,Executive Editor — Money,editor,active,,Money.com,money_com,T2,82,3,1,money_com,personal-finance; markets; financial-journalism,,,,,,"Maplewood, New Jersey, USA",https://www.linkedin.com/in/ayersmike/,,,https://mike-ayers.com/,https://money.com/author/mike-ayers/,,y,Wall Street Journal,,"One Last Song (2020); Sharing in the Groove: The Untold Story of the '90s Jam Band Explosion (2025, St. Martin's Press)",,,500+,2026-04-16,,,mike-ayers.com,,"L7 (money.com 403, recovered via Rule A WebSearch)",,"Executive Editor of Money.com, overseeing content strategy and execution across all channels including newsletters, video programming, and social initiatives. Previously on staff at MTV, Rolling Stone, and The Wall Street Journal. Published author: 'One Last Song' (2020 — picked as Best Book for Fall 2020 by Time Magazine and Best Music Book of the Year by Variety) and 'Sharing in the Groove: The Untold Story of the '90s Jam Band Explosion and the Scene That Followed' (St. Martin's Press, 2025 — Publishers Weekly summer best book)."
royston-wild,Royston Wild,B,89,72,23,Broker Analyst & Editor / Investment Writer,editor,active,,DayTrading.com,daytrading,T3,55,0,4,daytrading; fool_uk; sharesmagazine; fastmarkets,stocks; forex; investing; markets,,,,Journalism@Middlesex University,12,"London, United Kingdom",https://www.linkedin.com/in/royston-wild-681720260/,,https://muckrack.com/bianca-wild,,https://www.daytrading.com/contributors/royston-wild,royston.wild@daytrading.com,y,Forbes,,,,,,,,,,,,,"Experienced private investor and investment writer covering stocks, commodities and forex. Previously stocks and commodities reporter and forex editor at Shares Magazine; base and precious metals market correspondent at Fastmarkets. Regular contributor to The Motley Fool UK since 2013. Journalism degree from Middlesex University. 10+ years in financial journalism. Based in the UK."
rt-watson,RT Watson,B,89,75,18,"Senior Reporter — The Block (US companies, blockchain gaming, NFTs)",senior,active,,The Block,theblock,T2,80,2,1,theblock,crypto; blockchain; tech; financial-journalism,,,,Undergraduate@UCLA; Graduate@University of Edinburgh,10,,https://www.linkedin.com/in/rt-watson-a4795587/,,https://muckrack.com/rt-watson,,https://www.theblock.co/author/rt-watson,,,Wall Street Journal; Bloomberg; Reuters,,,,157,,2026-04-16T00:00:00Z,,,,,L1_known + Rule A (authorUrl recovered via search),,"Senior reporter at The Block covering US-based companies, blockchain gaming and NFTs. Ten years covering crypto as reporter, editor, and manager. Previously at Wall Street Journal covering entertainment (Disney, Netflix, Warner Bros., creator economy) with focus on technological disruption in media. Earlier at Bloomberg covering corporate, economic and political news in Brazil. Also previously reported for Reuters. UCLA and Edinburgh University graduate."
ross-cameron,Ross Cameron,B,89,74,20,Founder & Full-time Day Trader — Warrior Trading (contributor at Modest Money),chief,active,,Modest Money,modestmoney,T3,50,2,2,modestmoney; warriortrading,day-trading; stocks; trading-education,,,,BA@Vermont College; High School@Dublin School,14,"Berkshires, Massachusetts, USA",https://www.linkedin.com/in/ross-cameron-70ba7998/,,,https://www.rosscameron.com/about,https://www.modestmoney.com/author/warriortrading/,,,,,"How to Day Trade: A Detailed Guide to Day Trading Strategies, Risk Management, and Trader Psychology",,,500+,2026-04-16T00:00:00Z,,,true,,L7-websearch + Rule A (L5.5 500-error),,"Founder and owner of Warrior Trading (est. 2012). Full-time day trader specializing in momentum trading strategies. BA, Vermont College; earlier Dublin School. Graduated college into the Great Recession and pivoted to day trading. Published 'How to Day Trade: A Detailed Guide to Day Trading Strategies, Risk Management, and Trader Psychology' (2015). In 2017 'Small Account Challenge', grew $583.15 to $100K+ in 44 days; by December 2022 the account exceeded $10M. Resides in the Berkshires of Massachusetts."
emily-hohler,Emily Hohler,B,89,72,24,Politics Editor — MoneyWeek,editor,active,,MoneyWeek,moneyweek,T2,80,1,1,moneyweek,markets; personal-finance; finance; financial-journalism,,Nutritional Therapist,n,,30,"Oxfordshire, UK",,,,,https://moneyweek.com/author/emily-hohler,editor@moneyweek.com,y,The Times; The Daily Telegraph,,,,,,,,,,,L1 + Rule A,,"Politics Editor at MoneyWeek with 30+ years of journalism experience. Formerly Assistant Editor of MoneyWeek (helped launch in 2000), Deputy Features Editor of The Times, and Commissioning Editor for The Independent on Sunday and The Daily Telegraph. Also wrote for The Evening Standard, The Daily Mail, and The Sunday Telegraph. Trained as a Nutritional Therapist following her son's Type 1 diabetes diagnosis in 2011; works as practitioner for Nature Doc. Based in Oxfordshire."
james-barra,James Barra,B,89,76,17,Head of Content — DayTrading.com,chief,active,,DayTrading.com,daytrading,T3,55,0,1,daytrading,cfd; forex; day-trading; trading-education,CIMA,Business Accounting (CIMA),n,Law degree@,10,,https://www.linkedin.com/in/james-barra-80a14512b/,,,,https://www.daytrading.com/contributors/james-barra,james.barra@daytrading.com,y,Business Insider,,,,,,,,,,,L5.5-direct,,"Head of Content at DayTrading.com. Nearly 10 years of broker evaluation — reviewed 200+ trading platforms and apps, recorded 50,000+ data points, placed hundreds of test trades. Former management consultant in banking and capital markets, working with major UK and European banks. Law degree; business accounting qualification from the Chartered Institute of Management Accountants (CIMA). Quoted in Business Insider on investment advice and fintech trends."
tareq-sikder-financemagnates,Tareq Sikder,B,89,79,13,News Editor — Finance Magnates,editor,active,,Finance Magnates,financemagnates,T2,75,5,1,financemagnates,forex; cfd; crypto; fintech; regulation,,,,"Honours degree in Information Technology@Anfell College, London",15,,https://www.linkedin.com/in/tareq-sikder-a2165b70/,https://twitter.com/SikderHTareq,,,https://www.financemagnates.com/author/md-tareq-sikder/,,,,,,,,500+,2026-04-16,2248,,,,L5.5-direct + Rule A,,"News Editor at Finance Magnates since 2023. Financial writer with 15 years of experience covering global markets — retail forex and CFD brokers, cryptocurrency exchanges, fintech firms, and regulatory developments. Focus on technical analysis, forex broker reviews, market sentiment, and retail trading topics. 2,248 articles published on Finance Magnates."
sue-strachan-benzinga,Sue Strachan,B,89,72,24,Copy Editor and Reporter,senior,active,,Benzinga,benzinga,T2,86,8,1,benzinga,arts-culture; culinary; general-news,,,,"BA English@Newcomb College, Tulane University",25,"New Orleans, LA, USA",https://www.linkedin.com/in/sue-strachan-new-orleans/,,https://muckrack.com/suestrachan504,https://www.suestrachan.com/,https://www.benzinga.com/author/sue-strachan,,,,,The Obituary Cocktail (LSU Press); The Café Brûlot (LSU Press),,,500+,2026-04-16,,,suestrachan.com,,L7-websearch + Rule A WebSearch,"Focus is arts/culture/culinary journalism, not markets — Benzinga role is copy editor","Copy editor and reporter at Benzinga. Previously reporter and columnist at the New Orleans Times-Picayune and NOLA.com, as well as editor and writer for a number of publications. Covered New Orleans art and culture for more than 25 years for local magazines and NOLA.com/The Times-Picayune. Also a social historian, publicist and freelance writer. Author of 'THE OBITUARY COCKTAIL' and 'THE CAFÉ BRÛLOT' (both LSU Press). Native of Connecticut; attended Newcomb College at Tulane University (BA English)."
adam-nasli,Adam Nasli,B,87,76,15,Head of Analyst Team,chief,active,,BrokerChooser,brokerchooser,T3,66,2,1,brokerchooser,broker-safety; forex; cfd; securities-trading,,,,BSc International Business@Corvinus University; MSc Finance@Central European University,10,"Budapest, Hungary",https://www.linkedin.com/in/adam-nasli/,,https://muckrack.com/adam-nasli-1,,https://brokerchooser.com/team/adam-nasli,,,FT; Bloomberg,,,,,,,,,,,,,10+ years in securities trading and broker safety evaluation. MSc Finance (CEU Budapest). Finance and programming instructor at CEU. Insights quoted by FT and Bloomberg.
david-johnson-cashbackforex,David Johnson,B,87,75,16,Co-founder — CashBackForex; CEO — Latium,chief,active,,Cashback Forex,cashbackforex,T3,55,2,2,cashbackforex; forexrazor,forex; regulation; crypto; blockchain,,,,,25,"Cork, Ireland",https://www.linkedin.com/in/david-johnson-382b9457/,,,,,,,,,,,,,,,,latium.org,,L5.5-direct + Rule A WebSearch (FinanceFeeds + LinkedIn confirmation),,"Co-founder of CashBackForex (founded 2007, Cork, Ireland). 25+ years in technology; launched multiple internet startups over the last decade. 5 years of blockchain experience including launching a blockchain, creating a coin, and working on crypto exchange projects. Currently CEO of Latium.org, a blockchain-based labor application growing real-world crypto use cases. Also co-founder of Forexrazor.com. Brief CEO stint at social network Rabadaba.com."
colin-lambert,Colin Lambert,B,87,75,16,Co-Founder & Publisher — The Full FX,chief,active,,The Full FX,thefullfx,T3,55,0,2,thefullfx; profit-and-loss,forex; interbank-fx; financial-journalism,,,,,45,"Sydney, Australia",https://www.linkedin.com/in/colin-lambert-662b977/,,,,https://thefullfx.com/author/colinlambertme-com/,,y,,,,,3392,,2026-04-16T00:00:00Z,,,thefullfx.com,,L1 WebFetch aggregate + Rule A,,"Co-founder and publisher of The Full FX (2021), the independent voice of the FX industry, launched following the closure of Profit & Loss magazine. Joined Profit & Loss in 2001, most latterly as Managing Editor. Prior 21-year trading career in FX: spot FX dealer, then proprietary trading, finishing his dealing career at British Petroleum. Held senior posts (Chief Dealer – FX, Deputy Treasurer) across London, New York, Singapore, Tokyo and Toronto. Based in Sydney, Australia."
raghee-horner,Raghee Horner,B,87,72,21,Managing Director of Futures Trading / Private Trader,senior,active,,BabyPips,babypips,T2,72,4,1,babypips,forex; futures; options; stocks; etf; trading-education,,,,,35,,https://www.linkedin.com/in/raghee-horner-9a795a157/,,,https://raghee.com,https://www.babypips.com/authors/cleopiptra,,,,,"Thirty Days of FOREX Trading: Trades, Tactics, and Techniques (Wiley); Forex Trading for Maximum Profit (Wiley); Forex in Five Hours a Week (Wiley)",,,,,,,raghee.com,,,"BabyPips L5.5 403; recovered via Rule A (Amazon, Simpler Trading, LinkedIn). 3 authored Wiley books confirmed.","Private trader, author, and Managing Director of Futures Trading at Simpler Trading. 35+ years in markets — started trading at age 17. Founder of EZ2 Trade Software. Former Chief Currency Analyst for IBFX (acquired by FXCM). Authored three Wiley trading books: 'Thirty Days of FOREX Trading', 'Forex Trading for Maximum Profit', and 'Forex in Five Hours a Week'. Published 100+ trading articles. Featured in Technical Analysis of Stocks & Commodities and eSignal's 'Trading with the Masters'. Known for 34EMA Wave and GRaB Candles indicators. BabyPips username: Cleopiptra."
laura-matthews-reuters,Laura Matthews,B,87,74,18,FX / Currency Reporter — Reuters,staff,active,,Reuters,reuters,T1,94,2,5,reuters; fx_markets; risk_net; euromoney; ibtimes,forex; markets; interbank-fx,,,,Journalism@Columbia University (Columbia Journalism School),,"New York, USA",,,https://muckrack.com/lauramatt,,https://muckrack.com/lauramatt,,,Reuters,,,,,,,,,,,L9 + Rule A (muckrack 403),,"New York-based foreign-exchange reporter at Reuters covering currencies, e-FX, trading technology, people, strategy and industry themes. Columbia Journalism School graduate. Previously at FX Markets, Risk.net, Euromoney Institutional Investor, the International Business Times, Gannett's Pacific Daily News and other publications in Jamaica and The Bahamas. HIGH RELEVANCE for RatedBrokers (FX beat)."
lisa-thompson-zacks,Lisa Thompson,B,86,76,13,Senior Equity Research Analyst (Technology/TMT) — Zacks Small-Cap Research,senior,active,,Zacks,zacks,T2,82,3,1,zacks,stocks; investing; tech; markets,,,,MBA@,30,,https://www.linkedin.com/in/lisa-thompson-4879081,,,,https://scr.zacks.com/analyst-bios/person-details/default.aspx?ItemId=92a314f9-9679-4853-bc6b-a29a82234bdc,,,,,,,,,,,,,,L1 + Rule A,,"Senior Technology Analyst at Zacks Small-Cap Research with 30+ years of experience in technology and TMT, specializing in small-cap technology research. One of the first Internet analysts on Wall Street and consistently seeks the 'next big thing' in tech. Recent coverage includes FatPipe (FATN), Nextech AR Solutions and other small-cap technology firms. Holds an MBA."
eugene-lee-bestbrokers,Eugene Lee,B,86,71,21,Investment Strategist & Quantitative Researcher — BestBrokers,senior,active,,BestBrokers,bestbrokers,T3,58,3,1,bestbrokers,investing; equity; options; fixed-income,CFA,CFA,y,,20,,https://www.linkedin.com/in/etlpro,,,,https://www.bestbrokers.com/authors/eugene-lee-cfa/,,,,,,,,500+,2026-04-16,,,,,L5.5-direct,,"Investment strategist and quantitative researcher with over two decades of experience navigating global markets. Specialized expertise in institutional asset management and fintech credit risk modeling. Covered multi-billion dollar portfolios across equities, fixed income and derivatives. Last decade building predictive models and analytical frameworks for major lending platforms. Current focus: investment coaching and options education."
joey-shadeck,Joey Shadeck,B,85,70,21,Content Strategist & SEO Research Analyst — ForexBrokers.com (Reink Media Group),staff,active,,ForexBrokers.com,forexbrokers,T3,61,2,6,forexbrokers; stockbrokers; investor; uk-stockbrokers; bettingbuck; brokernotes,forex; broker-safety,,,,"BBA Finance & Marketing (dual)@Oakland University; Dual degrees, Finance and Marketing@Oakland University; Finance & Marketing@Oakland University",10,,https://www.linkedin.com/in/josephshadeck/,https://twitter.com/jshadeck,,,https://www.forexbrokers.com/about/joey-shadeck,,,,,,,,,,,,,,L5.5-direct + Rule A,,"Content Strategist and Research Analyst for ForexBrokers.com with nearly 10 years of experience in the finance industry. Uses expertise to obtain and verify data, conduct research, and analyze/validate content. Active trader and investor for close to 10 years. Holds dual degrees in Finance and Marketing from Oakland University. Also SEO Strategist across Reink Media Group portfolio (StockBrokers.com, investor.com, StockTrader.com)."
brian-lantier,Brian Lantier,B,85,70,21,"Senior Research Analyst — Zacks Small-Cap Research (tech, software, consumer internet, special situations)",senior,active,,Zacks,zacks,T2,82,3,1,zacks,stocks; investing; tech; markets,CFA,CFA,n,"Dual major, Finance + Operations Management@Pace University",20,,,,,,https://scr.zacks.com/analyst-bios/person-details/default.aspx?ItemId=62bee72e-c05c-4e91-af47-a8878d9b2726,,,,,,,,,,,,,,L1 + Rule A,,"Senior Research Analyst with Zacks Small-Cap Research covering technology, software, consumer internet and special situations. Over 20 years of equity research experience. Coverage includes EV/Battery technologies, Autonomous Driving, AI/ML, and Consumer sectors. Career started on the small cap growth team at Lehman Brothers (software, satellites, professional services, consumer products, pharma manufacturing), then covered consumer internet and private investments at Commonwealth Associates (PE/VC, NYC), later moved buy-side to Fulcrum Partners (enterprise software, internet infrastructure, energy special situations). Dual major Finance + Operations Management at Pace University. CFA charterholder."
adria-cimino,Adria Cimino,B,85,70,21,Contributing Analyst — The Motley Fool (Healthcare/Tech/Consumer),contributor,active,,Motley Fool,fool,T1,90,3,2,fool; bloomberg,stocks; investing; markets; financial-journalism,,,,"Bachelor's, Mass Communications@University of South Florida",15,,,,,,https://www.fool.com/author/20211/,,,Bloomberg,Bloomberg TV,,,,,,,,,,L7 + Rule A,LinkedIn not surfaced (omonym trap avoided). Former Bloomberg TV/Radio = tier-1 media signal.,"Contributing Motley Fool stock market analyst covering healthcare, technology, and consumer goods sectors. Previously covered European stock market and U.S. pre-market trading for Bloomberg News, Bloomberg TV, and Bloomberg Radio for 10+ years. Earlier career at Mass High Tech (American City Business Journals) in Boston, writing about biotech, medtech, and technology companies. Holds a bachelor's degree in mass communications from University of South Florida."
john-bringans,John Bringans,B,85,74,15,Managing Editor — StockBrokers.com / Reink Media Group,editor,active,,StockBrokers.com,stockbrokers,T3,60,2,4,stockbrokers; forexbrokers; uk-stockbrokers; brokernotes,stocks; forex; financial-journalism,,,,"Bachelor's, English Literature@San Francisco State University; Bachelor's English Literature@San Francisco State University; Bachelor's in English Literature@San Francisco State University",10,"Royal Oak, Michigan, USA (Reink HQ)",https://www.linkedin.com/in/johnbringans/,,,,https://www.stockbrokers.com/about/john-bringans,,,,,,,,,,,,,,L5.5-direct + Rule A (crossOutlet confirmed),,Managing Editor for StockBrokers.com (Reink Media Group). Experienced media professional with close to a decade of editorial experience including key leadership roles at global newsroom outlets. Conducts research on forex and the financial services industry and assists in content production. Bachelor's Degree in English Literature from San Francisco State University.
brad-sorensen,"Brad Sorensen, CFA",B,85,70,21,Senior Equity Research Analyst — Zacks Small Cap Research,senior,active,y,Zacks,zacks,T2,82,3,1,zacks,stocks; equity; investing; markets,CFA,CFA (Chartered Financial Analyst),n,,20,,,,,,https://scr.zacks.com/analyst-bios/person-details/default.aspx?ItemId=c9477f93-8bd2-4293-9461-8d809f2a916c,,,,,,,,,,,,,,L1 + Rule A,,"Senior Equity Research Analyst with Zacks Small-Cap Research, with over 20 years of securities industry experience. Prior to joining Zacks in 2021, Brad was the Managing Director of Market and Sector Analysis at Charles Schwab, responsible for directing coverage of economic analysis. Actively moderates investor presentations and produces research reports covering small-cap companies across biotech, education, and healthcare. CFA charterholder."
werner-vermaak-coinmarketcap,Werner Vermaak,B,85,73,17,Technical Writer & Crypto Content Strategist,contributor,active,,CoinMarketCap,coinmarketcap,T1,91,6,3,coinmarketcap; cryptoslate; finder,crypto; blockchain; defi; regulation,,,,,8,"Cape Town, Western Cape, South Africa",https://tw.linkedin.com/in/werner-vermaak-36293424,https://twitter.com/cryptoverno,,https://wernervermaak.com/,https://coinmarketcap.com/academy/author/werner-vermaak,,,,,,,,,,,,true,,L5.5 direct aggregate + Rule A,,"Technical writer and marketer in crypto since 2017 with a 20-year marketing background across Taiwan, the UK and South Africa. Crafted 300+ official SEO content pieces (guides, interviews, news) for CoinMarketCap Academy from 2020 and briefly served as CMO at CoinMarketCap. Also writes for CryptoSlate, Finder.com, Circle, SingularityNET and 50+ Web3 companies."
chinmay-soni-tradersunion,Chinmay Soni,B,85,70,22,Head of Fact-Checking Department / Financial Analyst,senior,active,,TradersUnion,tradersunion,T2,72,3,1,tradersunion,stocks; forex; derivatives; investing; venture-capital,Certified Investment Analyst; Certified Portfolio Manager,Certified Market Professional Level 2; Certified Derivatives Pro,n; n,,5,India,,,,,https://tradersunion.com/about-us/chinmay-soni/,,,,,,,,,,,,,,L7-websearch + Rule A WebSearch (tradersunion.com timeout),,"Financial analyst with more than 5 years of experience working with stocks, forex, derivatives and other assets. Founder of a boutique research firm and active researcher covering various industries with insights backed by statistical data. Venture capital analyst for a $75 million VC fund, helping identify and research investable sectors and startups. Published 350+ articles on investing, trading, personal finance and the economy. Currently serves as Head of Fact-Checking Department at Traders Union. Also an educator in finance and technology."
masayuki-shikata,Masayuki Shikata,B,84,71,18,Finance Reporter — Nikkei Asia / Financial Times,staff,active,,Nikkei Asia,nikkei_asia,T2,87,0,3,nikkei_asia; ft; dealstreetasia,markets; tech; financial-journalism,,,,,,Japan,,,https://muckrack.com/masayuki-shikata,,https://muckrack.com/masayuki-shikata,,,Financial Times; Nikkei Asia; DealStreetAsia,,,,,,,,,,,"L9 muckrack + Rule A (403 on muckrack, recovered via WebSearch)",,"Staff writer at Nikkei Asia with cross-outlet bylines at Financial Times and DealStreetAsia. Covers technology, finance and business news across APAC with focus on semiconductor investments, IPOs and major corporate developments. Part of Nikkei's editorial collaboration with FT (Nikkei Inc. acquired FT in 2015)."
bibhu-pattnaik,Bibhu Pattnaik,B,84,72,16,Senior Writer / Contributing Writer,senior,active,,Benzinga,benzinga,T2,86,8,1,benzinga,markets; investing; finance; financial-journalism,,,,Master's in Journalism@; Degree in Economics@,20,"Delhi, India",https://in.linkedin.com/in/bibhupattnaik,,https://muckrack.com/bibhu-pattnaik-1,,https://www.benzinga.com/author/bibhu-pattnaik,,,,,,,,,,,,,,,L5.5 minimal bio; Rule A confirmed LinkedIn (Delhi) + Muck Rack,"Benzinga Staff Senior Writer and Contributing Writer. Digital media strategist, editor and writer with close to two decades of experience in digital, print and broadcast. Holds a Master's degree in journalism and degree in economics. Articles featured across Benzinga, Markets Insider, MSN (US/España/Ireland), AOL, Yahoo Finance. Based in Delhi, India."
whitney-webb,Whitney Webb,B,84,68,23,Contributor / Investigative Journalist — Bitcoin Magazine,contributor,active,,Bitcoin Magazine,bitcoinmagazine,T2,78,4,3,bitcoinmagazine; unlimitedhangout; lastamericanvagabond,bitcoin; crypto; financial-journalism; regulation,,,,,10,,,https://twitter.com/_whitneywebb,,https://unlimitedhangout.com,https://bitcoinmagazine.com/authors/whitney-webb,,,,,"One Nation Under Blackmail — Vol. 1 (Trine Day, 2022); One Nation Under Blackmail — Vol. 2 (Trine Day)",,,,,,,unlimitedhangout.com,,websearch_fallback + Rule A (no LinkedIn/email on public record — independent journalist),,"American investigative journalist and author specializing in the intersections of intelligence agencies, national security, and organized crime, with a focus on historical networks of blackmail and influence operations. Writer and researcher since 2016; from 2017 to 2020 was a staff writer and senior investigative reporter at MintPress News. Currently writes for The Last American Vagabond and runs independent outlet Unlimited Hangout. Author of the two-volume book series 'One Nation Under Blackmail' (Trine Day, 2022) — subtitled 'The Sordid Union Between Intelligence and Crime that Gave Rise to Jeffrey Epstein'. Bitcoin Magazine contributor covering bitcoin, financial privacy, and the digital dollar."
joel-agbo-coingecko,Joel Agbo,B,84,74,13,Writer (Learn / Buzz),contributor,active,,CoinGecko,coingecko,T2,88,3,2,coingecko; coingape,crypto; blockchain; web3; fintech,,,,"Bachelor of Medical Laboratory Science@University of Nigeria, Nsukka",7,"Lagos, Nigeria",https://www.linkedin.com/in/agbo-joel-080189124/,,https://muckrack.com/joel-agbo,https://www.publish0x.com/dzoelx,https://www.coingecko.com/learn/author/joel-agbo,,,,,,,,,,,,,,direct_aggregate + Rule A WebSearch,,"Technical and content writer with in-depth knowledge of web3 and self-custody solutions, fintech and advanced computing. Over 7 years of involvement in the crypto/blockchain space. Helps startups build stronger internet presence through written content. Currently Writer at CoinGape News and content writer at CoinGecko Learn / Buzz. Holds a Bachelor of Medical Laboratory Science from the University of Nigeria, Nsukka. Based in Lagos, Nigeria."
jay-hawk,Jay Hawk,B,83,70,18,"Contributor — Benzinga (Co-founder, TheFXperts)",contributor,active,,Benzinga,benzinga,T2,86,8,1,benzinga,forex; stocks; futures; options; markets; trading-education,,,,Classical Guitar training@European music conservatories,40,,https://www.linkedin.com/in/jayhawkforex/,,,https://www.facebook.com/jay.hawkfx.3,https://www.benzinga.com/money/author/jay,,,,,Forex Trading: A Beginner's Guide (co-author); Stock Trading: A Beginner's Guide (co-author); Commodity Trading: A Beginner's Guide (co-author); Fundamental Analysis for Financial Markets Traders (co-author),,,,,,,,,L7-websearch + L5.5-direct + Rule A,,"Co-founder of TheFXperts and Benzinga contributor focused on forex and broker reviews. Grew up in Chicago and Mexico City, bilingual English-Spanish. After classical-guitar training at European conservatories, he pursued a financial career beginning on the Midwest Stock Exchange. Combined 40+ years of trading experience with wife Julie: market maker on several Chicago and San Francisco options exchanges (CBOE, CME, Pacific Options Exchange), retail stock brokerage desk operator, institutional fund manager, and forex trader/mentor. Co-authored multiple trading books."
sam-boughedda,Sam Boughedda,B,83,71,17,Stock Market Analyst — Benzinga Money (contributor),contributor,active,,Benzinga,benzinga,T2,86,8,4,benzinga; asktraders; macrodesiac; leaprate,stocks; forex; markets; investing,,,,,8,"London, UK",https://www.linkedin.com/in/sam-boughedda-ab3a7660/,https://twitter.com/SamBoughedda,,,https://www.benzinga.com/money/author/sam-bougheddagmail-com,,,,,,,,,,,,,,L5.5-direct + Rule A,,"Stock market analyst and content writer based in London. Active trader and investor since 2018. Started out writing on forex markets before shifting emphasis to equities with a focus on in-depth research and breaking news. Cross-outlet contributor: bylines at Benzinga, AskTraders, Macrodesiac, and LeapRate."
dominic-frisby-moneyweek,Dominic Frisby,B,83,69,21,"Columnist — Gold, Commodities, Currencies, Crypto",contributor,active,,MoneyWeek,moneyweek,T2,80,1,2,moneyweek; coindesk,crypto; bitcoin; markets; investing,,,,Secondary@St Paul's School; Attended@Manchester University; Drama training@Webber-Douglas Academy of Dramatic Art,19,United Kingdom,,https://x.com/DominicFrisby,,https://www.theflyingfrisby.com/,https://moneyweek.com/author/dominic-frisby,editor@moneyweek.com,y,,,Bitcoin: The Future of Money?; Daylight Robbery; Life After the State; The Secret History of Gold,,,,,,y,theflyingfrisby.com,,L1 + L5.5-direct (Rule C),Primarily comedian/author; financial commentary is secondary but long-tenured,"British financial writer, comedian, author and voice actor — 'the world's only financial writer and comedian'. MoneyWeek's main commentator on gold, commodities, currencies and cryptocurrencies; contributor since 2006. Also contributes to CoinDesk. Author of the popular newsletter 'The Flying Frisby'. Books include 'Bitcoin: The Future of Money?' (2014), 'Daylight Robbery — How Tax Changed our Past and Will Shape our Future', 'Life After the State — Why We Don't Need Government' and 'The Secret History of Gold: Myth, Money, Politics and Power'. Won the Ha Bloody Ha New Act of the Year comedy competition in 1998."
tobi-opeyemi-amure,Tobi Opeyemi Amure,B,82,73,12,Editor — FinanceFeeds (freelance finance writer),editor,active,,FinanceFeeds,financefeeds,T3,62,4,2,financefeeds; investopedia,crypto; personal-finance; forex,,,,,,"Lagos, Nigeria",https://www.linkedin.com/in/tobi-amure/,https://twitter.com/tobiamure,,https://www.tobiamure.com,https://financefeeds.com/author/tobi-opeyemi-amure/,,,Investopedia,,,,,,,,,tobiamure.com,,L1 WebFetch aggregate,,"Full-time freelance finance writer specializing in crypto and personal finance topics. Editor at FinanceFeeds. Contributes/has contributed to Watcher Guru, Investopedia, and Sterling Savvy. Operates personal writer sites tobiamure.com and tobiwrites.co."
adam-button,Adam Button,B,82,73,13,Leader / Managing Editor — investingLive (formerly ForexLive),chief,active,,ForexLive,forexlive,T2,78,3,1,forexlive,forex; markets; financial-journalism,,,,Undergraduate@Ryerson University (now Toronto Metropolitan University),15,"Toronto, Canada",,https://twitter.com/FX_Button,,,https://www.investinglive.com/author/adam-button,,,,,,,,,,,,,,L5.5-direct + Rule A,,Leads investingLive.com (rebranded from ForexLive) for nearly a decade. Previously head of the markets team at Canadian Economic Press. Graduate of Ryerson University. Based in Toronto. Core thesis: news and understanding what it means first is the most valuable commodity in markets.
itai-levitan,Itai Levitan,B,82,73,13,Head of Strategy — investingLive.com,chief,active,,ForexLive,forexlive,T2,78,3,1,forexlive,forex; markets; ai; investing,,,,MBA@; BS Computer Science@,25,,,https://twitter.com/itai.levitan,,,https://www.investinglive.com/author/itai-levitan,,,,,,,,,,1410,,,,L5.5-direct,,"Head of Strategy at investingLive.com with 25 years of business experience and over a decade investing in equities and real estate. Specializes in reward-to-risk strategies, chart analysis, and AI applications in finance. Claims 15,000+ hours of chart study. Holds an MBA and a BS in Computer Science. 1,410+ articles published on platform."
brandon-bovey,Brandon Bovey,B,81,69,18,Senior Broker Analyst,senior,active,,BrokerChooser,brokerchooser,T3,66,2,1,brokerchooser,credit; equity; fixed-income,CFA,CFA,n,Engineering (BSc+)@University of Virginia,15,,https://www.linkedin.com/in/brandon-bovey/,,,,https://brokerchooser.com/team/brandon-bovey,,,,,,,,,,,,,,,,"15+ yrs across credit, equity, fixed-income markets. Engineering degrees (University of Virginia). ex-Senior Analyst Trade Analysis & Liquidity Management at Ellington Management Group 2007-2010."
rebecca-lake,Rebecca Lake,B,81,66,23,Recurring writer — Retirement / Investing / Estate Planning,contributor,active,,SmartAsset,smartasset,T2,83,2,4,smartasset; usnews_money; investopedia; creditcards,retirement; investing; personal-finance; banking,CEPF,CEPF,n,BA@University of South Carolina; Graduate student@Charleston Southern University,10,"North Carolina coast, USA",,,,,https://smartasset.com/author/rebecca-lake,,,,,,,,,,,,,,,,"Retirement, investing and estate-planning expert with a decade of experience in personal-finance writing. Contributes to SmartAsset, U.S. News & World Report, CreditCards.com, Investopedia. Earlier career at Citibank, Discover and AIG. CEPF (Certified Educator in Personal Finance). Originally from central Virginia; lives on the North Carolina coast with two children. University of South Carolina graduate; graduate student at Charleston Southern University."
kate-irwin,Kate Irwin,B,81,65,24,Staff Reporter / Lead Gaming Reporter — Decrypt (and Creative Producer — GG),staff,active,,Decrypt,decrypt,T2,82,5,6,decrypt; pcmag; blockworks; inverse; dotesports; gamerant,crypto; blockchain; tech,,,,Bachelor's@UC Berkeley; Master's@Columbia University,,,,,https://muckrack.com/kateirwin,https://www.kateirwin.ca,https://decrypt.co/author/kateirwin,,,,,,,,,,,,kateirwin.ca,,L1_known + Rule A (L5.5 404 recovered),Original URL /kate-irwin returned 404; correct slug is /kateirwin. Updated.,"Staff Reporter at Decrypt and lead gaming reporter, also Creative Producer of GG. Covers cryptocurrency news, technology and culture for Decrypt, with focus on Web3 gaming and blockchain-related topics. Graduate of UC Berkeley and Columbia University. Previously wrote for PCMag, Blockworks, Inverse/Input, Dot Esports, Game Rant, IMDb, Medium, Yahoo Entertainment. Jury member at GAM3 Awards 2023."
rick-steves-financefeeds,Rick Steves,B,81,72,13,Managing Editor — FinanceFeeds,editor,active,,FinanceFeeds,financefeeds,T3,62,4,1,financefeeds,forex; cfd; fintech; crypto; institutional_markets,,,,Business Administration@,17,,https://www.linkedin.com/in/rickstevesfx/,,,,https://financefeeds.com/author/resteves/,,,,,,,,,,,,,,L1 + L5.5-direct,,"Managing Editor at FinanceFeeds, leading daily newsroom operations and setting editorial standards across forex/CFD markets, fintech and digital assets. Entered financial services in 2009 and began journalism in 2011. Produces real-time news for institutional and retail audiences. Business Administration background."
dean-fankhauser,Dean Fankhauser,B,81,67,21,"Founder & CEO — Bitcompare (also Movingto, PromptPal, Robozaps)",chief,active,,Bitcompare,bitcompare,T3,55,1,1,bitcompare,crypto; bitcoin; defi; investing,,,,Bachelor of Business@Swinburne University of Technology(2003-2007),18,,https://www.linkedin.com/in/deanfankhauser/,,,https://deanfankhauser.medium.com/,https://bitcompare.net/people/dean-fankhauser,,,The Guardian; BBC,BBC World,,,,,,,,true,,L1_known + Rule A,,"CEO and co-founder of Bitcompare (launched September 2019 with Dan Sutherland); digital platform offering real-time data and analytics on cryptocurrency prices. Profitable in year 1. Also CEO/Co-Founder of PromptPal (AI prompt/bot marketplace), Movingto (legaltech for global citizens), and Robozaps (crypto staking marketplace). Bachelor of Business, Swinburne University of Technology (2003-2007). Economics and startup background. Guest on BBC World; interviewed by The Guardian."
veronica-dagher,Veronica Dagher,B,80,68,17,Personal Finance Reporter,staff,active,,The Wall Street Journal,wsj,T1,92,2,1,wsj,personal-finance; housing; retirement; insurance,,,,Fellowship@Columbia University School of Journalism,,,,https://x.com/veronicadagher,https://muckrack.com/veronicadagher,,,,,WSJ,CBS; Fox Business; Yahoo Finance,[object Object],,,,,,,,,,,"Award-winning WSJ personal finance reporter. Covers housing, retirement, insurance. Author of WSJ ebook 'Resilience'. Creator/host of podcast 'Secrets of Wealthy Women'. Columbia Journalism fellow. Newswomen's Club Front Page Award."
felipe-erazo,Felipe Erazo,B,80,67,19,Freelance Financial Journalist — Forex & Crypto Analyst (FXEmpire Contributor),contributor,active,,FXEmpire,fxempire,T2,73,2,4,fxempire; fxstreet; cointelegraph; financemagnates,forex; crypto; bitcoin; markets,,,,BA Journalism & Social Communication@University of Chile; BA Social Communication@,16,Chile,https://pk.linkedin.com/in/felipe-erazo-20635241,https://twitter.com/FelipeErazo,,,https://www.fxempire.com/author/felipeerazo,felipeerazo@fxempire.com,y,,,,,,,,,,,,L7-websearch + L5.5-direct + Rule A,,"Freelance writer and forex/crypto analyst involved in online forex trading since 2010 and in the crypto sphere since 2015. Provides analytical reports using both technical and fundamental approaches. Joined FXEmpire as contributor in November 2021. Journalist and editor for media outlets across Latin America, plus radio stations in Colombia, Chile and the United States. Focus instruments: BTC, ETH, ADA, EUR/USD, XAU/USD, USD/JPY. Degree in Journalism from University of Chile (highest honor in overall ranking)."
crispus-nyaga,Crispus Nyaga,B,80,68,18,Editor — 55brokers (Investment & Crypto Analyst),editor,active,,55Brokers,55brokers,T4,42,1,5,55brokers; crypto.news; invezz; contentworks; seekingalpha,forex; crypto; markets; investing,,,,Master's in Business@Kenyatta University(2017); BSc Environmental Science@Maseno University(2013),9,"Nairobi County, Kenya (remote)",https://www.linkedin.com/in/chris-ayden/,,,,https://55brokers.com/author/crispus/,,,,,,,,183,2026-04-16T00:00:00Z,,,,,L5.5-direct + Rule A,,"Investment analyst with expertise in financials, petroleum, statistical data analysis and technical analysis. Proficient in advanced market-research tools. Currently Editor at 55brokers.com (since Aug 2024), Crypto Analyst at crypto.news (since Jun 2024), Forex Analyst at Invezz (since Apr 2020), Investment Analyst at Contentworks Agency (since Aug 2017) and long-time Investment Analyst at Seeking Alpha (since Jan 2017). Based in Nairobi County, Kenya (remote). Master's in Business (Kenyatta University, 2017); Bachelor's in Environmental Science (Maseno University, 2013, Second Class Upper)."
joshua-kennon,Joshua Kennon,B,80,67,19,Former contributor — The Balance (ex-About.com); Co-Founder & Managing Director Kennon-Green & Co.,contributor,former,,The Balance,thebalancemoney,T2,84,2,2,thebalancemoney; kennongreen,investing; stocks; personal-finance; retirement,,,,,20,,,,https://muckrack.com/joshua-kennon-1,https://www.joshuakennon.com/,https://www.thebalancemoney.com/joshua-kennon-356025,,,,,The Complete Idiot's Guide to Investing (3rd Edition),,,,,,,joshuakennon.com,,Rule A WebSearch (no authorUrl on input),,"Managing Director and Co-Founder of Kennon-Green & Co., a fiduciary global asset management firm serving affluent and high net worth individuals, families and institutions. Wrote about investing for About.com (now Dotdash, rebranded The Balance) for about 17 years — hundreds of articles on stocks, bonds, real estate targeted to beginner investors. Co-author of The Complete Idiot's Guide to Investing (3rd Edition). 20+ years writing on investing, finance, business and capital allocation. Founded several Internet companies earlier in career; semi-retired managing own wealth before returning to asset management."
alex-preston-cryptocompare,Alex Preston,B,79,70,13,Chairman,chief,active,,CryptoCompare,cryptocompare,T2,78,3,1,cryptocompare,crypto; markets,,,,,25,,https://www.linkedin.com/in/alex-preston-21a9b52/,,,,,,,,,,,,,,,,,,direct_about_page+L7,"Executive, not author-in-residence. Limited byline volume.","Chairman of CryptoCompare. Co-founded Verivox, Germany's leading utility price-comparison company, with Andrew Goodwin in 1998. Background in building and operating online marketplaces and exchanges."
thomas-drury,Thomas Drury,B,79,69,14,Co-founder & Director — The Investors Centre (ACII),chief,active,,TheInvestorsCentre,theinvestorscentre,T4,35,5,1,theinvestorscentre,investing; forex; crypto; stocks,ACII,ACII (Chartered Insurance Institute Associate),n,,,"Great Whelnetham, Bury St Edmunds, UK",https://uk.linkedin.com/in/thomas-drury-acii-7701a810a,,,,https://www.theinvestorscentre.co.uk/author/thomas-drury/,,,,,,,,,,,,theinvestorscentre.co.uk,,L5.5-direct + Rule A,,"Co-founder and director of The Investors Centre (launched 2023 alongside Adam Woodhead and Dom Farnell). ACII — Chartered Insurance Institute qualified (2018). The firm has tested 50+ investment platforms, deployed £250,000+ in capital, published hundreds of guides/comparisons, grown to £3M+ valuation. Also co-launched Wolfstone Digital (digital marketing agency) in Bury St Edmunds. Based in Great Whelnetham, UK."
frank-chaparro,Frank Chaparro,B,78,68,15,Host of The Scoop / Director of Special Projects — The Block (joined GSR July 2025 as Head of Content),senior,active,,The Block,theblock,T2,80,2,1,theblock,crypto; blockchain; markets,,,,Bachelor's@Fordham University,9,,,https://x.com/fintechfrank,https://muckrack.com/fintechfrank,,https://www.theblock.co/author/frank-chaparro,,,The Block; CoinDesk,,,,,,,,,,,websearch_fallback + Rule A (TheBlock 403),,"Founding reporter at The Block crypto media outlet; joined in September 2018 as senior correspondent covering cryptocurrency markets, exchanges and institutional involvement. Became Director of News in May 2019, later editor-at-large and Director of Special Projects. Host of The Scoop podcast. Previously a finance reporter at Business Insider (2017-2018) covering crypto, equity market structure, and digital wealth management. In July 2025 joined trading firm GSR as Head of Content and Special Projects."
andrew-lockwood,Andrew Lockwood,B,78,67,16,Head of Trader Education — Funded Trading Plus,chief,active,,Funded Trading Plus,fundedtradingplus,T3,55,0,1,fundedtradingplus,forex; trading-education; prop,,,,,35,UK,https://uk.linkedin.com/in/andrew-lockwood,,,,https://www.fundedtradingplus.com/meet-andrew-lockwood-our-head-of-trader-education/,,,Finance Magnates; TradingView,,,,,500+,2026-04-16T00:00:00Z,,,,,websearch_primary + Rule A (fundedtradingplus 403),,"Head of Trader Education at Funded Trading Plus with 35+ years in financial markets. Started his career on the London Stock Exchange before transitioning to LIFFE (London International Financial Futures Exchange) trading pits, focusing on UK/US/German bonds, FTSE and sterling markets. Former floor trader at Lehman Brothers and UBS; also worked at Warburgs and Swiss Bank. Traded on the LIFFE floor on Black Wednesday (16 September 1992). Over the last nine years has taught 100,000+ students and built a social-media following of 350,000+."
jeremy-biberdorf,Jeremy Biberdorf,B,78,67,16,Founder — Modest Money,chief,active,,Modest Money,modestmoney,T3,50,2,2,modestmoney; gobankingrates,investing; personal-finance; stocks; finance,,,,Diploma — Computer Systems Technology@,20,"Vancouver, Canada",https://www.linkedin.com/in/jeremybiberdorf/,https://twitter.com/modestmoney,,https://www.modestmoney.com/,https://www.modestmoney.com/author/jeremyb2,,,,,,,,,,,,modestmoney.com,,L7-websearch + Rule A,,"Founder of Modest Money, an internet entrepreneur and personal finance writer from Vancouver, Canada. Started his career as a web programmer after completing a computer systems technology diploma program, then transitioned into search engine optimization and internet marketing for about 12 years before founding Modest Money in 2012 as a finance blog — initially as a source of side income that also led to improved personal financial habits. Also contributes to GOBankingRates, AutoInsurance.com, and The Good Men Project."
nooresh-merani,Nooresh Merani,B,77,65,19,Contributor (technical analyst) — AskTraders; Founder of Analyse India,contributor,active,,AskTraders,asktraders,T3,52,1,1,asktraders,stocks; day-trading; markets,SEBI Research Analyst,,,IT Engineering (Bachelor's)@,17,India,https://in.linkedin.com/in/nooreshtech,https://twitter.com/nooreshtech,,https://www.nooreshtech.co.in,https://www.asktraders.com/our-contributors/nooresh-merani/,noorrock2002@gmail.com,y,,CNBC; ET Now; Bloomberg,,,6297,,2026-04-16T00:00:00Z,,,nooreshtech.co.in,,L5.5-direct,,"SEBI-registered research analyst, founder/educator/blogger at Analyse India (nooreshtech.co.in). IT engineer by qualification, now advisor/trainer focused on technical analysis of Indian equities. 17+ years of blogging on technical analysis; has conducted 300+ Technical Analysis Training Workshops across India. Regular guest analyst on CNBC, ET Now and Bloomberg. Contributor at AskTraders since April 2019."
alyssa-hertig,Alyssa Hertig,B,77,64,21,Contributing Tech Reporter — CoinDesk (Bitcoin/Lightning Network),contributor,active,,CoinDesk,coindesk,T2,89,5,6,coindesk; decrypt; vice; markets-insider; yahoo-finance; cointelegraph,bitcoin; crypto; tech,,,,,,,,,https://muckrack.com/alyssa-hertig,,https://www.coindesk.com/author/alyssa-hertig,,,,,,,,,,,,,,websearch_fallback + Rule A,CoinDesk 403; LinkedIn/Twitter not surfaced via Rule A (omonym risk — R11). NEEDS_MANUAL_REVIEW for socials.,"Contributing tech reporter at CoinDesk specializing in Bitcoin and the Lightning Network. Programmer and journalist. Bylines also appear in Markets Insider, Yahoo News, Yahoo Finance, VICE, Mic, Reason, Cointelegraph, Nasdaq, Decrypt Media. Covers technical crypto topics — Lightning Network security, centralization research, payment infrastructure, NFC+Lightning retail integration, ham radio Lightning payments."
peter-conley,Peter Conley,B,77,64,21,Writer & Web Developer (Bitcoin Magazine contributor) / Product Advocate — Vercel,contributor,active,,Bitcoin Magazine,bitcoinmagazine,T2,78,4,1,bitcoinmagazine,bitcoin; crypto; tech,,Full-Stack Web Development Certification,n,BA Business Administration@SUNY Geneseo(2012),11,,https://www.linkedin.com/in/peter-conley/,https://twitter.com/PeterDConley,,https://peterdavidconley.com/,https://bitcoinmagazine.com/authors/peter-conley,,,,,,,1280,,2026-04-16,,,peterdavidconley.com,,L5.5-direct + Rule A,,"Writer and web developer, Product Advocate at Vercel since ~2022. Contributor to Bitcoin Magazine on adoption, education, and the Bitcoin ecosystem. Self-custody advocate running a cold-storage consulting business and a Bitcoin Lightning node (Nodl's Dojo). Studied 1,000+ hours of Bitcoin content across foundational books (The Bitcoin Standard, Internet of Money I-III, Layered Money, The Bullish Case for Bitcoin, Digital Gold). B.A. Business Administration, SUNY Geneseo (2012); Full-Stack Web Development certification, Bloom Institute of Technology (2022)."
victor-rosario-money,Víctor Rosario,B,77,65,18,Staff Writer — Money,staff,active,,Money.com,money_com,T2,82,3,3,money_com; consumersadvocate; msn_money,personal-finance; savings; insurance; financial-journalism,,,,BA Hispanic Studies@University of Puerto Rico,,United States / Puerto Rico,,,https://muckrack.com/victor-rosario,,https://money.com/author/victor-rosario/,,,Money; MSN Money,,,,,,,,,,,"L7 + Rule A (money.com 403, recovered via TheOrg + Muck Rack directory)",LinkedIn omonym trap — 600+ V. Rosario profiles; no disambiguating outlet match in first 3 results per R11. LinkedIn left null; flagged for manual review.,"Staff Writer at Money Group, writing and editing a wide range of topics related to personal finance. Frequent contributor to ConsumersAdvocate.org, having reviewed hundreds of companies in home warranties, credit card companies, pet insurance, television streaming services, antivirus software and gold IRAs. B.A. in Hispanic Studies from the University of Puerto Rico. Work featured across MSN Money and other outlets."
margarette-burnette,Margarette Burnette,B,76,62,22,Senior Writer & Content Strategist,senior,active,,NerdWallet,nerdwallet,T1,90,2,1,nerdwallet,savings; banking,,,,BS Business Administration@University of North Carolina at Chapel Hill,21,"Atlanta, GA",,https://twitter.com/Margarette,,,https://www.nerdwallet.com/author/margarette-burnette,margarette@nerdwallet.com,y,AP; USA Today; Washington Post; Los Angeles Times,,,,,,,,,,,,,"21+ yrs. 80+ articles, 56.8M readers. BS Business Admin (UNC Chapel Hill). Based near Atlanta, GA. ex-Good Housekeeping, Parenting, ESSENCE. Cited in AP, USA Today, WaPo, LA Times."
leo-jakobson,Leo Jakobson,B,76,67,14,Freelance Journalist (formerly CoinMarketCap Academy writer),contributor,former,,CoinMarketCap,coinmarketcap,T1,91,6,1,coinmarketcap,crypto; blockchain; financial-journalism,,,,,25,"New York City, NY, USA",https://www.linkedin.com/in/leo-jakobson-402b043/,,https://muckrack.com/leoajakobson,https://www.leojakobson.com,https://coinmarketcap.com/academy/author/leo-jakobson,,,,,,,,,,,,true,,L5.5-direct + Rule A,,"NYC-based freelance journalist covering crypto and business. Journalism career since the 1990s. Formerly wrote news briefs, analysis pieces and features about the crypto and blockchain industry primarily for CoinMarketCap Academy. Prior beats: business travel, consumer and employee engagement, small business, East Coast internet boom/bust, NYC crime, nightlife, and politics. Maintains personal site leojakobson.com."
molly-rossow,Molly Rossow,B,76,67,13,"Global Director of Marketing, Partner — Reink Media Group (ForexBrokers.com, StockBrokers.com)",chief,active,,ForexBrokers.com,forexbrokers,T3,61,2,2,forexbrokers; stockbrokers,financial-journalism; markets,,,,,17,"Detroit, MI, USA",https://www.linkedin.com/in/mollyrossow/,,,,https://www.forexbrokers.com/meet-the-team,,,,,,,,500+,2026-04-16,,,,,L5.5-direct + Rule A,,Global Director of Marketing and Partner at Reink Media Group — operator of ForexBrokers.com and StockBrokers.com. 17+ years of experience driving marketplace strategy. Based in the Detroit metropolitan area.
holly-mackay,Holly Mackay,B,76,67,13,Founder & CEO — Boring Money,chief,active,,Boring Money,boringmoney,T3,55,0,1,boringmoney,investing; personal-finance; retirement; savings,,,,Undergraduate (Oxford)@University of Oxford,27,UK,https://uk.linkedin.com/in/holly-mackay-9044524,,,https://www.hollymackay.com/,https://www.boringmoney.co.uk/advisers/holly-mackay/,,,,,,,188284,,2026-04-16,,,hollymackay.com,,"L7 WebSearch (page thin, Rule A recovery)",,"Founder and CEO of Boring Money (2015-), a consumer site rating savings, investment and pension products and cutting through finance jargon. In finance since 1999: held senior roles at Merrill Lynch, Aviva and Santander before setting up her first business, The Platforum (2008, since sold). Oxford graduate. Self-describes on LinkedIn as 'a financial translator, bullshit-basher and consumer advocate.' Regular financial-education commentator; focused on closing the UK gender investment gap (~£574B as of 2026). Keynote speaker (Chartwell Speakers, London Speaker Bureau)."
ryan-s-gladwin,Ryan S. Gladwin,B,76,68,12,Staff Writer (UK) — Decrypt,staff,active,,Decrypt,decrypt,T2,82,5,4,decrypt; theverge; fortune; coindesk,crypto; bitcoin; blockchain,,,,,,UK,,https://twitter.com/Ryan_S_Gladwin,,,https://decrypt.co/author/ryan-gladwin,ryangladwin@decryptmedia.com,y,,,,,,,,,,,,L5.5-direct + Rule A,,"Staff writer at Decrypt, based in the UK. Covers the crypto ecosystem; previously published in The Verge, Fortune, and CoinDesk. Disclosure per Decrypt bio: holds BTC, ETH, and LINK."
matt-bendoris,Matt Bendoris,B,76,63,21,Chief Features Writer — The Scottish Sun (primary),chief,active,,Boring Money,boringmoney,T3,55,0,2,scottish_sun; boringmoney,financial-journalism,,,,,36,"Scotland, UK",,https://twitter.com/mbendoris,https://muckrack.com/matt-bendoris,https://www.simonandschuster.com/authors/Matt-Bendoris/154154681,,,,,,Killing with Confidence; DM for Murder,,,,,,,,,L7-websearch (no authorUrl provided),"Listed under Boring Money in batch input, but Rule A confirms primary outlet is The Scottish Sun — Boring Money association only via Holly Mackay (founder) LinkedIn reference. Possible guest/contributor at Boring Money; NEEDS_MANUAL_REVIEW to confirm active Boring Money contributor status.",Chief Features Writer at The Scottish Sun and longtime journalist since 1989 — previously staff features writer at The Sun and The Daily Mirror (hired twice by Piers Morgan). Scottish Newspaper Society Arts/Entertainment Writer of the Year 2016. Author of crime novels 'Killing with Confidence' (written on a BlackBerry during commutes) and 'DM for Murder' (shortlisted Bloody Scotland Crime Book of the Year 2015). Has ghost-written various autobiographies. Lives in Scotland with wife and two children.
chris-weston-pepperstone,Chris Weston,B,76,65,17,Head of Research (Pepperstone),chief,active,,DayTrading.com,daytrading,T3,55,0,1,daytrading,forex; cfd; equity; fixed-income; markets,,,,Graduate Certificate in Applied Finance@Macquarie University; Master's (in progress)@,19,"Melbourne, Australia",,https://twitter.com/ChrisWeston_PS,,,https://www.daytrading.com/contributors/chris-weston,chris.weston@daytrading.com,y,Bloomberg,Bloomberg; Sky News,,,,,,,,,,,L5.5 success — plain email + X handle on-page. LinkedIn not linked from outlet page; omonym risk too high to pick.,"Head of Research at Pepperstone and contributor at DayTrading.com. 19+ years in the financial industry across research, sales and trading roles covering retail and institutional clients. Previously at IG, Merrill Lynch, Credit Suisse and Morgan Stanley. Regular market commentator on Bloomberg and Sky News. Graduate certificate in Applied Finance from Macquarie University; currently pursuing Master's."
michelle-hemstedt-thefullfx,Michelle Hemstedt,B,76,67,13,Co-Founder — The Full FX (Commercial Director),chief,active,,The Full FX,thefullfx,T3,55,0,1,thefullfx,forex; interbank-fx; markets,,,,LLB Law@London School of Economics; MA Creative Writing@Manchester Metropolitan University,20,"London, United Kingdom",https://www.linkedin.com/in/michelle-hemstedt-45512b7/,,,https://thefullfx.com,,,,,,,,,500+,2026-04-16,,,true,,L1 WebFetch aggregate + Rule A,,"Co-Founder of The Full FX, a news and analysis website for the institutional FX industry, responsible for the commercial side of the business including sponsorship sales. Launched The Full FX in 2021 with longtime P&L editor Colin Lambert after the closure of Profit & Loss. Previously spent 15 years at Profit & Loss as Commercial Director and earlier served as Head of Business Development for Futures & Options World (FOW)."
kathryn-pomroy,Kathryn Pomroy,B,75,65,16,Contributor,contributor,active,,Kiplinger,kiplinger,T2,85,5,1,kiplinger,personal-finance; retirement,,,,BA Journalism@,18,"Duluth, Minnesota, USA",https://www.linkedin.com/in/upnorthwriter/,,,https://www.upnorthwriter.com,https://www.kiplinger.com/author/kathryn-pomroy,upnorthwriter@icloud.com,y,,,,,,,,,,true,,L1+L5.5,,"18+ years covering personal finance, retirement planning, and estate/inheritance topics. BA in Journalism. Lives in Duluth, Minnesota. Joined Kiplinger as contributor in 2023. Runs her own freelance business (UpNorth Writer)."
liz-edwards,Liz Edwards,B,75,65,16,Freelance Editor and Writer,contributor,active,,Good Money Guide,goodmoneyguide,T4,48,0,2,goodmoneyguide; finder,personal-finance; banking; credit,,,,,26,United Kingdom,https://www.linkedin.com/in/liz-edwards-020b111b/,,https://muckrack.com/liz-edwards-2,,https://goodmoneyguide.com/author/liz-edwards/,,,,,,,,,,,,,,,,"Freelance personal finance editor and writer specialising in banking, credit and financial education. 20 years as Senior Editor at consumer champion Which?; then 6 years leading the editorial team at Finder (team earned multiple awards including 3 content awards in 2024). Contributes to Good Money Guide."
karthik-subramanian,Karthik Subramanian,B,75,67,12,Contributor / Technology Consultant — Crypto,contributor,active,,FinanceFeeds,financefeeds,T3,62,4,1,financefeeds,crypto; defi; blockchain; forex,,,,,9,,https://www.linkedin.com/in/karthiktradala/,,https://muckrack.com/karthik-subramanian,,https://financefeeds.com/author/karthik/,,,,,,,,,,,,,,L5.5-direct + Rule A,,"Founder, writer, and technology consultant with nine years in the crypto ecosystem. Covers token economics, Layer 1/Layer 2 infrastructure, DeFi protocols, wallets/custody, and the bridge between crypto and forex (broker technology, liquidity, macro drivers). Emphasizes clear, practical frameworks for evaluating new products and on-chain innovation alongside FX market realities."
martin-jensen-propfirmmatch,Martin Jensen,B,75,66,14,Co-Founder & CEO — Prop Firm Match,chief,active,,PropFirmMatch,propfirmmatch,T3,52,0,1,propfirmmatch,prop; forex; stocks; crypto,,,,,8,"Norway (Madison, US listed as secondary per LinkedIn)",https://www.linkedin.com/in/martin-jensen-pfm/,,,https://propfirmmatch.com,https://propfirmmatch.com/about-us,,,Forbes LA; TechBullion,,,,,500+,2026-04-16,,,propfirmmatch.com,,websearch_primary + Rule A (page 403 → WebSearch confirmation),,"Co-Founder and CEO of Prop Firm Match. Seasoned trader with eight years of experience in the financial markets trading stocks, indices and crypto. Co-founded Prop Firm Match in 2023 with John Ramos (CTO) to connect traders with prop firms matching their skills. PFM won 2024 Global Recognition Award; 100,000+ traders have used the platform."
joshua-unseth-bitcoinmagazine,Joshua Unseth,B,75,65,16,"Contributor — Bitcoin Magazine (primary: Director of Marketing, Alarm Grid)",contributor,active,,Bitcoin Magazine,bitcoinmagazine,T2,78,4,1,bitcoinmagazine,bitcoin; crypto; tech,,,,BA Sociology (Honors)@Brown University(2004-2009),16,"Pompano Beach, Florida, United States",https://www.linkedin.com/in/junseth/,https://x.com/junseth,,https://junseth.com,https://bitcoinmagazine.com/authors/joshua-unseth,junseth@gmail.com,y,,,,,,500+,2026-04-16,,,"junseth.com, alarmgrid.com",,websearch_fallback + Rule A,,Contributor to Bitcoin Magazine involved with Bitcoin since 2010. Co-organizer of South Florida's Bitcoin meetup and regular speaker/writer on marketing and Bitcoin. Primary role: Director of Marketing at Alarm Grid home security (a company he founded in 2012). Personal blog at junseth.com.
daniel-ivandjiiski,Daniel Ivandjiiski,B,74,62,19,Founder / Publisher — ZeroHedge (primary 'Tyler Durden' pseudonym),chief,active,,ZeroHedge,zerohedge,T2,82,7,1,zerohedge,markets; finance,,,,HS Diploma@American College of Sofia(1997); Molecular Biology (incomplete)@University of Pennsylvania,20,United States (formerly Bulgaria),,,,https://www.zerohedge.com/,,,,Bloomberg (subject),,,,,,,,y,zerohedge.com,prior_disciplinary_2006,L7 WebSearch (Wikipedia + FinanceMagnates + SCMP exposé),Pseudonym shared by up to 40 contributors — Tyler Durden = collective byline. FINRA disciplinary history flagged.,"Bulgarian-born, US-based former investment banker and capital-markets trader; founded ZeroHedge in January 2009 and remains publisher and main editor. Born 8 November 1978 in Sofia. Graduated American College of Sofia (1997); studied molecular biology at University of Pennsylvania until 2001. All ZeroHedge contributors publish under collective pseudonym 'Tyler Durden' (Fight Club reference). Unmasked by Bloomberg 29 April 2016 alongside Tim Backshall and Colin Lokey. FINRA charge in 2006 ($780 insider trade at Miller Buckfire)."
camila-russo,Camila Russo,B,74,65,14,Contributor (DeFi writer) — former CoinMarketCap; Founder of The Defiant,contributor,active,,CoinMarketCap,coinmarketcap,T1,91,6,1,coinmarketcap,defi; crypto; markets,,,,MSc Journalism@Northwestern University (Medill School of Journalism); Bachelor's@Pontificia Universidad Católica de Chile,,,,https://twitter.com/CamiRusso,,https://thedefiant.io,https://coinmarketcap.com/academy/author/camila-russo,,,Bloomberg,,The Infinite Machine,,,,,,,thedefiant.io,,direct_aggregate L5.5,,"Journalist, author and founder covering crypto and finance with a focus on DeFi. Formerly at Bloomberg News as markets reporter (New York, Madrid, Buenos Aires). Author of 'The Infinite Machine', the first book on the history of Ethereum. Founder of The Defiant, a decentralized finance content platform. MSc Journalism from Northwestern University's Medill School."
larry-cheung-cfa,"Larry Cheung, CFA",B,74,65,14,Founder — Tigerway / Investment Strategist / Seeking Alpha Contributor,contributor,active,,Seeking Alpha,seekingalpha,T2,88,8,1,seekingalpha,investing; stocks; markets; options,CFA,CFA,n,,,,https://www.linkedin.com/in/larrycheung/,,,https://substack.com/@larrycheungcfa,https://seekingalpha.com/author/larry-cheung-cfa,,,,,,,,500+,2026-04-16T00:00:00Z,,,tigerway,,L7-WebSearch (SA 403) + Rule A,,"CFA Charterholder and independent Investment Strategist with a broad focus on U.S. & China stocks. Formerly worked buyside in Macroeconomic Research and Credit Strategies. YouTube's U.S. & China Investment Strategist with 140K+ subscribers (~5.11M total video views). Founder at Tigerway. Key Opinion Leader in Finance. Active on Substack (30K+ subscribers), Twitter, Instagram. Focus combines long-term direct shares ownership with options selling for portfolio alpha. Teaches DCF Financial Modeling."
christian-harris,Christian Harris,B,74,63,18,Broker Analyst and Editor — DayTrading.com,editor,active,,DayTrading.com,daytrading,T3,55,0,1,daytrading,forex; cfd; stocks; crypto; futures; day-trading; trading-education,CISI IM (in progress),Chartered Institute for Securities & Investment (CISI) Investment Management,n,BA (Hons) Publishing@,30,,,,,https://linktr.ee/crh_55,https://www.daytrading.com/contributors/christian-harris,christian.harris@daytrading.com,y,,,,,,,,,,,,L5.5-direct,,"Over 30 years' experience as a professional journalist, initially tech-focused before transitioning to finance. Full-time trader of stocks, futures, forex and cryptocurrencies for 7+ years. Has evaluated dozens of brokers — 2,000+ hours in systematic reviews. Recognized as an eToro Popular Investor. Emphasizes risk management and disciplined strategy across forex, stocks, indices, commodities, ETFs, CFDs, and crypto."
stephanie-liu,Stephanie Liu,B,73,65,13,Senior Product Manager (writer/contributor),staff,active,,CoinMarketCap,coinmarketcap,T1,91,6,1,coinmarketcap,crypto; blockchain,,,,,15,"New Taipei City, Taiwan",https://www.linkedin.com/in/stephanieliu/,,,,https://coinmarketcap.com/academy/author/stephanie-liu,,,,,,,,,,,,,,,Layer5.5 success; Rule A confirmed linkedin,"Senior Product Manager at CoinMarketCap and contributing writer to CoinMarketCap Academy/Alexandria. In the crypto industry since 2017. Previously COO of CoolBitX (hardware wallet company, Taiwan). 15+ years in internet and information technology industries."
george-sweeney,George Sweeney,B,73,61,20,Content Writer / Freelance Writer — CompareForexBrokers,contributor,active,,CompareForexBrokers,compareforexbrokers,T3,69,1,3,compareforexbrokers; motleyfool; finder,personal-finance; investing; forex; taxes,DipFA,Diploma for Financial Advisers (Level 4),n,DipFA (Level 4 Diploma for Financial Advisers)@The London Institute of Banking and Finance; BA History and American Studies@University of Manchester,,UK,https://www.linkedin.com/in/george-sweeney-dipfa-7543b197/,,,,https://www.compareforexbrokers.com/about-us/george-sweeney/,,,Motley Fool; Yahoo Finance,,,,,,,,,,,L5.5-direct,,"Freelance finance writer focused on educating others in personal finance, trading, tax and investing. Level 4 Diploma for Financial Advisers (DipFA) from The London Institute of Banking and Finance; BA History and American Studies from University of Manchester. Previously worked in property, energy and insurance sectors. Contributes to CompareForexBrokers, The Motley Fool, Yahoo Finance, Freetrade, Finder, MoneyMagpie, Investing In The Web, and Online Mortgage Advisor."
mark-wolfinger,Mark Wolfinger,B,73,62,18,Options Writer / ex-CBOE Market Maker,contributor,active,,The Balance,thebalancemoney,T2,84,2,2,thebalancemoney; investorplace,options; trading-education; investing,,,,,40,,,,,,https://www.thebalancemoney.com/mark-wolfinger-2536414,,,,,The Rookie's Guide to Options; Create Your Own Hedge Fund: Increase Profits and Reduce Risks with ETFs and Options; The Short Book on Options,,,,,,,,,,L1 Rule A. No LinkedIn/X isolatable. 3 books authored + 23 yrs CBOE = strong E-E-A-T (experience vertical).,"Options educator and writer. Former Chicago Board Options Exchange (CBOE) market maker and trader for 23+ years — joined CBOE in 1976 as a market maker on the trading floor and worked there in various roles including floor trader, risk manager and coach for new market makers until 2000. Contributor to The Balance (formerly The Balance Money) and InvestorPlace on options strategy. Published author of multiple books including 'The Rookie's Guide to Options', 'Create Your Own Hedge Fund: Increase Profits and Reduce Risks with ETFs and Options', and 'The Short Book on Options'. Favored strategies: covered calls, naked puts, credit spreads, iron condors."
natasha-langan-moneyweek,Natasha Langan,B,72,59,22,Picture Editor / Property & Travel Writer — MoneyWeek,staff,active,,MoneyWeek,moneyweek,T2,80,1,4,moneyweek; theweek; dailyexpress; dailymail,housing; personal-finance; financial-journalism,,,,BA Politics@Sussex University; Postgraduate Health Promotion@Brighton University,25,United Kingdom,,,https://muckrack.com/natasha-langan,,https://moneyweek.com/author/natasha-langan,,,,,,,,,,,,,,L1 + Rule A,,"Picture Editor and Property/Travel Writer at MoneyWeek magazine. Began freelance journalism in 2000 writing for the Daily Express and Daily Mail, then joined MoneyWeek at its founding to write the property pages and Spending It section, rising to picture editor. Also writes for The Week online. Earlier career included a decade in social care, freelance health research, and sexual health training for the Terrence Higgins Trust and local councils."
ed-ponsi,Ed Ponsi,B,71,59,21,"Premium Speaker, CTA Educator",guest,active,,FXStreet,fxstreet,T2,77,6,1,fxstreet,forex; trading-education,CTA,CTA,n,,19,,,,,,https://about.fxstreet.com/meet-live-video-speaker-ed-ponsi/,,,,,,,,,,,,,,,,"Managing Director of Barchetta Capital Management, President of FXEducator. Guest speaker at FXStreet since 2006. Published author on forex trading education."
bj-johnson,Dr. BJ Johnson,B,71,59,21,Developmental English Editor — Traders Union,editor,active,,TradersUnion,tradersunion,T2,72,3,1,tradersunion,financial-journalism; trading-education,PhD,PhD English Language,n,PhD English Language@U.S. & UK (institutions not disclosed),15,,,,,,https://tradersunion.com/about-us/bj-johnson/,,,,,,,,,,,,,,L7-websearch,tradersunion.com WebFetch timeout; bio recovered from WebSearch snippet + L7,"PhD in English Language with 15+ years of editorial experience. Earned degree in English Language in the U.S. and the UK. Joined Traders Union team in 2020 as Developmental English Editor, contributing to content on trading-related topics across forex, binary, crypto, and broker review verticals. 100+ articles."
dom-farnell,Dom Farnell,B,71,63,13,Co-Founder & Investment Strategy Lead — The Investors Centre,chief,active,,TheInvestorsCentre,theinvestorscentre,T4,35,5,1,theinvestorscentre,investing; broker-safety; forex; crypto; stocks,,,,,11,"Great Whelnetham / Bury St Edmunds, UK",,https://x.com/domfarnell,,,https://www.theinvestorscentre.co.uk/author/dom-farnell/,info@theinvestorscentre.co.uk,y,,,,,,,,,,true,,L5.5-direct + Rule A,,Co-founder and Director of The Investors Centre (launched 2023 with Thomas Drury and Adam Woodhead; grew from WhatsApp group to £3M-valued business). Active retail investor since 2013 (11+ years). Personally tested funded accounts at 40+ brokers. Oversees content strategy and broker vetting methodology; rejected 20+ unregulated offshore brokers during review. Also launched Wolfstone Digital (Bury St Edmunds). Based in the UK.
julie-hawk,Julie Hawk,B,71,60,18,Contributor (forex reviews) — Benzinga; Co-Founder TheFXperts,contributor,active,,Benzinga,benzinga,T2,86,8,1,benzinga,forex; broker-safety; trading-education; interbank-fx,,,,,24,,,,,,https://www.benzinga.com/money/author/jay,,,,,Forex Trading: A Beginner's Guide; Technical Analysis for Financial Markets Traders,,,,,,,,,L7-websearch,"Co-authored record (with Jay Hawk) at Benzinga — byline 'Jay and Julie Hawk'. LinkedIn not isolated (omonym trap, R11).","Co-founder of TheFXperts (financial writing service) with husband Jay Hawk. 40+ years of collective trading expertise and 15+ years of collaborative writing specializing in forex. 12 years as an Interbank dealer, technical analyst, derivative specialist and risk manager; former Vice President at major international banks as a professional interbank forex trader and currency derivative risk manager. Following that: 12+ years as an online forex trader, trading mentor and freelance writer. Co-author of 'Forex Trading: A Beginner's Guide' and 'Technical Analysis for Financial Markets Traders' with Jay Hawk. Contributes broker reviews to Benzinga (verifies and writes forex broker reviews)."
tobias-robinson,Tobias Robinson,B,71,62,15,CEO & Head of Broker Testing Panel — DayTrading.com,chief,active,,DayTrading.com,daytrading,T3,55,0,1,daytrading,broker-safety; forex; cfd; options; futures; regulation,,,,,30,Portugal (prior UK),,,,,https://www.daytrading.com/contributors/tobias-robinson,tobias.robinson@daytrading.com,y,BBC,BBC investigation (digital options),,,,,,,,,,L5.5-direct + Rule A,,"CEO of DayTrading.com with 30+ years of experience in financial services. Oversees editorial, testing panel, and broker reviews across 200+ (publicly stated 500+) brokers. Contributed via CySEC and FCA to the regulatory response regarding digital options and CFD trading in Europe; also contributed to a BBC investigation into digital options. Director of a UK limited company and active trader. Grew up in the UK; currently resides in Portugal with involvement in property development. Quoted in The Mirror, US News, Taylor Press, International Advisor, The Forester, Global Banking & Finance Review, Block Telegraph, Nasdaq."
gerald-segal-fxnewsgroup,Gerald Segal,B,71,63,13,Founder and Managing Editor,executive,active,,FX-News Group,fxnewsgroup,T3,60,0,2,fxnewsgroup; leaprate,forex; retail-trading; b2b-finance; industry-news,MBA,,,MBA@Columbia University; BCOM@University of Toronto,25,Israel,https://www.linkedin.com/in/gerald-segal-5a94095/,,,,https://fxnewsgroup.com/author/gerald/,,,,,,,,500+,2026-04-16,,,,,L1 WebFetch aggregate + Rule A WebSearch,,"One of the most experienced writers covering the online trading sector. Founder and Managing Editor at FX News Group (FNG). Previously founded forex industry B2B news website LeapRate.com in 2010, sold to publicly traded Catena Media plc (STO:CTM) in 2018. Investment banker for more than a decade at Bear Stearns, Robertson Stephens, and Merrill Lynch. Holds an MBA from Columbia University and a BCOM from the University of Toronto. Based in Israel."
vandita-jadeja,Vandita Jadeja,B,70,61,15,Investing and Crypto Writer — Benzinga,staff,active,y,Benzinga,benzinga,T2,86,8,3,benzinga; 247wallst; motleyfool,investing; crypto; stocks; etf,,,,Masters in Accounting and Finance@The Institute of Chartered Accountants of India(2014),10,India,,,,,https://www.benzinga.com/money/author/vanditajadeja,,,,,,,,,,,,,,L7-websearch + Rule A (LinkedIn not surfaced in clean results),,"Expert writer and editor with over a decade of experience in financial journalism. Expertise: research, writing, content strategy, SEO, social media, digital marketing. Based in India. Previous roles: 24/7 Wall St, Scalefluence, The Motley Fool, Superscribe."
ashlyn-brooks,Ashlyn Brooks,B,70,58,21,Contributor — Kiplinger (personal finance),contributor,active,,Kiplinger,kiplinger,T2,85,5,6,kiplinger; investopedia; bankrate; yahoo-finance; goodrx; swoop,personal-finance; savings; banking; retirement; housing,,,,BS Engineering@Sam Houston State University; MBA Business@,,"Houston, TX, USA",,,,https://www.ashlynbrooks.com/,https://www.kiplinger.com/author/ashlyn-brooks,,,,,,,,,,,,ashlynbrooks.com,,L1 + Rule A,LinkedIn not located via Rule A (possible omonym trap) — kept null per R11.,"Financial writer and former civil engineer on a mission to show others how to save and spend smarter through purposeful money habits. Texas native who spent early career years as a heavy civil field engineer for a construction company. Bachelor of Science in Engineering from Sam Houston State University; MBA in Business. Work featured on Kiplinger, Investopedia, Bankrate, Yahoo Finance, Swoop US, and GoodRx. Based in Houston, Texas. Runs ashlynbrooks.com (content writer/freelancer)."
ilya-zaytsev-cfa,Ilya Zaytsev,B,67,55,21,Contributor / Buy-Side Analyst — Seeking Alpha (Global Value Scanner),contributor,active,y,Seeking Alpha,seekingalpha,T2,88,8,1,seekingalpha,equities; long_short; value_investing; small_mid_cap,CFA,,n,,11,,,,,https://globalvaluescanner.com/,https://seekingalpha.com/author/ilya-zaytsev-cfa,,,,,,,,,,,,globalvaluescanner.com,,L7 WebSearch (seekingalpha 403 → Rule A; LinkedIn not conclusively matched — omonym trap avoided),,"CFA charterholder and self-taught long/short equity investor publishing on Seeking Alpha since 2016. Buy-Side Analyst with value-oriented approach focused on small/mid-cap stocks. Reportedly achieved ~15–20% alpha over S&P 500 while investing part-time before moving to full-time stock investing in 2015. Also runs Global Value Scanner, a site publishing actionable analysis of globally mispriced stocks."
narendra-nathan,Narendra Nathan,B,66,58,13,Personal Finance Writer (retired),former,former,y,The Economic Times,economictimes,T2,89,0,1,economictimes,personal-finance; mutual-funds; investing,PhD,,,PhD Investment Analysis@Karnatak University(1995),25,India,https://www.linkedin.com/in/dr-narendra-nathan-315b3b21/,https://twitter.com/dr_nnathan,https://muckrack.com/narendra-nathan,,https://muckrack.com/narendra-nathan,,,,,If God was your Financial Planner,,,,,,,,,L9+L7,LinkedIn now states 'Enjoying retired life' — status=former. Book with ~100 Amazon reviews provides authoritativeness.,"Indian investment professional and finance journalist. PhD in Investment Analysis (Karnatak University, 1991-1995). Long-time personal-finance writer for The Economic Times. Prior experience in stock-market research (fundamental & technical), financial planning and wealth management. Has tracked the Indian mutual fund industry since its liberalisation in 1993. Author of 'If God was your Financial Planner'."
anastasiia-chabaniuk,Anastasiia Chabaniuk,B,66,58,13,Author / Financial Expert — Traders Union,staff,active,,TradersUnion,tradersunion,T2,72,3,1,tradersunion,forex; stocks; crypto; investing,,,,,17,,https://www.linkedin.com/in/anastasiia-chabaniuk-961823284/,,,,https://tradersunion.com/about-us/anastasiia-chabaniuk/,,,,,,,,,,,,,,seed-note + Rule A,,"Author and Financial Expert at Traders Union with 17 years of experience across finance and content marketing. Career began as a TV and radio journalist in nuclear energetics. Took copywriting, digital marketing, and SEO courses in 2007 and shifted toward trading and investing in cryptocurrency and forex. Was lead writer at Bitbetnews for several years, covering blockchain technologies and digital currencies. Now contributes analysis on forex, stocks, and crypto at TradersUnion.com."
terry-chrisomalis-modestmoney,Terry Chrisomalis,B,66,56,18,Contributor — Pharma/Biotech Analyst,contributor,active,,Modest Money,modestmoney,T3,50,2,5,modestmoney; seekingalpha; fool; talkmarkets; cnafinance,stocks; investing,,,,BA Industrial and Business Service Management@St. Petersburg College,,,https://www.linkedin.com/in/terry-chrisomalis-72084395/,,https://muckrack.com/terry-chrisomalis,https://seekingalpha.com/author/terry-chrisomalis,https://www.modestmoney.com/author/terrychrisomalis,,,,,,,,,,,,biotechpicklist.com,,L7-websearch + Rule A (modestmoney 500),,Pharma/Biotech analyst and contributor at Modest Money. Owner and founder of BiotechPicklist.com and WallStreetRain.com. Author of 'Biotech Analysis Central' (premium service on Seeking Alpha Marketplace). Healthcare contributor for The Motley Fool. Also publishes on TalkMarkets and CNAFinance. Has a 65k-follower Stocktwits following under the handle 'BiopharmaPro'. BA in Industrial and Business Service Management from St. Petersburg College.
andrey-mastykin,Andrey Mastykin,B,63,56,13,Content Director / Author & Editor — Traders Union,senior,active,y,TradersUnion,tradersunion,T2,72,3,1,tradersunion,forex; stocks; crypto; trading_education,National Union of Journalists of Ukraine (NUJU) member #4574 / UKR4492,,,,17,Ukraine,,,,,https://tradersunion.com/about-us/andrey-mastykin/,,,,,,,,,,,,,,L7-websearch (timeout on L5.5; Rule A recovered bio — LinkedIn/socials not publicly surfaced),,"Experienced author, editor and content strategist at Traders Union since 2020. Meticulous about fact-checking and editorial accuracy; focuses on educating readers about the rewards and risks of trading across financial markets. Passion for finance since 2009; extensive experience trading and investing across stocks, Forex and cryptocurrencies. Member of the National Union of Journalists of Ukraine (membership card No. 4574, international certificate UKR4492)."
nick-ranga,Nick Ranga,B,62,54,14,Senior Cryptocurrency and Forex Analyst,senior,active,,AskTraders,asktraders,T3,52,1,1,asktraders,crypto; forex; markets; investing,,Certified Scrum Product Owner,n,,10,"Dartford, UK",https://www.linkedin.com/in/nick-ranga-84614979/,,,,https://www.asktraders.com/our-contributors/nick-ranga/,,,,,,,,,,,,,,,"L5.5 success + Rule A confirmed LinkedIn (Finaffiliates, Dartford)","Senior Cryptocurrency and Forex Analyst at AskTraders, also equities trader. Over a decade of experience in Finance including major banks, FinTech sectors, and leading Forex and Cryptocurrency publications. Joined AskTraders May 2018. Certified Scrum Product Owner with 3+ years managing products. Based in Dartford, UK."
ken-little-thebalance,Ken Little,B,62,54,15,Contributor — The Balance / Author,contributor,active,,The Balance,thebalancemoney,T2,84,2,1,thebalancemoney,investing; stocks; personal-finance; markets,,,,,20,,,,,,https://www.thebalancemoney.com/ken-little-3140406,,,,,Teach Yourself Investing in 24 Easy Lessons; Personal Finance At Your Fingertips; Stock Market Investing Fast Track; The Complete Idiot's Guides (multiple titles — 15 books total),,,,,,,,,"L1 + Rule A WebSearch (Penguin Random House, Goodreads, Amazon author pages)",,"Personal finance and investing author with more than two decades of writing experience. Has written and published 15 books on investing and the stock market, including several in The Complete Idiot's Guides franchise. Most popular title: 'Teach Yourself Investing in 24 Easy Lessons'. Previously served as business editor of the Herald Times Reporter (major daily newspaper), Vice President of Marketing for a large financial services company, and Chief Financial Writer for a large mutual fund. Work featured in The Wilmington StarNews, The Daily Times, The Balance, The Greater Wilmington Business Journal, and The Herald-News. Consultant to several large financial services companies."
stanislav-korotky-wikifx,Stanislav Korotky,B,62,52,20,Algorithmic Trader / Author — MetaQuotes 'MQL5 Programming for Traders',contributor,active,,WikiFX,wikifx,T3,68,3,3,wikifx; mql5; metaquotes,forex; trading-education; day-trading,,,,,,,,,,https://www.mql5.com/en/users/marketeer,,,,FX News Group; WikiFX,,"MQL5 Programming for Traders (MetaQuotes, 2024)",,,,,,,,,L7-websearch,,"Algorithmic trader and author of 'MQL5 Programming for Traders' — the comprehensive guide to MQL5 programming published by MetaQuotes, available in English, Russian, Spanish and Chinese. Active on the MQL5.community platform under username 'marketeer' where he publishes articles on CCXT/MetaTrader 5 integration, particle swarm optimization, backpropagation algorithms in MQL5, Uniformity Factor Indicator and time series forecasting using support-vector methods. Cited in WikiFX news coverage."
bill-k-fpa,Bill K,B,61,54,13,"Head of Forums, Reviews & Performance Testing — Forex Peace Army (pseudonym)",chief,active,y,Forex Peace Army,forexpeacearmy,T3,60,6,1,forexpeacearmy,forex; broker-safety; trading-education,,,,,18,USA,,,,,https://www.forexpeacearmy.com/r/general-articles/1522/forex-peace-army-fpa-executive-team,,,,,,,,,,,,,,L7-websearch,Pseudonymous by policy — last name withheld for safety per FPA public statement. Not fabrication; authentic anonymous byline.,"In charge of Forex Peace Army's Forums, Reviews and Performance Testing. Started at FPA part-time December 2007 as 'AsstModerator' assisting with forum moderation, promoted to full-time running the forums shortly after. Natural-born American citizen. Uses pseudonym 'Bill K' and does not publish photos due to ongoing threats against his family tied to FPA's scam-broker investigations. FPA publicly confirms that anonymity is a safety measure, not a credibility issue."
andre-salzwedel,André Salzwedel,B,60,52,15,Projektleiter (Project Manager),senior,active,,Brokervergleich,brokervergleich,T3,58,0,1,brokervergleich,investing; personal-finance; crypto; banking,,,,"Magister (Master's), Economics@Technische Universität Chemnitz",14,Germany,,,,,https://www.brokervergleich.de/ueber-uns/andre-salzwedel/,,,FAZ; Süddeutsche Zeitung,,,,,,,,,,,,Layer5.5 success; Rule A: no personal LinkedIn/Twitter found (only company pages) — marked null per R11.,"Project Manager at Brokervergleich.de (operated by Franke-Media.net) since 2014. Master's (Magister) in Economics from Technische Universität Chemnitz. Covers financial market data, broker and cryptocurrency exchange testing, robo-advisor analysis, and investment product comparisons. In online finance sector since 2011. Quoted/covered by FAZ, Süddeutsche Zeitung, Cash, and Börse am Sonntag."
tom-cleveland,Tom Cleveland,B,58,51,13,"Contributor — AskTraders (ex-Visa International CFO, Group EVP & Treasurer)",contributor,active,,AskTraders,asktraders,T3,52,1,2,asktraders; bplans,forex; markets; finance,,,,Engineering (undergraduate)@Georgia Institute of Technology; Graduate studies in Finance@Georgia State University,30,,https://www.linkedin.com/in/tocleveland/,,,,https://www.asktraders.com/our-contributors/tom-cleavland/,,,,,,,,,,,,,,L5.5-direct + Rule A,,"Equities trader with 30+ years' experience in the international payments industry. CFO for various Visa International entities from 1980-1999, retiring as Group EVP and Treasurer. Instrumental in expanding Visa's global reach; built Visa's forex settlement system clearing $5B+ daily across 22 currencies. Specialisations: executive management, corporate governance, forex systems, fintech consulting, cross-border payments. Engineering degree from Georgia Institute of Technology; graduate finance work at Georgia State University. Writes for AskTraders, NY Daily News, Business Insider, Bplans."
samuel-junghenn,Samuel Junghenn,B,56,50,13,Founder & CEO,chief,active,,Traders With Edge,traderswithedge,T4,35,0,1,traderswithedge,prop; trading-education,,,,,25,Hong Kong,https://au.linkedin.com/in/samueljunghenn,,,,https://traderswithedge.com/author/maxum253/,,,,,,,,,,,,traderswithedge.com,,,Rule A confirmed AU LinkedIn + Crunchbase. Phase 2 seed flagged needsManualReview on LinkedIn — now resolved.,"Founder & CEO of Traders With Edge Tech (owned by Swift Trader Ltd, Hong Kong, est. Feb 2022). 25+ years in business growth, capital raising, and scaling multi-sector tech firms. Also Founder & CEO of Symbiosis Capital and Bot Profits. Previously Founder & Lead Digital Marketing Strategist at Think Big Online Marketing."
ian-foley-bitcoinmag,Ian Foley,B,55,47,16,Contributor (cartoonist/writer),contributor,active,y,Bitcoin Magazine,bitcoinmagazine,T2,78,4,1,bitcoinmagazine,bitcoin; crypto; tech,,,,,20,"Silicon Valley, USA",,,,https://iantoons.com,https://bitcoinmagazine.com/authors/ian-foley,,,,,,,,,,,,true,,websearch_fallback+L5.5,LinkedIn and Twitter not found — multiple 'Ian Foley' omonyms; omitting per R11. Personal site confirmed (iantoons.com).,"Cartoonist, writer, serial entrepreneur, and investor focused on enterprise software. Silicon Valley veteran with 20+ years in tech. Has founded or led sales at four startups at the forefront of new data technologies. Runs Iantoons (iantoons.com), where he creates tech cartoons on crypto, fintech and blockchain. Contributes editorial cartoons to Bitcoin Magazine."
uwe-rabolt,Uwe Rabolt,B,55,46,19,Editor / Contributor — Brokervergleich.de,contributor,active,,Brokervergleich,brokervergleich,T3,58,0,4,brokervergleich; onlinebanken; wallstreet-online; unternehmer,finance; banking; savings; investing,,,,Bankkaufmann (trained banker)@; Insurance specialist (BWV)@; Master's in Linguistics and Political Science@,35,Germany,,https://twitter.com/parolemigliori,,,,,,,,,,,,,,,,,L5.5-direct (no authorUrl) + Rule A,Brokervergleich.de editorial role per seed roleHint 'Editor (Redakteur)' but Rule A could not confirm specific Brokervergleich author page. Confirmed byline activity across multiple German finance/comparison portals.,"Trained Bankkaufmann (banker) and insurance specialist (BWV). Holds a Master's degree in linguistics and political science. 26 years in financial services distribution. Since 2011 writes primarily for comparison portals (Qomparo, Onlinebanken.com, wallstreet-online.de, unternehmer.de, helpster.de, dipeo.de). Covers brokers, banking, consumer finance in German-language media."
andreas-greiner,Andreas Greiner,B,54,48,13,Founder / Sole Operator,chief,active,,Broker-Test.at,brokertest_at,T4,48,0,1,brokertest_at,investing; forex; stocks; broker-safety,,,,,28,"Linz, Austria",,https://x.com/brokertest_at,,https://www.broker-test.at,,,,,,,,,,,,,broker-test.at,,,No L5.5 URL; Rule A via Smartcasual Substack + Christian-Drastil + Instagram/X. LinkedIn referenced in FB post but URL not surfaced — needs manual review per R11.,"Founder and sole operator of Broker-Test.at (Austria) and Viele-Broker (Germany) — two comparison websites for online brokers in the German-speaking area. Comparing over 40 online brokers since 2014. Private investor since 1998. Based in Linz, Austria. Awarded Smeil Award 2013. Single-operator site — all editorial under his byline."
scott-melker-asktraders,Scott Melker,B,54,46,18,Contributor / Podcast Host 'The Wolf Of All Streets' — AskTraders,contributor,active,,AskTraders,asktraders,T3,52,1,1,asktraders,crypto; bitcoin; investing; day-trading,,,,,,,,https://x.com/scottmelker,,https://www.thewolfofallstreets.io/,https://www.asktraders.com/our-contributors/scott-melker/,,,WSJ; NYT; Bloomberg; Forbes; Business Week,,,,,,,,y,true,,L5.5-direct + Rule A,,"Investor, trader, educator and influencer in the crypto space. Host of 'The Wolf Of All Streets' podcast (Tue/Thu 7am EST on Spotify/Apple, YouTube live 1:30pm EST; 145K+ YouTube subscribers) and author of 'The Wolf Den' newsletter. Featured in WSJ, NYT, Business Week, Bloomberg, Forbes, Coindesk, Cointelegraph, CCN, BBOD. Named 2020 'Influencer Of The Year' by Binance. Prior: 20-year music career as world-renowned producer/DJ (aka 'The Melker Project'). 950K+ Twitter followers as of May 2024."
zach-hurwitz,Zach Hurwitz,B,53,44,20,Contributor — AskTraders / Founder — TheVWAP,contributor,active,,AskTraders,asktraders,T3,52,1,2,asktraders; thevwap,day-trading; stocks; futures; trading-education,,,,BA Economics@Tufts University(2008),17,,,https://x.com/ZachHurwitz,,https://thevwap.com/about-zach-hurwitz/,https://www.asktraders.com/our-contributors/zach-hurwitz/,,,,Chat With Traders Podcast (ep 011); Trading Story Podcast (ep 109),,,,,,,,thevwap.com,,L5.5-direct + Rule A,,"Independent equities trader, trading coach, systems developer, and consultant to emerging hedge funds and proprietary trading firms. 12+ years of active equity and futures trading experience; full-time trader since 2008. Trading coach to 500+ independent and proprietary traders across six continents. Founded TheVWAP.com in 2016, built unique VWAP-focused strategy. B.A. Economics, Tufts University (2008). AskTraders contributor since May 2018."
margo-armstrong,Margo Armstrong,B,52,44,18,Contributor — The Balance,contributor,active,,The Balance,thebalancemoney,T2,84,2,1,thebalancemoney,personal-finance; housing; investing,,,,,26,USA,,,,https://movingonwithmargo.com/,https://www.thebalancemoney.com/margo-armstrong-5196531,,,,,19 e-books on motorhomes/RV living,,,,,,,movingonwithmargo.com,,"L1 + Rule A (R11 — LinkedIn returned HR homonym, skipped)",,"Freelance writer and published author; RV-living expert with 26+ years living the RV lifestyle. Author of 19 e-books on motorhomes plus books on travel, investing, and women. Member of the Escapees RV Club since 1997; writes for the club magazine. Articles published in many RV lifestyle publications. Contributor to The Balance Money covering practical personal-finance topics."
zaheer-anwari-asktraders,Zaheer Anwari,B,52,46,13,Equities Trader / Contributor,contributor,active,,AskTraders,asktraders,T3,52,1,1,asktraders,stocks; forex; trading-education,,,,,17,"London, United Kingdom",https://www.linkedin.com/in/zaheeranwari/,https://twitter.com/ZaheerAnwari,,https://sublimetrading.io,https://www.asktraders.com/our-contributors/zaheer-anwari/,,,,,,,9632,,2026-04-16,,,sublimetrading.io,,,,"Private investor since 2007 focusing on compound growth from long-term trend-following opportunities in UK stocks, US stocks, commodities and currencies. Co-founder of Sublime Trading (2018) and the Gryphon Fund with Kola Gbadamasi — a global community mentoring everyday people through spread betting and CFD accounts, with a strategy averaging 30%+ per annum over 10+ years. Joined AskTraders contributor roster May 2018. Former English language teacher (British Council-approved colleges; 2 years teaching in Asia, rest in London)."
aaron-van-wirdum,Aaron van Wirdum,B,51,45,14,Former Editor-in-Chief,former,former,,Bitcoin Magazine,bitcoinmagazine,T2,78,4,1,bitcoinmagazine,bitcoin; crypto; blockchain,,,,,12,Netherlands,,https://x.com/AaronvanW,https://muckrack.com/aaron-van-wirdum,,https://bitcoinmagazine.com/authors/aaron-van-wirdum,,,,,The Genesis Book: The Story of the People and Projects That Inspired Bitcoin,,,,,,,,,L5.5-direct+L7,,"Dutch journalist covering Bitcoin since 2013. Former Editor-in-Chief of Bitcoin Magazine (held role ~2021-2022, reappointed later). Author of The Genesis Book: The Story of the People and Projects That Inspired Bitcoin (Bitcoin Magazine Books, 2024). Industry-recognized technical reporter on Bitcoin privacy, scalability, and Core releases."
dmitrii-chernovolov,Dmitrii Chernovolov,B,51,45,13,Market Analyst — FinanceFeeds,staff,active,y,FinanceFeeds,financefeeds,T3,62,4,1,financefeeds,forex; crypto; markets,,,,,15,,,,,,https://financefeeds.com/author/dmitry-chernovolov-market-analyst/,,,,,,,,,,,,,,L1 WebFetch aggregate,LinkedIn/Twitter not surfaced via Layer 5.5 or Layer 7 — needs manual review,"Market Analyst at FinanceFeeds delivering concise, actionable technical analysis across FX, crypto, indices, commodities, and equities. 15+ years as in-house analyst for major brokers and exchanges. Specializes in technical analysis, charting, momentum analysis, and risk management."
philip-coggan,Philip Coggan,B,50,42,19,Buttonwood / Bartleby columnist — The Economist (retired 2021),former,former,,The Economist,economist,T1,92,1,1,economist,markets; finance; financial-journalism,,,,,40,UK,,,https://muckrack.com/philip-coggan,https://econbuttonwood.medium.com/,https://www.economist.com/writers/philip-coggan,,,The Economist; Financial Times,,"The Money Machine; The Economist Guide to Hedge Funds; Paper Promises: Money, Debt and the New World Order; More: The 10,000-Year Rise of the World Economy; The Last Vote: the Threats to Western Democracy; Surviving the Daily Grind",,,,,,y,,,L9 + Rule A (Muck Rack 403),,"Former Buttonwood columnist at The Economist (2006-2021), later also Bartleby columnist on work and management. Started his career at the Financial Times where he worked for twenty years. Winner of Wincott Senior Financial Journalist of the Year (2009), Best Communicator in the Business Journalist of the Year Awards (2009), and CFA Society of the UK 'Journalist of the Year' (2016). Author of multiple finance books including 'The Money Machine', 'The Economist Guide to Hedge Funds', 'Paper Promises: Money, Debt and the New World Order', 'More: The 10,000-Year Rise of the World Economy', and 'The Last Vote'."
andre-massmann,André Maßmann,B,50,43,16,Editor (Redakteur) / Freelance Finance Journalist — BrokerVergleich.de,contributor,active,y,Brokervergleich,brokervergleich,T3,58,0,3,brokervergleich; tagesgeldvergleich; buergergeld,finance; personal-finance; banking,,,,,30,Germany,,,,,,,,,,,,,,,,,,,L5.5-direct + Rule A WebSearch (no direct brokervergleich.de author page surfaced; profile confirmed across Tagesgeldvergleich.net /redaktion/andre-massmann.html + buergergeld.org),,"Freelance finance journalist writing for German media for over 30 years. Coverage area spans the entire field of finance — auto insurance, credit cards, accounts — as well as energy topics. Career began writing for daily and regional newspapers, then for a clinic network's employee newsletter, and now exclusively for online media including Tagesgeldvergleich.net and Bürgergeld.org."
john-louis-judges,John-Louis Judges,B,44,37,18,Equities Trader / Contributor,contributor,active,y,AskTraders,asktraders,T3,52,1,1,asktraders,stocks; markets; investing,,Qualified Accountant,n,,20,Singapore / London / Perth,,,,,https://www.asktraders.com/our-contributors/john-louis-judges/,,,,,,,,,,,,,,L5.5-direct,,"Qualified accountant and experienced finance professional with 20+ years in financial markets. Originally from Perth, has lived and worked in London and Singapore, bringing international perspective to Australian market coverage. Contributor to AskTraders covering equities, emerging markets, and stock trading topics."
richard-cox-asktraders,Richard Cox,B,37,33,13,Contributor / Equities Trader — AskTraders,contributor,active,y,AskTraders,asktraders,T3,52,1,1,asktraders,stocks; forex; options; crypto,,,,,20,,,,,,https://www.asktraders.com/our-contributors/richard-cox/,,,CNBC,,,,,,,,,,,"L5.5-direct (Rule A omonym-ambiguous, socials null per R11)",,"Personal investor and syndicated writer whose works have appeared on CNBC, NASDAQ, Economy Watch, Motley Fool and Wired Magazine. Two decades-plus of market experience. Focus: technical analysis strategies for global index benchmarks, forex, options, commodities, dividend stocks, tech startups and digital currencies. AskTraders member since December 2018; 42 pieces authored."
lisa-anthony,Lisa A. Anthony,B,31,27,14,Former Lead Writer — Small-Business,former,former,,NerdWallet,nerdwallet,T1,90,2,1,nerdwallet,personal-finance; banking,,,,BA Business Administration@Chadron State College,20,,,,,,https://www.nerdwallet.com/author/lisa-anthony,,y,AP; Washington Post; Entrepreneur,,,,,,,,,,,,,"Former Lead Writer on NerdWallet's small-business team. 20+ yrs in finance/lending/taxes. BA Business Admin (Chadron State). ex-Intuit TurboTax writer, BoA loan officer, Wells Fargo business analyst. 40+ articles, 3.5M readers. Cited in AP, WaPo, Entrepreneur."
emily-stewart,Emily Stewart,C,109,100,9,Senior Correspondent — Consumer & Economy,senior,active,,Business Insider,businessinsider,T1,92,6,2,businessinsider; vox,finance; markets; personal-finance; crypto,,,,,,,https://www.linkedin.com/in/emilymarkleystewart/,https://x.com/EmilyStewartM,https://muckrack.com/emilystewartm,,,estewart@insider.com,y,,,,,,500+,2026-04-16T00:00:00Z,,,,,,,"Senior correspondent at Business Insider covering business, money, and the economy, with interest in scams, markets, inflation, and cryptocurrency. Previously senior correspondent at Vox, where she focused on how markets affect people's everyday lives."
christie-harkin,Christie Harkin,C,106,97,9,"Editor at Large — CoinDesk (formerly Managing Editor, Technology)",editor,active,,CoinDesk,coindesk,T2,89,5,2,coindesk; bitcoinmagazine,crypto; tech; blockchain,,,,"Specialist degree, English and Linguistics@University of Toronto",,Canada,https://ca.linkedin.com/in/christieharkin,https://twitter.com/cryptowords,https://muckrack.com/christie-harkin,,https://www.coindesk.com/author/christie-harkin,,,,,,,,,,,,,,websearch_fallback (403 on direct) + Rule A recovered LinkedIn + Twitter + role change,,Editor at Large at CoinDesk (previously CoinDesk's Managing Editor of Technology at the time of seeding). Prior role: Managing Editor at Bitcoin Magazine. Graduate of the University of Toronto with a specialist degree in English and Linguistics.
dhanusha-gokulan,Dhanusha Gokulan,C,105,99,6,Chief Reporter — Business,chief,active,,Gulf News,gulfnews,T2,85,2,2,gulfnews; khaleejtimes,business; markets; finance,,,,MA Leadership and Innovation in Contemporary Media@American University in Dubai(2023),,"Dubai, UAE",https://www.linkedin.com/in/dhanusha-gokulan-587631a/,https://x.com/shootsprintrite,https://muckrack.com/dhanusha-gokulan,,https://gulfnews.com/author/dhanusha-gokulan,dgokulan@gulfnews.com,y,,,,,4827,,2026-04-16,,,,,L9,,"Chief Reporter — Business at Gulf News in Dubai, covering UAE, regional, and global aviation, transportation, travel and tourism, business and industry. Coverage based on press releases and government or private sector announcements related to air travel, flight fares, and the UAE economy. MA in Leadership and Innovation in Contemporary Media (American University in Dubai, 2021-2023). Ex-Principal Correspondent at Khaleej Times (Oct 2017-Oct 2022)."
mattie-brignal,Mattie Brignal,C,104,95,9,Senior Money Reporter — The Telegraph,senior,active,,The Telegraph — Money,telegraph,T1,92,2,2,telegraph; reaction_life,personal-finance; retirement; savings; housing; investing,,,,,,United Kingdom,https://www.linkedin.com/in/mattie-brignal-3b9864163/,https://x.com/mattiebrignal,https://muckrack.com/mattie-brignal-1,,https://muckrack.com/mattie-brignal-1,mattie.brignal@telegraph.co.uk,y,The Daily Telegraph,,,,,,,,,,,"L9 muckrack + Rule A (403, recovered)",,"Senior Money Reporter at The Daily Telegraph covering personal finance and financial markets, with focus on retirement planning, saving and investing, public policy, and the UK housing market. Previously at Reaction Life. Bylines have also appeared in The Conservative and The New European Journal."
tim-copeland,Tim Copeland,C,101,92,10,Head of Growth — The Block (former Editor-in-Chief),chief,active,,The Block,theblock,T2,80,2,2,theblock; decrypt,crypto; blockchain; financial-journalism,,,,"Bachelor's, Philosophy@University of York; News journalism training@Press Association Training",7,United Kingdom,https://uk.linkedin.com/in/timcopeland2,https://x.com/timccopeland,https://muckrack.com/tim-copeland-3,,https://www.theblock.co/author/tim-copeland,,,,,,,,500+,2026-04-16T00:00:00Z,,,,,"websearch_fallback (Rule A recovered LinkedIn, Twitter, authorUrl, current role)",,"Head of Growth at The Block and host of The Crypto Beat live-streaming podcast. Previously Editor-in-Chief at The Block (October 2023 — 2024). Seven years covering the crypto industry as a journalist. Prior to The Block, was News Editor at Decrypt (a ConsenSys subsidiary), where he was instrumental in building one of the leading crypto media brands. Bachelor's in Philosophy from the University of York; studied news journalism at Press Association Training."
bradley-saacks,Bradley Saacks,C,99,91,9,Hedge Fund Reporter,staff,active,,Business Insider,businessinsider,T1,92,6,2,businessinsider; semafor,investing; markets,,,,"Bachelor of Arts, Journalism@University of North Carolina at Chapel Hill(2012-2016)",,"London, UK",https://www.linkedin.com/in/bradley-saacks-837895126/,https://twitter.com/saacksattack,https://muckrack.com/saacksattack,,https://muckrack.com/saacksattack,,,,,,,,,,,,,,,MuckRack 403 (F1); Rule A success — outlet in first 3 results.,"Hedge Fund Reporter at Business Insider (London office), covering the biggest firms, up-and-coming funds, under-the-radar stars and emerging managers. Rejoined BI after a period at Semafor (left BI in 2022). Previously a staff reporter at Ignites covering mutual-fund sales/distribution/marketing. Earlier reporting at Statesman and Daily Tar Heel."
gary-silverman-nikkei,Gary Silverman,C,99,91,9,Deputy Editor-in-Chief / Business & Markets News Editor — Nikkei Asia (on secondment from FT),editor,active,,Nikkei Asia,nikkei_asia,T2,87,0,2,nikkei_asia; ft,business; markets; finance,,,,,,"Tokyo, Japan",https://www.linkedin.com/in/gary-silverman-825519/,https://x.com/garyrsilverman,https://muckrack.com/gary-silverman,,https://muckrack.com/gary-silverman,,,FT,,,,,,,,,,,L9 + Rule A (muckrack 403),,"Deputy Editor-in-Chief / Business & Markets News Editor at Nikkei Asia, on secondment from the Financial Times. Based in Tokyo. Extensive Financial Times career writing on business and financial topics; edits complex international business investigations including China tariff-evasion coverage."
madeleine-ross-telegraph,Madeleine Ross,C,98,91,8,Money Reporter — The Daily Telegraph,staff,active,,The Telegraph — Money,telegraph,T1,92,2,2,telegraph; mailonline,personal-finance; savings; banking,,,,,3,"London, United Kingdom",https://uk.linkedin.com/in/madeleine-ross-9ab9041,https://x.com/journomadeleine,https://muckrack.com/madeleine-ross,,https://muckrack.com/madeleine-ross,madeleine.ross@telegraph.co.uk,y,,,,,,,,,,,,L9 + Rule A (muckrack 403 → WebSearch recovery),,"Money Reporter at The Telegraph covering savings, consumer finance and personal finance. Joined The Telegraph in June 2023 as a Personal Finance reporter on the Money Desk after one year at MailOnline."
helen-partz,Helen Partz,C,97,87,11,Staff Writer,staff,active,,Cointelegraph,cointelegraph,T2,89,7,1,cointelegraph,crypto; bitcoin; etf; stablecoins; defi; regulation,,,,Diploma in Linguistics Education@,8,,https://www.linkedin.com/in/helen-partz/,https://twitter.com/coindanslecoin,https://muckrack.com/helen-partz,,https://cointelegraph.com/authors/helen-partz,helen.partz@cointelegraph.com,y,,,,,,,,,,,,,,"Reporting for Cointelegraph since Dec 2017. Covers Bitcoin, ETFs, self-custody, stablecoins, digital payments, global regulatory trends, DeFi, blockchain forensics. Diploma in linguistics education."
luke-jacobi,Luke Jacobi,C,96,91,6,"President — Benzinga (former Director of Operations, Editor)",chief,active,,Benzinga,benzinga,T2,86,8,1,benzinga,stocks; investing; markets; financial-journalism,,,,@University of Michigan,,"Detroit Metropolitan Area, Michigan, USA",https://www.linkedin.com/in/luke-jacobi-08721646/,https://twitter.com/LukeJacobi,https://muckrack.com/luke-jacobi-1,,https://www.benzinga.com/author/luke-jacobi,,,,,,,,,,,,,,L5.5-direct + Rule A,,"President at Benzinga (Detroit Metropolitan Area). Previously Director of Operations at Benzinga and Benzinga Editor. Attended University of Michigan. Leads Benzinga's content, product, and operations; speaker at Benzinga NFL Draft events. Active in Benzinga's expansion initiatives (notably content distribution partnerships)."
lorie-konish,Lorie Konish,C,96,91,6,Deputy Personal Finance Editor — CNBC,editor,active,,CNBC,cnbc,T1,93,2,1,cnbc,personal-finance; retirement; savings; financial-journalism,,,,,,"New York, New York, USA",https://www.linkedin.com/in/loriekonish/,https://twitter.com/LorieKonish,https://muckrack.com/lorie-konish,,https://www.cnbc.com/lorie-konish/,Lorie.konish@cnbc.com,y,CNBC,,,,,,,,,,,L9 muckrack (403) + Rule A WebSearch,,"Deputy Personal Finance Editor at CNBC.com (role evolved from Personal Finance Reporter). Covers how people can spend less, save more, and invest wisely. Prior to joining CNBC, served as Assistant Managing Editor at Investment News, a Crain's publication. Joined Twitter/X in May 2009 (6,232 followers)."
zoe-yuqing-han,Zoe Yuqing Han,C,96,88,9,Personal Finance Reporter,staff,active,,MarketWatch,marketwatch,T1,91,3,1,marketwatch,personal-finance; investing; markets,,,,"Master's, Business & Economic Reporting@New York University; B.A. Economics / B.S. Journalism@Boston University(2020)",,"New York, NY",https://www.linkedin.com/in/zoe-yuqing-han/,https://x.com/zoeyuqhan,https://muckrack.com/zoe-han-1,https://zoeyuqinghan.journoportfolio.com/,,zoe.han@marketwatch.com,y,Financial Times,,,,,500+,2026-04-16,,,,,,L1 Rule A. Input name 'Yuqing Han' resolves to Zoe Han (byline name). TalkingBizNews hire announcement + Muck Rack + Qwoted cross-verified.,"Personal Finance Reporter at MarketWatch (Dow Jones). Business journalist and audio producer based in NYC with work appearing in Financial Times, Council on Foreign Relations and Boston Business Journal. Master's from New York University (Business & Economic Reporting). B.A. in Economics and B.S. in Journalism from Boston University (2020). Previously part-time assistant producer and audio intern at Financial Times."
erhan-kahraman,Erhan Kahraman,C,95,89,7,Senior Advertorial Content Editor & Auditor,editor,active,,Cointelegraph,cointelegraph,T2,89,7,1,cointelegraph,crypto; sponsored-content,,,,Physics (background)@,6,,https://linkedin.com/in/erhankahraman/,https://twitter.com/erhankahraman,,,https://cointelegraph.com/authors/erhan-kahraman,erhan@cointelegraph.com,y,,,,,,,,,,,,,,"Senior Advertorial Content Editor & Auditor at Cointelegraph since 2023 (6+ yrs at org, joined 2019). Reviews and approves advertorial content. Physics background. ex-led Cointelegraph Turkey team."
joshua-franklin,Joshua Franklin,C,95,90,6,US Banking Editor — Financial Times,editor,active,,Financial Times,ft,T1,92,5,1,ft,banking; finance; ipos; m_and_a,,,,University of Bristol@University of Bristol,,"New York, NY, USA",https://www.linkedin.com/in/joshua-franklin-06565589,https://x.com/ftjfranklin,https://muckrack.com/ftjfranklin,,https://muckrack.com/ftjfranklin,,,,,,,,,,,,,,L9 + Rule A (muckrack 403 → WebSearch recovery),,"US Banking Editor at the Financial Times, leading FT coverage of the largest US financial institutions including Goldman Sachs, JPMorgan Chase and Morgan Stanley. Focus areas include alternative investments, asset management and wealth management. Prior to joining the FT in 2021, he was a Reuters reporter covering mergers and acquisitions, initial public offerings and corporate finance across New York, Zurich and London (since 2019 specifically in IPO/M&A beat)."
preston-fore,Preston Fore,C,95,88,8,Reporter — Success team (Fortune),staff,active,,Fortune,fortune,T1,90,5,1,fortune,personal-finance; financial-journalism,,,,BA Journalism and Global Studies@University of North Carolina at Chapel Hill,3,,https://www.linkedin.com/in/forepreston/,https://x.com/forepreston,https://muckrack.com/preston-fore,,https://fortune.com/author/preston-fore/,preston.fore@fortune.com,y,,,,,,500+,2026-04-16T00:00:00Z,,,,,L9 Muck Rack (403) → Rule A WebSearch recovery,,"Reporter on Fortune's Success team covering education, personal finance and entrepreneurship. Joined Fortune in 2023. Grew up in Chattanooga, Tennessee. Graduate of University of North Carolina at Chapel Hill (Journalism and Global Studies). Worked at The Daily Tar Heel for nearly four years (reported from inside the U.S. Supreme Court). Previously interned and published bylines at CNN."
yam-yehoshua,Yam Yehoshua,C,95,86,11,Editor-in-Chief — Finance Magnates,chief,active,,Finance Magnates,financemagnates,T2,75,5,1,financemagnates,forex; cfd; crypto; regulation; financial-journalism,,UX Design,n,"Diploma, Journalism & Communication Studies@Headline College, Tel Aviv",,"Tel Aviv District, Israel",https://www.linkedin.com/in/yamyehoshua/,https://twitter.com/yamixy,,,https://www.financemagnates.com/author/yam-yehoshua/,,,,,,,,,,29,,,,L1 + Rule A,,"Editor-in-Chief of Finance Magnates, setting editorial direction and overseeing coverage of global online trading, fintech and digital-asset sectors — with focus on regulatory enforcement, licensing, consolidation and the evolution of CFD and crypto business models. Based in Tel Aviv District, Israel. Journalism & Communication Studies diploma from Headline College (Tel Aviv) plus a UX Design certificate from Create future. Prior editing and economic-reporting roles at Haaretz/TheMarker, Maariv Online, Al-Monitor and The Jerusalem Post. 29 published articles on Finance Magnates as of harvest date."
daniel-kuhn-theblock,Daniel Kuhn,C,95,86,11,Senior Journalist & Editor (Tech) — The Block,senior,active,,The Block,theblock,T2,80,2,2,theblock; coindesk,crypto; tech; blockchain; financial-journalism,,,,MA Business & Economic Reporting@NYU Arthur L. Carter Journalism Institute; Graduate studies English Literature@; BA Philosophy@,8,United States,https://www.linkedin.com/in/daniel-kuhn-a65a7816b,https://x.com/danielgkuhn,https://muckrack.com/daniel-kuhn,,https://www.theblock.co/author/daniel-kuhn,,,,,,,,,,,,,,websearch_fallback (theblock 403) + Rule A,,Senior Journalist and Editor at The Block covering the crypto industry with a particular focus on tech. Previously Deputy Managing Editor of Opinion/Features at CoinDesk (5 years). Earlier a reporter at Financial Planning. Holds a master's in Business & Economic Reporting from NYU's Arthur L. Carter Journalism Institute. Undergraduate in philosophy; graduate work in English literature.
bhaskar-dutta,Bhaskar Dutta,C,94,86,9,FX & Rates Reporter (Bloomberg) — former ET Markets Principal Digital Content Creator,senior,active,,The Economic Times,economictimes,T2,89,0,3,economictimes; bloomberg; businessstandard,forex; fixed-income; markets; credit; financial-journalism,,,,,,"New York, NY (formerly India)",https://www.linkedin.com/in/bhaskar-dutta-596a287b/,,https://muckrack.com/bhaskar-dutta,,https://muckrack.com/bhaskar-dutta,,y,,,,,,500+,2026-04-16,,,,,,L9 Muck Rack 403 — Rule A confirmed Bloomberg current role + LinkedIn. Email obfuscated at Bloomberg format. Cross-outlet tier-1 promotion from ET → Bloomberg.,"FX and rates reporter at Bloomberg News, based in New York City. Previously Principal Digital Content Creator at ETMarkets.com / Special Correspondent at The Economic Times, focusing on national economic and financial news in India including government borrowing, monetary policy, banking and market trends. Earlier roles at Business Standard, Informist Media Pvt and Cogencis Information Services. Coverage includes bonds, FX, OIS and RBI policy."
lu-wang-bloomberg,Lu Wang,C,93,88,6,Cross-Asset Correspondent — Bloomberg News,senior,active,,Bloomberg,bloomberg,T1,94,3,1,bloomberg,markets; us_equities; cross_asset,,,,MBA in Finance@Simmons College(2000),,"New York, NY, USA",https://www.linkedin.com/in/lu-wang-04004356/,https://x.com/luwangnyc,https://muckrack.com/luwangnyc,,https://muckrack.com/luwangnyc,,,,,,,,500+,2026-04-16T00:00:00Z,,,,,L9 + Rule A (muckrack 403 → WebSearch recovered LinkedIn + Twitter + education),,"Cross-asset correspondent at Bloomberg News covering US equities and markets. Based in New York. MBA in Finance from Simmons College (1999-2000). Skills span capital markets, investments, equities, alternative investments and asset management. Work appears across Bloomberg News, Bloomberg Businessweek, Bloomberg Green Daily and Bloomberg Markets Magazine."
lewis-krauskopf-reuters,Lewis Krauskopf,C,93,88,6,"Markets Correspondent — Reuters (stocks, healthcare & industrials)",senior,active,,Reuters,reuters,T1,94,2,1,reuters,markets; stocks; equity; financial-journalism,,,,MS Journalism@Columbia University (Knight-Bagehot Fellow)(2013),,"New York, NY, USA",https://www.linkedin.com/in/lewiskrauskopf/,https://twitter.com/LKrauskopf,https://muckrack.com/lewis-krauskopf,,https://muckrack.com/lewis-krauskopf,lewis.krauskopf@thomsonreuters.com,y,Reuters,,,,,,,,,,,"L9 muckrack + Rule A (403 on muckrack, recovered via WebSearch)",,"Reuters markets correspondent based in New York covering stocks with focus on healthcare and industrials. Knight-Bagehot Fellow at Columbia University (2012-2013). MS Journalism, Columbia."
james-hunt-theblock,James Hunt,C,92,86,7,"Deputy Managing Editor, The Daily newsletter",editor,active,,The Block,theblock,T2,80,2,1,theblock,crypto; bitcoin; blockchain,,,,,7,United Kingdom,https://www.linkedin.com/in/james-hunt-b884043b0/,https://x.com/humanjets,https://muckrack.com/james-hunt-9,,https://www.theblock.co/author/james-hunt,jhunt@theblock.co,y,,,,,,,,,,,,,Layer 5.5 blocked (403) → Rule A WebSearch. Awards: Top 5 BTC Mining Journalists 2023.,Deputy Managing Editor at The Block and writer of The Daily crypto newsletter. Joined The Block in 2022 after four years as a freelance writer in the crypto industry. Named among The Top 5 Bitcoin Mining Journalists of 2023 by Hashrate Index. UK-based.
yifan-yu,Yifan Yu,C,92,85,8,Technology Correspondent — Nikkei Asia,senior,active,,Nikkei Asia,nikkei_asia,T2,87,0,1,nikkei_asia,tech; business; asia; us_tech; china,,,,Journalism (Business and Economic Reporting)@New York University,,"Silicon Valley, California, USA",https://www.linkedin.com/in/yifanyunews/,https://x.com/yifanyunews,https://muckrack.com/yifanyunews,https://yifanyunews.com/,https://muckrack.com/yifanyunews,yifan.yu@nex.nikkei.com,y,,Nikkei Tech Latest podcast,,,,500+,2026-04-16T00:00:00Z,,,yifanyunews.com,,L9 + Rule A (muckrack 403 → WebSearch recovered email + bio + NYU education + prior outlets),,"Award-winning bilingual (Chinese/English) business and financial news journalist based in Silicon Valley, covering cross-border tech companies with a special focus on Asia for Nikkei Asia. Global working experience across the United States, Mainland China, Hong Kong and India. Previous coverage areas include leveraged finance, real estate, China tech and corporate regulation. Earlier roles: leveraged finance reporter at Debtwire (US credit market), Mansion Global and Barron's Penta at Dow Jones, and South China Morning Post. NYU journalism alumna."
steve-gelsi,Steve Gelsi,C,92,83,11,Staff Writer — Banking & Cannabis (MarketWatch),staff,active,,MarketWatch,marketwatch,T1,91,3,1,marketwatch,banking; markets; financial-journalism,,,,,,,https://www.linkedin.com/in/steve-gelsi/,https://x.com/stevegelsi,https://muckrack.com/stevegelsi,,,,,,,"CBS MarketWatch Story Behind the Numbers: How America Made a Killing and Lost its Shirt (Alpha, 2002)",,,,,,,,,Rule A WebSearch (no authorUrl provided),,"Staff Writer at MarketWatch covering banking and the cannabis industry. Previously Private Equity writer at The Deal and Buyouts magazine. Authored 'CBS MarketWatch Story Behind the Numbers: How America Made a Killing and Lost its Shirt' (Alpha, 2002) — profile of Main Street stock market investors and trading strategies. Coverage includes private equity, financial markets, energy, legal cannabis and IPOs."
alice-liu-cmc,Alice Liu,C,91,85,7,Research Lead — CoinMarketCap,chief,active,,CoinMarketCap,coinmarketcap,T1,91,6,1,coinmarketcap,crypto; defi; blockchain; markets,,,,,,UK,https://www.linkedin.com/in/alicejingliu/,,,,https://coinmarketcap.com/academy/author/alice-l,,,,CryptoNews Podcast ep. 495; Paris Blockchain Week Summit (speaker),,,1719,,2026-04-16,,,,,L5.5-direct + Rule A,,"Runs CoinMarketCap's research team (joined 2022), publishing monthly reports on top crypto topics and leveraging CMC's own data. Research focus spans on-chain analytics, Web3, DeFi, NFTs, infrastructure, macroeconomic trends, tokenization, DAO governance, and real-world assets (RWA). Prior career as an investment professional at WisdomTree, Coutts, and J.P. Morgan. Podcast and conference speaker (CryptoNews Podcast ep. 495, Paris Blockchain Week)."
medha-singh-reuters,Medha Singh,C,91,88,3,Senior Breaking News Correspondent — Finance and Markets (Reuters),senior,active,,Reuters,reuters,T1,94,2,1,reuters,markets; equity; forex; crypto,,,,,,,https://www.linkedin.com/in/medha-singh-0811/,https://x.com/medhasinghs,https://muckrack.com/medha-singh,,https://muckrack.com/medha-singh,medha.singh@thomsonreuters.com,y,,,,,,500+,2026-04-16,,,,,L9 + Rule A (muckrack 403 → WebSearch recovery),,"Senior Breaking News Correspondent covering Finance and Markets at Reuters. Markets correspondent whose beat spans stocks, currencies, emerging markets and cryptocurrencies. Coverage includes European/global equities, Trump-trade volatility and EM currency moves around geopolitical events."
kai-wang-morningstar,"Kai Wang, CFA",C,90,81,11,Senior Equity Analyst / Asia Market Strategist — Morningstar,senior,active,,Morningstar,morningstar,T2,87,3,1,morningstar,stocks; equity; markets; tech,CFA,CFA,n,,,"Chicago, Illinois, USA (per LinkedIn location on public sources; coverage Asia)",https://www.linkedin.com/in/kaiwang1/,,,,https://www.morningstar.com/people/kai-wang,,,,,,,,,,,,,,L7 WebSearch (Morningstar 403) + Rule A,,"Senior equity analyst for Morningstar covering ex-Japan internet and healthcare platforms and SaaS companies, with a particular focus on China. Covers both US and H-share companies such as Baidu, Meituan, and Trip.com. Translates primary evidence into investment signals — finding alpha and surfacing downside risks before consensus. Bridges the information gap between Asian markets and Western institutional capital. Started career in fixed income in New York before transitioning to equity research. Joined Morningstar in 2021."
justin-low-forexlive,Justin Low,C,90,85,6,"Currency Analyst — investingLive (formerly ForexLive), ex-CIMB Investment Bank",senior,active,,ForexLive,forexlive,T2,78,3,2,forexlive; investinglive,forex; interbank-fx; markets,,,,"Commerce, Finance and Econometrics@Monash University",,"Kuala Lumpur, Malaysia",https://www.linkedin.com/in/justin-low-59652b93/,https://twitter.com/kenzyxvw,,,https://www.investinglive.com/author/justin-low,,,,,,,,,,44895,,,,L1 + Rule A,,"Currency analyst covering European markets at investingLive (formerly ForexLive). Former FX and FX Options dealer at CIMB Investment Bank. Graduate of Monash University where he studied Commerce, Finance and Econometrics. Speaks English, Bahasa Malaysia and some Chinese. Based in Kuala Lumpur, Malaysia."
tracy-wang,Tracy Wang,C,90,89,1,Deputy Managing Editor (Finance & Deals) — former CoinDesk,editor,former,,CoinDesk,coindesk,T2,89,5,1,coindesk,crypto; defi; markets; financial-journalism,,,,,,"New York, NY",https://www.linkedin.com/in/tracycwang/,https://twitter.com/0x_tracy,https://muckrack.com/tracycwang,,https://www.coindesk.com/author/tracy-wang,,,,,,,,,,,,,,,"CoinDesk author page 403 — Rule A confirmed LinkedIn (Framework Ventures current), X @0x_tracy, Muck Rack. Polk Award = major E-E-A-T signal. Former CoinDesk role.","Former Deputy Managing Editor of CoinDesk's finance and deals team, based in New York. Reported on decentralized finance, venture capital, exchanges and market-makers, DAOs and NFTs. Won a George Polk Award (with co-reporter Ian Allison) for the scoop that led to Sam Bankman-Fried's FTX cryptocurrency empire collapsing. Currently freelance journalist covering tech and finance."
jamie-crawley,Jamie Crawley,C,89,82,9,News Reporter — CoinDesk,staff,active,,CoinDesk,coindesk,T2,89,5,1,coindesk,crypto; bitcoin; blockchain; financial-journalism,,,,,5,"London, UK",https://uk.linkedin.com/in/jamie-crawley-08ab95107,https://x.com/jamiecrawleycd,https://muckrack.com/jamie-crawley,,https://www.coindesk.com/author/jamie-crawley,,,,,,,,,,,,,,websearch_fallback + Rule A (CoinDesk 403),,"News Reporter at CoinDesk since February 2021. Covers breaking news, Bitcoin tech and protocols, and crypto VC. Based in London. Holds BTC, ETH and DOGE."
sam-kessler-coindesk,Sam Kessler,C,89,84,6,"Deputy Managing Editor, Tech & Protocols — CoinDesk",editor,active,,CoinDesk,coindesk,T2,89,5,1,coindesk,crypto; blockchain; defi; tech,,,,BA Computer Science@Harvard University,,,https://www.linkedin.com/in/sam-kessler-746089b0/,https://x.com/skesslr,,https://sam-kessler.com/,https://www.coindesk.com/author/sam-kessler,,,,,,,,500+,2026-04-16,,,sam-kessler.com,,"websearch_fallback + Rule A (coindesk 403, recovered)",,"Deputy Managing Editor for Tech and Protocols at CoinDesk since February 2022. Reporting focuses on decentralized technology, infrastructure and governance. Computer science degree from Harvard University, where he led the Harvard Political Review. Recipient of the 2023 Gerald Loeb Award for Beat Reporting for coverage of the FTX collapse. Speaker at Consensus Hong Kong 2025."
turner-wright,Turner Wright,C,88,83,6,Staff Writer & Senior Policy Reporter,senior,active,,Cointelegraph,cointelegraph,T2,89,7,1,cointelegraph,crypto; regulation; us-laws,,,,BA Aerospace Engineering@University of Texas at Austin,5,,https://www.linkedin.com/in/turnerwright,,,,https://cointelegraph.com/authors/turner-wright,turner@cointelegraph.com,y,,,,,,,,,,,,,,Staff writer + senior policy reporter at Cointelegraph. Specializes in US digital asset regulations. BA Aerospace Engineering (UT Austin). Joined Cointelegraph 2020 after freelancing on international affairs.
john-puterbaugh,John Puterbaugh,C,88,80,10,Editor-in-Chief,chief,active,,Bankrate,bankrate,T1,90,2,1,bankrate,personal-finance; credit; investing; savings,,,,Bachelor of Arts@Northern Illinois University,30,"Charlotte, NC, USA",https://www.linkedin.com/in/johnputerbaugh,,,,https://www.bankrate.com/authors/john-puterbaugh/,,,,,,,,500+,2026-04-16T00:00:00Z,,,,,,,"Editor-in-Chief at Bankrate with 30 years of experience in journalism. Based in Charlotte, North Carolina. Focuses on service journalism across credit cards, saving and investing. Previously at CNET and Chicago Tribune. Lives with wife and two children; enjoys running, cycling, soccer and cooking."
stephen-culp,Stephen Culp,C,88,83,6,"Markets Journalist — Reuters (US stock market, macro, data)",senior,active,,Reuters,reuters,T1,94,2,1,reuters,markets; stocks; financial-journalism,,,,BFA Directing@Regis University; BA English@Regis University,,"Jersey City, NJ, USA",https://www.linkedin.com/in/stephen-culp-08144014/,https://x.com/reutersculp,https://muckrack.com/stephen-culp,,https://muckrack.com/stephen-culp,,,Reuters,,,,,303,2026-04-16T00:00:00Z,,,,,L9 + Rule A (Muck Rack 403; LinkedIn + Twitter + bio recovered),,"Journalist covering the U.S. stock market with focus on macro-economics and data for Thomson Reuters. Based in Jersey City, New Jersey. Prior roles at The Ohio State University, Bear Stearns, Bowne, Merrill Corp, and LanguageWorks, Inc. Skill set includes leadership, PowerPoint, social media, Illustrator, and graphic design. Holds BFA in Directing and BA in English from Regis University."
emmanuel-nyame,Emmanuel Nyame,C,88,80,10,Financial Review Board member (Bankrate); CEO Twelvenets; Global Communications Specialist (UN Foundation),chief,active,,Bankrate,bankrate,T1,90,2,1,bankrate,personal-finance; banking; finance,,,,Economics (background)@,16,,https://www.linkedin.com/in/emmanuelnyame/,,,,https://www.bankrate.com/authors/emmanuel-nyame/,,,,,,,,,,,,,,L7 WebSearch (review board + LinkedIn),,"CEO of Twelvenets and member of Bankrate's Financial Review Board. Background in economics with 16 years of experience. Formative years spent serving business accelerators and venture capital firms, preparing startups for funding including through SXSW's Pitch program. Also serves as Global Communications and Engagement Specialist at the United Nations Foundation. Led campaigns and corporate match-donation efforts raising $7M+ for social impact initiatives. FERD's List Europe honoree and two-time nominee for the Global Business Hall of Fame."
jeremy-nation,Jeremy Nation,C,88,83,6,Senior Reporter — blockchain ecosystem,senior,active,,The Block,theblock,T2,80,2,2,theblock; ethnews,blockchain; crypto; bitcoin,,,,,,,https://www.linkedin.com/in/jeremy-nation-9a217b58/,,https://muckrack.com/jeremy-nation,https://medium.com/@ETH_Nation,https://www.theblock.co/author/jeremy-nation,,,,,,,,,,,,,,websearch_fallback,,"Senior Reporter at The Block covering the greater blockchain ecosystem. Previously product content specialist at Bullish and Block.one. Ex-reporter at ETHNews where he produced 460+ articles on Ethereum ecosystem topics, interviewing key individuals and organizations in the space. Commitment to old-school, fact-based journalism."
nikolai-isayev,Nikolai Isayev,C,88,83,6,COO & Editor-in-Chief — FinanceFeeds / The Industry Spread; Founder & President — DARTEK Consulting,chief,active,,FinanceFeeds,financefeeds,T3,62,4,2,financefeeds; industryspread,forex; cfd; regulation; financial-journalism,,,,,,Cyprus,https://cy.linkedin.com/in/nikolaiisayev,,,,https://financefeeds.com/author/nisayev/,,,,,,,,,,,,,,L1 + Rule A,,"Chief Operating Officer and Editor-in-Chief of FinanceFeeds and sister outlet The Industry Spread. Founder and President of DARTEK Consulting. Holds COO roles at various online-trading industry self-regulatory organisations. Newsroom contact for FinanceFeeds errors, suggestions and editorial matters. Based in Cyprus."
sam-reynolds-coindesk,Sam Reynolds,C,88,83,6,"Senior Reporter, Asia Markets — CoinDesk",senior,active,,CoinDesk,coindesk,T2,89,5,1,coindesk,crypto; markets; blockchain,,,,,,Hong Kong,https://hk.linkedin.com/in/sam-reynolds-996483208,,https://muckrack.com/sam-reynolds,,https://www.coindesk.com/author/sam-reynolds,,,,,,,,500+,2026-04-16,,,,,websearch_fallback (coindesk 403 → Rule A recovery),,"Senior Reporter, Asia Markets at CoinDesk, based in Hong Kong. Was part of the CoinDesk team that won the 2023 Gerald Loeb Award in the breaking news category for coverage of FTX's collapse. Prior to CoinDesk, was a reporter with Blockworks and a semiconductor analyst with IDC."
emma-kerr,Emma Kerr,C,88,82,7,Personal Finance Editor (former) — U.S. News & World Report,editor,former,,US News — Money,usnews_money,T2,88,0,2,usnews_money; nudge,personal-finance; taxes; banking; savings; financial-journalism,,,,,10,,,https://x.com/emmarkerr,https://muckrack.com/emma-kerr,,https://www.usnews.com/topics/author/emma-kerr,,,,,,,,,,,,,,L1 (timeout) + Rule A,LinkedIn omonym trap (R11) — multiple Emma Kerr profiles; 'nudge' match likely but not unambiguous.,"Former Personal Finance Editor at U.S. News & World Report, where she reported and edited on taxes, family finance, banking, credit, debt and smart money management, and oversaw the Your Money Decisions newsletter. Earlier coverage focused on education finance (college financial aid, student loan debt, employment). Work has appeared in U.S. News, MSN (US), Nature, Yahoo News/Finance, Bustle, The Toronto Star, The Daily Beast, The Chronicle of Higher Education, JAMA, and Flipboard. Currently U.S. Editor at nudge (nudgeglobal). Alum of The Michigan Daily."
jared-kirui-financemagnates,Jared Kirui,C,88,81,9,Editor — Finance Magnates,editor,active,,Finance Magnates,financemagnates,T2,75,5,1,financemagnates,forex; cfd; crypto; regulation; financial-journalism,,,,Bachelor of Commerce (Finance)@University of Nairobi,5,"Nairobi, Kenya",https://www.linkedin.com/in/jaredkirui,,https://muckrack.com/jared-kirui,,https://www.financemagnates.com/author/jared-kirui/,,,,,,,,,,2745,,,,L1 WebFetch aggregate + Rule A,,"Editor at Finance Magnates with 5+ years of experience in financial journalism. Covers online trading, fintech, payments and crypto industries, including regulation, compliance, executive moves, trading technology and market analysis. 2,745 published articles on Finance Magnates; work also featured in Benzinga, ZyCrypto, The Distributed and The Daily Hodl."
chris-russell-nikkei,Chris Russell,C,87,80,9,"Desk Editor — Business & Finance, Nikkei Asia",editor,active,,Nikkei Asia,nikkei_asia,T2,87,0,1,nikkei_asia,business; finance,,,,BA Philosophy@King's College London(2009),,"Tokyo, Japan",https://jp.linkedin.com/in/chris-russell-9579b84b,,https://muckrack.com/jt_cr,,https://asia.nikkei.com/Author/Chris-Russell,,,Nikkei Asia; Japan Times,,,,,,,,,,,L9 + Rule A (Muck Rack 403),,"Desk Editor at Nikkei Asia, based in Tokyo. Previously Senior News Editor at The Japan Times (joined 2018 on News Desk). Earlier roles at Custom Media KK, City Weekend, and SinoMedia. Part of the Oxford Climate Journalism Network 2024. Jointly oversees the 'Our Planet' page at Nikkei Asia on environment and climate change."
aaron-khoo-cmc,Aaron Khoo,C,87,79,10,Head of Listings & Ecosystem / Writer,senior,active,,CoinMarketCap,coinmarketcap,T1,91,6,1,coinmarketcap,crypto; blockchain; defi,,,,,7,Singapore,https://www.linkedin.com/in/aaronksw/,,,,https://coinmarketcap.com/academy/author/aaron-khoo,,,CoinDesk,,,,,,,,,,,direct_aggregate,,"Head of Listings & Ecosystem at CoinMarketCap. Joined CoinMarketCap in 2018 as employee #16 (out of 30) and had a front-row seat to the events leading up to the Binance acquisition. Wrote publicly about the 'Cambrian explosion' of new crypto assets in 2021 when CMC received 10,793 listing applications in H1 alone. Based in Singapore."
zhong-yang-chan-coingecko,Zhong Yang Chan,C,87,84,3,Head of Research — CoinGecko,chief,active,,CoinGecko,coingecko,T2,88,3,1,coingecko,crypto; blockchain; regulation,,,,,,Malaysia,https://www.linkedin.com/in/zychan1/,,,https://www.coingecko.com/author/zhong,https://www.coingecko.com/author/zhong,,,,,,,,,,,,,,L1_known + Rule A WebSearch,,"Head of Research at CoinGecko. Prior to CoinGecko, led the Innovation Department at the Securities Commission Malaysia, where he was a key driver of policies regarding cryptocurrencies, classification of crypto as securities, and implementation of crypto-related regulations."
nathaniel-meyersohn-cnn,Nathaniel Meyersohn,C,87,84,3,Consumer Reporter — CNN Business,staff,active,,CNN Business,cnn_business,T1,95,0,1,cnn_business,markets; financial-journalism; personal-finance,,,,@Hunter College (Urban Policy & Planning),,"New York, United States",https://www.linkedin.com/in/nathaniel-meyersohn-8b297592,https://twitter.com/nmeyersohn,https://muckrack.com/nathaniel-meyersohn,,https://muckrack.com/nathaniel-meyersohn,Nathaniel.Meyersohn@cnn.com,y,,,,,,500+,2026-04-16,,,,,L9 + Rule A (muckrack 403 → WebSearch recovery),,"Consumer reporter at CNN Business covering shopping, consumer trends and major retailers like Walmart, Amazon, Target and Costco. New York-based."
andrew-van-sickle,Andrew Van Sickle,C,86,78,10,Editor — MoneyWeek,editor,active,,MoneyWeek,moneyweek,T2,80,1,1,moneyweek,investing; markets; personal-finance; financial-journalism,,,,MA Geography & International Relations (First-class)@University of St Andrews,25,United Kingdom (grew up in Vienna),https://www.linkedin.com/in/andrew-van-sickle-821a408b/,,,,https://moneyweek.com/author/andrew-van-sickle,editor@moneyweek.com,y,,,,,,500+,2026-04-16,,,,,L5.5-direct,,"Editor of MoneyWeek (since 2018); has been with the publication since its inception in October 2000. Specialises in macroeconomics and stock markets; also covers German-speaking markets (fluent German). Previously contributed to The Week foreign pages, covered German pharmaceuticals for The Pharma Letter (2009 relaunch, ~2 yrs), and served as deputy editor on the Barclays account at marketing agency Redwood. First-class MA in Geography & International Relations from the University of St Andrews. Grew up in Vienna."
sophie-rolland,Sophie Rolland,C,85,83,3,Cheffe du service Marchés Financiers (Head of Financial Markets),editor,active,,Les Echos,lesechos,T2,85,2,1,lesechos,markets; finance; financial-journalism,,,,DEA Economics and International Finance@Université Paris Dauphine - PSL; Economics and English@Université Paris Nanterre,,France,https://www.linkedin.com/in/sophie-rolland-10119329/,https://twitter.com/sorolland,https://muckrack.com/sophie-rolland,,https://muckrack.com/sophie-rolland,,,,,,,,,,,,,,L9,,"Head of Financial Markets service at Les Echos since Feb 2016. Previously Cheffe de service adjoint and Journaliste Gestion d'actifs at Les Echos. Prior: L'Agefi (investigative writing, financial rankings, 2014-2016); Capital (macroeconomic journalist)."
charles-hayter,Charles Hayter,C,85,80,6,CEO & Co-Founder,chief,active,,CryptoCompare,cryptocompare,T2,78,3,1,cryptocompare,crypto; bitcoin; blockchain; markets,,,,,,United Kingdom,https://uk.linkedin.com/in/charles-hayter-ab785425,,,,https://www.cryptocompare.com/about-us/,,,,,,,,,,,,cryptocompare.com,,,L1 About page + Rule A confirmed UK LinkedIn + Crunchbase + TheOrg.,"CEO & Co-Founder of CryptoCompare (now rebranded as CCData). Co-founded the company in 2014 to bring clarity to the digital asset sector. Previously Equity Research Analyst at Citibank and at Westhall Capital. Regular commentator on digital asset markets, benchmark methodology, and exchange quality."
lance-davis,Lance Davis,C,84,82,3,"Former VP of Content, Bankrate (now at Pillar4 Media / moved on)",editor,former,,Bankrate,bankrate,T1,90,2,1,bankrate,personal-finance; banking; credit; housing; insurance,,,,BA Journalism@Auburn University(2013),13,USA,https://www.linkedin.com/in/lance-r-davis/,,,,https://www.bankrate.com/authors/lance-davis/,lance.davis@bankrate.com,y,,,,,,,,,,,,L1,,"Former Vice President of Content for Bankrate, overseeing content for home lending, deposits, investing, consumer lending, insurance, credit cards, and small business. Led a team of 70+ editors, reporters, and publishers. Started at Bankrate as copy editor in 2013. Auburn University (Journalism, 2013). Recently concluded a run at Pillar4 Media."
danny-kunwoong-park,Danny Kunwoong Park,C,84,79,6,East Asia Reporter — The Block,reporter,active,,The Block,theblock,T2,80,2,2,theblock; forkast,crypto; web3; regulation; east_asia,,,,Bachelor of Journalism and Business Marketing@University of Hong Kong,,"Seoul, South Korea",https://www.linkedin.com/in/danny-kunwoong-park-5b57651a4/,https://x.com/ParkKunwoong,https://muckrack.com/danny-park-1,,https://www.theblock.co/author/danny-park,dpark@theblock.co,y,,,,,,500+,2026-04-16T00:00:00Z,,,,,websearch_fallback + Rule A (theblock 403 → bio + email + LinkedIn + Twitter + HKU education),,"East Asia Reporter at The Block since December 2023, writing on Web3 developments and crypto regulations in the region. Based in Seoul. Previously a reporter at Forkast.News where he actively covered the downfall of Terra-Luna and FTX. Has produced written and video content for media companies across Korea, Hong Kong and China. Holds a Bachelor of Journalism and Business Marketing from the University of Hong Kong."
yogita-khatri,Yogita Khatri,C,83,76,9,Senior Reporter — The Block,senior,active,,The Block,theblock,T2,80,2,3,theblock; coindesk; economictimes,crypto; defi; markets,,,,,,,,https://x.com/yogita_khatri5,https://muckrack.com/yogita_khatri5,,https://www.theblock.co/author/yogita-khatri,,,,,,,,,,,,,,websearch_fallback (403 on direct) + Muck Rack,,"Senior reporter at The Block and author of The Funding newsletter. The Block's longest-serving editorial member with over 3,000 articles, making her the outlet's most-published and most-read author of all time. Prior roles: CoinDesk and The Economic Times. Known for breaking scoops including Nexo's acquisition of Vauld and ZkSync's TGE."
prashant-mahesh,Prashant Mahesh,C,83,81,3,Senior Assistant Editor — The Economic Times,senior,active,,The Economic Times,economictimes,T2,89,0,1,economictimes,mutual-funds; personal-finance; stocks; investing,,,,BSc Chemistry@SIES College,,India,https://www.linkedin.com/in/prashant-mahesh-2125335/,https://x.com/PrashantmET,https://muckrack.com/prashant-mahesh,,https://muckrack.com/prashant-mahesh,,,,,,,,,,,,,,L9 muckrack (403) + Rule A WebSearch,,"Senior Assistant Editor at The Economic Times, tracking mutual funds, personal finance, stock markets, IPOs, and financial planning. Prior experience at Outlook Business, HDFC Bank, and ICICI Money Manager. Holds a BSc in Chemistry from SIES College. Joined Twitter/X in September 2013 (7,760 followers)."
guillermo-jimenez,Guillermo Jimenez,C,82,80,3,Editor-in-Chief — Decrypt,chief,active,,Decrypt,decrypt,T2,82,5,1,decrypt,crypto; blockchain; web3,,,,,,"Austin, Texas, USA",,https://x.com/guillermojimnz,,,https://decrypt.co/author/guillermo,guillermo@decryptmedia.com,y,,,,,,,,,,,,direct_team_page (L5.5-direct),,"Editor-in-Chief of Decrypt, based in Austin, Texas. Previously worked as writer, editor and podcast producer for various publications. Holds BTC, ETH and SOL."
rosie-carr,Rosie Carr,C,82,80,3,Editor,editor,active,,Investors' Chronicle,investorschronicle,T2,78,0,1,investorschronicle,investing; markets; equity; personal-finance,,,,BA French and History@,,"London, United Kingdom",https://www.linkedin.com/in/rosie-carr-a9865b8/,https://x.com/carrrosie,https://muckrack.com/rosie-carr,,,,,,,,,,424,2026-04-16,,,,,L1,,"Editor of Investors' Chronicle (FT Group publication), appointed after serving as Deputy Editor. Financial journalist with a degree in French and History. Based in London."
solveig-godeluck,Solveig Godeluck,C,82,80,3,Reporter / US Correspondent,senior,active,,Les Echos,lesechos,T2,85,2,1,lesechos,markets; investing; finance,,,,,,"New York, USA",https://www.linkedin.com/in/solveig-godeluck-8069165/,https://twitter.com/solwii,https://muckrack.com/solveig-godeluck,,https://muckrack.com/solveig-godeluck,,,,,,,,500+,2026-04-16,,,,,,L9 — Muckrack 403 on WebFetch. Rule A confirmed LinkedIn + Twitter @solwii. US correspondent beat.,"Journalist at Les Échos and US correspondent based in New York. Covers US affairs, predictive markets, institutional investment, and business topics. Featured on lesechos.fr, Flipboard, Levif, Fnac, Worldcrunch. Verified Muck Rack profile."
leslie-cook,Leslie Cook,C,81,74,10,Lead Real Estate Editor,editor,active,,Money.com,money_com,T2,82,3,1,money_com,housing; personal-finance,,,,,6,,https://www.linkedin.com/in/leslie-cook-9829b9198/,,https://muckrack.com/leslie-cook,,https://money.com/author/leslie-cook/,,,,,,,,,,,,,,,Layer 5.5 blocked (Cloudflare 403) → Rule A WebSearch.,Lead Real Estate Editor at Money Group since June 2023; previously Lead Mortgage Reporter and Staff Writer at Money (Jan 2020-Oct 2023). Covers mortgages and how rate movements affect the housing market. Has interviewed Lawrence Yun (NAR chief economist) and Glenn Kelman (Redfin CEO). Writes the weekly Money Moves newsletter alongside regular real-estate articles.
adonis-adoni,Adonis Adoni,C,81,76,7,News Editor — Finance Magnates,editor,active,,Finance Magnates,financemagnates,T2,75,5,1,financemagnates,financial-journalism; markets; crypto; regulation; tech,,,,BA Law@Nottingham Trent University; LLM Health Law@Nottingham Trent University,6,,https://www.linkedin.com/in/adonisadoni/,,,,https://www.financemagnates.com/author/adonis-adonis/,,,,,,,,,,,,,,L5.5-direct + Rule A,,"News Editor at Finance Magnates with 6+ years covering financial services, technology, and their intersection. Specializes in C-suite interviews, M&A activity, capital raising, and data-driven industry reporting with emphasis on clear storytelling. Coverage: online trading industry, fintech companies, digital assets and crypto markets, regulatory and compliance developments, executive interviews. BA Law + LLM Health Law from Nottingham Trent University."
damilola-esebame,Damilola Esebame,C,81,75,8,"Contributing Editor, DeFi — FinanceFeeds",editor,active,,FinanceFeeds,financefeeds,T3,62,4,1,financefeeds,defi; crypto; stablecoins; forex; blockchain,,,,,8,,https://www.linkedin.com/in/damilolaesebame/,https://twitter.com/efeoise_,,,https://financefeeds.com/author/damilola-esebame-contributing-editor-for-defi/,,,,,,,10000,,2026-04-16T00:00:00Z,,,,,L1 + Layer 5.5 + Rule A,,"Finance journalist and content strategist specializing in DeFi, crypto, macroeconomics, and FX. 8 years of editorial experience delivering data-backed explainers, interviews, and market updates. At FinanceFeeds maps the DeFi landscape — stablecoins, tokenization, liquidity, and policy — linking digital-asset developments to macro drivers and market structure for brokers and platforms."
che-pan,Che Pan,C,81,73,11,Reporter — South China Morning Post (tech/AI/semiconductors),staff,active,,South China Morning Post,scmp,T1,90,2,2,scmp; caixin,tech; ai; markets; financial-journalism,,,,MSc Financial Regulations & Risk Management@Sciences Po Paris,8,Hong Kong / China,,,https://muckrack.com/che-pan,,https://www.scmp.com/author/che-pan,,,,,,,,,,,,,,L9 Muck Rack (403) + Rule A,,"Reporter at South China Morning Post since 2020, covering China tech news with a focus on semiconductors and artificial intelligence. Previously covered China's economy at Caixin. Master's degree in financial regulations and risk management from Sciences Po Paris."
chris-nesi-theblock,Chris Nesi,C,81,76,6,Managing Editor — The Block,editor,active,,The Block,theblock,T2,80,2,2,theblock; techcrunch,crypto; blockchain; tech; financial-journalism,,,,BA Journalism and Political Science@William Paterson University of New Jersey,,"New Jersey, USA",,,https://muckrack.com/chris-nesi,,https://www.theblock.co/author/chris-nesi,,,,,,,,,,,,,,websearch_fallback + Rule A (403 on theblock direct),LinkedIn search returned multiple omonyms (Christopher Nesi/New Brunswick schools). Left LinkedIn null per R11 omonym rule.,"Managing Editor at The Block. Award-winning multimedia journalist, editor, consultant, and commercial writer. Previously spent 6 years as copy editor at TechCrunch, was longtime contributing editor for Consulting magazine, ran his own AOL/Patch local news site in northern New Jersey, and started career as a newspaper reporter."
allison-morrow,Allison Morrow,C,80,73,9,Senior Writer — CNN Business (lead of Nightcap newsletter),senior,active,,CNN Business,cnn_business,T1,95,0,1,cnn_business,markets; crypto; finance,,,,,,"Brooklyn, NY, USA",,https://x.com/allisondmorrow,https://muckrack.com/alliwsj,,https://www.cnn.com/profiles/allison-morrow,,,CNN; WSJ,,,,,,,,,,,L9 + Rule A (Muck Rack 403),,"Senior Writer at CNN Business covering financial markets, the US economy, and cryptocurrency. Lead writer and founder of CNN Business Nightcap newsletter. Previously at The Wall Street Journal. Based in Brooklyn, NY."
aislinn-keely,Aislinn Keely,C,80,79,1,Reporter (fintech/crypto/legal) — Law360 (formerly The Block),reporter,former,,The Block,theblock,T2,80,2,2,theblock; law360,crypto; policy; legal; fintech; regulation,,,,BA (summa cum laude)@Fordham University,,"New York City, USA",https://www.linkedin.com/in/aislinn-keely-579386161/,https://x.com/AislinnKeely,https://muckrack.com/aislinn-keely,,https://www.theblock.co/author/aislinn-keely,aislinn.keely@law360.com,y,,,,,,60,2026-04-16T00:00:00Z,,,,,websearch_fallback + Rule A (theblock 403 → bio + Twitter + email from Fordham interview + Muck Rack),,"Fintech and crypto reporter at Law360 covering court decisions, bankruptcies, regulatory actions and financial regulation. Previously a reporter on The Block's policy team (legal beat) where she hosted the 'Policy Scoop' podcast series on crypto regulation, compliance and legal developments (FATF, stablecoins, sanctions, insider trading). Graduated summa cum laude from Fordham University; earlier worked at NPR affiliate WFUV and led Fordham's student newspaper. Name pronounced 'Ash-lyn'."
jason-peterson,Jason Peterson,C,80,75,6,Co-founder & Chief Technical Architect — CashbackForex / FXVerify,chief,active,,Cashback Forex,cashbackforex,T3,55,2,2,cashbackforex; fxverify,forex; broker-safety; tech,,,,,,"Pompano Beach, FL, USA",https://www.linkedin.com/in/grateful-jason/,,,,,,,,,,,,,,,,cashbackforex.com,,L5.5-direct + Rule A (LinkedIn confirmed via 'Co-founder FXVerify/CBFX' match),,"Co-founder of CashbackForex (CBFX) and its broker-verification arm FXVerify. Serves as Chief Technical Architect, responsible for technology infrastructure and systems of the forex rebate and broker-review platform. Based in Pompano Beach, Florida."
jason-nelson,Jason Nelson,C,80,75,6,Reporter / West Coast Tech Reporter — Decrypt,staff,active,,Decrypt,decrypt,T2,82,5,1,decrypt,ai; tech; crypto; blockchain,,,,,,"Los Angeles, California, USA",https://www.linkedin.com/in/jasoncnelson/,https://twitter.com/jasonnelson,https://muckrack.com/dragonwolftech,,https://decrypt.co/author/jason,jason@decrypt.co,y,,,,,,500+,2026-04-16T00:00:00Z,25,,,,direct_team_page + L5.5-direct + Rule A,,"Reporter at Decrypt covering artificial intelligence, emerging technology and internet culture. West Coast tech reporter (Los Angeles, California). Coverage includes quantum computing, AI safety, OpenAI developments, AI infrastructure and policy, and AI–crypto intersections. Discloses no significant crypto holdings. First paid journalism role covered global Bitcoin/cryptocurrency adoption."
antonio-fernandes-sousa,Antonio J. Fernandes Sousa,C,80,78,3,Co-Founder & CEO — Trading Economics,chief,active,,Trading Economics,tradingeconomics,T2,85,0,1,tradingeconomics,markets; investing; finance,,,,MBA Finance & Investments@; Degree in Economics@,,"New York, USA / Portugal",https://pt.linkedin.com/in/antonio-j-sousa-713b85302/pt,,,https://tradingeconomics.com,,,,,,,,,,,,,tradingeconomics.com,,L7 WebSearch (Crunchbase + LinkedIn),,"Co-founder and CEO/Managing Director of Trading Economics (New York), platform providing historical data and forecasts for 196 countries covering 20M+ economic indicators, exchange rates, stock indexes, bond yields and commodities. Previously Chief Strategist at one of the world's largest financial trading firms, leading global economics research and advanced computer programming applied to development of global macro and event-driven trading strategies. MBA Finance & Investments. Degree in Economics."
noam-korbl-compareforexbrokers,Noam Korbl,C,80,72,11,Co-Founder & CTO (formerly COO) — CompareForexBrokers,chief,active,,CompareForexBrokers,compareforexbrokers,T3,69,1,1,compareforexbrokers,forex; cfd,,,,Business degree (Banking & Finance specialization)@Monash University(2011),12,Australia,https://au.linkedin.com/in/noam-korbl-201a3266,,,,https://www.compareforexbrokers.com/about-us/noam-korbl/,,,,,,,,,,,,true,,L5.5-direct + Rule A,,Entrepreneur who merged digital marketing expertise with finance education to launch CompareForexBrokers in 2014 alongside Justin Grossbard. Values long-term business relationships and currently operates two companies. Also co-founded Hearing Choices (formerly Ozen) in ~2016.
anna-fedec-tradingeconomics,Anna Fedec,C,80,78,3,Founder / Managing Director / Editor-in-Chief — TradingEconomics,chief,active,,Trading Economics,tradingeconomics,T2,85,0,1,tradingeconomics,markets; investing; finance,,,,MA Economics@City University of New York; MA International Relations@Cracow University of Economics,,"New York, United States",https://www.linkedin.com/in/anna-fedec-16a7664/,,,,,,y,,,,,,57,2026-04-16,,,tradingeconomics.com,,L7 WebSearch,,"Co-founder, Managing Director and Editor-in-Chief of TradingEconomics.com, which she founded in New York City with Antonio J. Fernandes Sousa. Oversees content and company leadership at the global economic-indicators platform."
george-budwell,George Budwell,C,79,71,11,Contributing Analyst — Healthcare/Tech/AI (The Motley Fool),contributor,active,,Motley Fool,fool,T1,90,3,1,fool,stocks; investing; tech; ai,PhD,,,PhD (scientific discipline)@Tulane University,,"Katy, Texas, USA",https://www.linkedin.com/in/george-budwell-ph-d-3000bb106/,,https://muckrack.com/george-budwell-1,https://www.georgebudwell.com/,https://www.fool.com/author/7472/,,,,Fox Business News,,,,253,2026-04-16T00:00:00Z,,,georgebudwell.com,,L1 + Rule A,,"Contributing Motley Fool biotechnology and technology analyst covering disruptive innovators in healthcare, defense, and artificial intelligence. Also writes on portfolio theory, dividend stocks, and value investing. Analyzes breakthrough technologies — eVTOL aircraft, quantum computing, AI, next-gen semiconductors. Work featured in BioSpace, Time Magazine, Newsweek, Fox Business News. PhD-level background; studied at Tulane University. Located in Katy, Texas."
george-rossi-55brokers,George Rossi,C,79,71,11,Chief Market and Broker Analyst — 55brokers.com,chief,active,,55Brokers,55brokers,T4,42,1,2,55brokers; brokertested,forex; cfd; markets; broker-safety,,,,,12,,https://www.linkedin.com/in/george-r-a275891b2/,,,,https://55brokers.com/author/george/,,,,,,,,,,,,,,L5.5-direct + Rule A,,"Chief Market and Broker Analyst at 55brokers.com since June 2020, leading fact-checking, editing and broker services analysis. Nearly a decade as a self-employed Foreign Exchange Trader since 2015. Previously Chief Market Analyst at SVS Securities Plc (2018-2020) and Research Analyst at Morgan Stanley (2013-2015)."
jose-omar-rodriguez,José Omar Rodríguez,C,78,72,9,Editor — Personal Finance,editor,active,,Money.com,money_com,T2,82,3,2,money_com; consumersadvocate,personal-finance; investing,,,,"J.D. (cum laude), Law — Labor Law specialization@University of Puerto Rico Law School(2008)",,,,,https://muckrack.com/jose-omar-rodriguez,,https://money.com/author/jose-omar-rodriguez/,,,,,,,,,,,,,,,Input 'Jose Omar' had null authorUrl; Rule A resolved full name to 'José Omar Rodríguez' and authorUrl via Muck Rack. LinkedIn not uniquely identifiable (omonym risk R11).,"At Money Group since 2019 as an editor specializing in personal finance and in-depth company reviews. Also manages a team of personal finance writers for ConsumersAdvocate.org, editing and writing hundreds of company reviews yearly. Work featured in the Sacramento Bee, Miami Herald, and Kansas City Star. Cum laude graduate of University of Puerto Rico Law School (2008), specializing in labor law."
stephanie-goh-coingecko,Stephanie Goh,C,78,72,9,Public Relations Specialist / Writer (Learn),staff,active,,CoinGecko,coingecko,T2,88,3,1,coingecko,crypto; blockchain,,,,,5,"Kuala Lumpur, Malaysia",https://www.linkedin.com/in/stephaniegohsy/,https://twitter.com/StephanieGoh7,https://muckrack.com/stephanie-goh,,https://www.coingecko.com/author/stephaniegoh,,,,,,,,,,,,,,L7,Original batch input URL (/learn/author/stephanie-goh) returns 404 — correct aggregate is /author/stephaniegoh. Author primarily PR; byline role on Learn confirmed.,"Public Relations Specialist at CoinGecko, based in Kuala Lumpur, Malaysia. Writes for CoinGecko Buzz / Learn covering Bitcoin staking, blockchain ecosystems (Solana), and beginner-friendly crypto education. In the crypto space since 2020. Digital communications and copywriting background."
nivedita-hazra,Nivedita Hazra,C,78,74,6,Staff Writer — Benzinga,staff,active,,Benzinga,benzinga,T2,86,8,2,benzinga; seekingalpha,markets; stocks; investing,,,,,,India,https://in.linkedin.com/in/nivedita-hazra-36a479156,https://twitter.com/hazra_nivedita,,,https://www.benzinga.com/author/nivedita-hazra,,,,,,,,500+,2026-04-16T00:00:00Z,,,,,L7-websearch + L5.5-direct + Rule A,,"Benzinga staff writer covering markets, business and general-interest stories (recent work includes features on IIT-JEE toppers, LinkedIn-acquired founders and Indian entrepreneur profiles). Previously associated with Seeking Alpha (per LinkedIn)."
jeremy-olshan,Jeremy Olshan,C,77,75,3,Personal Finance Bureau Chief,chief,active,,The Wall Street Journal,wsj,T1,92,2,1,wsj,personal-finance,,,,,,,,,https://muckrack.com/jolshan/articles,,,,,,,,,,,,,,,,,,Head of WSJ Personal Finance Bureau.
brian-danga,Brian Danga,C,77,69,11,Reporter (Nairobi),staff,active,,The Block,theblock,T2,80,2,3,theblock; dailycoin; crypto.news,crypto; blockchain,,,,,4,"Nairobi, Kenya",https://www.linkedin.com/in/brian-danga-a72088208/,,https://muckrack.com/brian-danga,,,,,,,,,,,,,,,,websearch_fallback+L7,Bluesky @brianweb3.bsky.social observed. Twitter URL not confirmed.,"Nairobi, Kenya-based crypto reporter at The Block. Previously reported for crypto.news and DailyCoin; also worked on the venture side at Elevate Ventures. Coverage includes bitcoin corporate treasuries, African crypto adoption, and breaking news."
lisa-dammeyer,Lisa Dammeyer,C,77,75,3,Former Investing Editor — Bankrate (now Editor at FinanceBuzz),editor,former,,Bankrate,bankrate,T1,90,2,2,bankrate; financebuzz,investing; stocks; etf; crypto; personal-finance,,,,,8,,https://www.linkedin.com/in/lisa-dammeyer-661251b/,,,,https://www.bankrate.com/authors/lisa-dammeyer/,,,,,,,,,,,,,,L7 + Rule A (405 block),Bankrate author page returned 405; bio reconstructed from LinkedIn + FinanceBuzz cross-ref,"Former investing editor at Bankrate with 6+ years distilling complex financial topics for everyday people. Led editorial teams covering the biggest market news daily; edited articles on stocks, ETFs, crypto, gold, and real estate. Early career: 2 years as production editor at a nonfiction book publisher. Currently also writer/editor at FinanceBuzz."
eden-alemayehu,Eden Alemayehu,C,77,73,6,Associate Equity Analyst,staff,active,,Morningstar,morningstar,T2,87,3,1,morningstar,stocks; equity; investing; markets,,,,BA Economics + Arabic & Islamic Studies@Colorado College,5,"Chicago, IL, USA",https://www.linkedin.com/in/e-alemayehu/,,,,https://www.morningstar.com/people/eden-alemayehu,,,,,,,,,,,,,,,L7 Morningstar page 403 — Rule A confirmed LinkedIn + bio. First result matches outlet.,"Associate Equity Analyst at Morningstar (joined 2020), based in Chicago, IL. Also Senior Equity Analyst & Associate Coordinator per LinkedIn. Bachelor's degree in Economics and Arabic & Islamic Studies from Colorado College."
ola-alder-fxempire,Ola Alder,C,77,73,6,Senior Content Editor,senior,active,,FXEmpire,fxempire,T2,73,2,1,fxempire,forex; cfd; markets; financial-journalism,,,,,9,"Ramat Gan, Tel Aviv, Israel",https://www.linkedin.com/in/ola-alder-42645358/,,,,https://www.fxempire.com/author/alderola,alderola@fxempire.com,y,,,,,,,,,,,,,,"Senior Content Editor at FXEmpire with 9+ years of experience in journalism and mass communications, focused on business and financial sectors. At FXEmpire, revised and fact-checked 200+ broker reviews and helped develop the proprietary rating system. Currently also Manager, Content at Empire Media Network (parent company) based in Ramat Gan, Tel Aviv. Previously Brand Voice Journalist at Forbes Ukraine, with roles at GR Capital, Global Israeli Initiative, Deloitte, Super.ua, Ukrinform, and Bit.ua."
ryan-wilcox-fool,Ryan Wilcox,C,76,70,8,Personal Finance Writer,staff,active,,Motley Fool,fool,T1,90,3,1,fool,personal-finance; banking; savings; credit,,,,BA@University of North Carolina at Chapel Hill,4,United States,https://www.linkedin.com/in/ryantwilcox/,,https://muckrack.com/ryan-wilcox,,https://www.fool.com/money/authors/profile/ryan-wilcox/,,,,,,,,,,,,,,L1+L7,,"Full-time Personal Finance Writer at Motley Fool Money since ~2022, covering credit cards, bank accounts, investing, and auto insurance. Previously full-time writer at The Points Guy (travel/credit-card rewards). UNC-Chapel Hill graduate; former Sports Editor of The Daily Tar Heel. SEO and editorial background."
jay-mawji,Jay Mawji,C,76,69,10,"CEO, STARprime (STARTRADER) — former Group CEO, INFINOX (FX News Group Contributor)",chief,active,,FX-News Group,fxnewsgroup,T3,60,0,1,fxnewsgroup,forex; cfd; markets,,,,,15,"London, United Kingdom",https://uk.linkedin.com/in/jay-k-mawji-06531138,,,,https://fxnewsgroup.com/author/jaymawji/,,,,,,,,,,,,,,L0 Phase 0 notes + Rule A WebSearch (authorUrl recovered),,"London-based industry executive with over 15 years of leadership in FX/CFD brokerage. Formerly Managing Director then Group CEO of INFINOX Capital, where he shaped the firm's global presence and its institutional division IXO Prime. Stepped down as INFINOX CEO following a change of ownership, transitioning to a Board Advisory role; subsequently appointed CEO of STARprime — STARTRADER's newly-launched institutional prime-services division, headquartered in Dubai. Appears as an author/contributor on FX News Group."
sasha-rogelberg,Sasha Rogelberg,C,76,70,9,Reporter — Fortune (retail & business/pop culture),staff,active,,Fortune,fortune,T1,90,5,1,fortune,markets; financial-journalism; investing,,,,BA Psychology@Bryn Mawr College,,"Philadelphia, PA, USA",https://www.linkedin.com/in/sasha-rogelberg-88007612b/,,https://muckrack.com/sasha-rogelberg,https://www.sasharogelberg.com/,https://fortune.com/author/sasha-rogelberg/,,,,,,,,301,2026-04-16,,,sasharogelberg.com,,L9 + Rule A,,"Reporter and former editorial fellow on the news desk at Fortune, covering retail and the intersection of business and popular culture. Based in Philadelphia. Previously wrote for community papers in Philadelphia covering topics ranging from an Eagles offensive guard's indictment to the Philadelphia Museum of Art's repatriation of Nazi-looted art. Work has been published in Billy Penn @ WHYY, Business.com, the Daily Dot, and others. Graduated with a degree in psychology from Bryn Mawr College."
jeff-anberg,Jeff Anberg,C,75,71,6,Senior Editor — StockBrokers.com / Reink Media Group,senior,active,,StockBrokers.com,stockbrokers,T3,60,2,3,stockbrokers; forexbrokers; brokernotes,stocks; forex; financial-journalism,,,,"Bachelor's, English Literature (minor Philosophy)@San Francisco State University; BA English Literature (minor in Philosophy)@San Francisco State University",,"Royal Oak, Michigan, USA",https://www.linkedin.com/in/jeffanberg/,,,,https://www.stockbrokers.com/about/jeff-anberg,,,,,,,,,,,,,,L5.5-direct + Rule A (crossOutlet confirmed),,"Senior Editor at StockBrokers.com and parent Reink Media Group. Edits, fact-checks, and publishes in-depth reviews and guides for StockBrokers.com and ForexBrokers.com. Years of experience in media distribution at a global newsroom. Long-time active investor; researches emerging markets including cryptocurrency. Bachelor's in English Literature (minor Philosophy), San Francisco State University. Previously Staff Editor at Reink Media Group; earlier positions at Business Wire and Kts Partners. Based in Royal Oak, Michigan (Reink HQ)."
emma-burleigh-fortune,Emma Burleigh,C,75,70,7,Reporter — Fortune Success team,staff,active,,Fortune,fortune,T1,90,5,1,fortune,personal-finance; business,,,,@New York University,2,"New York, NY, USA",https://www.linkedin.com/in/emma-burleigh-67312819b/,,https://muckrack.com/emma-burleigh,,https://fortune.com/author/emma-burleigh/,,,,,,,,500+,2026-04-16,,,,,L9 + Rule A (muckrack 403),,"Reporter at Fortune covering success, careers, entrepreneurship and personal finance. Joined as Editorial Newsroom Fellow in January 2024. Before the Success desk co-authored Fortune's CHRO Daily newsletter, covering the workplace and the future of jobs. Previously interned at Observer (editing, fact-checking, publishing). Based in New York."
alexandre-counis,Alexandre Counis,C,75,73,3,"Editor-in-Chief, Finance & Markets",editor,active,,Les Echos,lesechos,T2,85,2,1,lesechos,markets; finance; banking; financial-journalism,,,,,,"Paris, France",,https://x.com/alexandrecounis,https://muckrack.com/alexandre-counis,,https://muckrack.com/alexandre-counis,,,,,,,,,,,,,,,Muck Rack L5.5 403; recovered via Rule A. Role upgraded to editor-in-chief per Worldcrunch + X bio. LinkedIn not uniquely identifiable (omonym risk — skipped per R11).,"Editor-in-Chief of Les Echos' Finance & Markets section ('Rédacteur en chef finance marchés'). Previously London correspondent for the French business daily. Covers fintech, European banks, inflation, corporate finance. Based in Paris."
jane-lewis,Jane Lewis,C,73,68,8,Columnist / Profile Writer (MoneyWeek); City Editor (The Week),senior,active,,MoneyWeek,moneyweek,T2,80,1,2,moneyweek; the_week,markets; finance; financial-journalism,,,,"BA Modern History@Trinity College, Oxford",,"North London, UK",,,,,https://moneyweek.com/author/jane-lewis,,,,,Stay or Go? (2016),,,,,,,,,,,"Columnist and profile writer for MoneyWeek; City editor of The Week. Former BSME (British Society of Magazine Editors) Editor of the Year. Career spans Daily Telegraph (Letters page editor), London Evening Standard (gossip column), Personnel Today, Edge, Microscope, Computing, PC Business World, Business & Finance, plus corporate publications for BDO, YSC Consulting and Stephenson Harwood, and due-diligence research for a global risk advisory firm. Author of 'Stay or Go?' (2016), a book on EU-referendum arguments. Lives in North London."
thomas-right,Thomas Right,C,73,71,3,Vice Editor-in-Chief — Investing.com,editor,active,y,Investing.com,investing,T2,89,3,1,investing,markets; stocks; forex; financial-journalism,,,,,,,,,,,https://www.investing.com/about-us/editorial,,,,,,,,,,,,,,"L5.5-direct (editorial board listing) — LinkedIn omonym trap (R11), null preferred","Rule A returned no LinkedIn with outlet in first 3 results (common first name, 'Right' yields Right Management / Management Right matches). Socials and bio require manual lookup.","Vice Editor-in-Chief at Investing.com (listed on the official Investing.com Editorial Board page). Role scope covers editorial oversight across investing, stocks, forex, and markets coverage on Investing.com."
daniel-dubrovsky-dailyfx,Daniel Dubrovsky,C,73,66,11,Contributing Senior Strategist / Currency Analyst — DailyFX (IG),senior,active,,DailyFX,dailyfx,T2,83,1,1,dailyfx,forex; markets,,,,B.A. Economics & Business Administration@San Francisco State University; M.S. Quantitative Economics@,12,,,,https://muckrack.com/daniel-dubrovsky,https://www.ig.com/en/profile/daniel-dubrovsky,https://www.dailyfx.com/authors/Daniel_Dubrovsky/19,,,,,,,,,,,,,,L7 WebSearch (dailyfx 403),,"Currency analyst for DailyFX (IG Group). Has contributed to DailyFX since 2014, initially as a college intern. Began trading foreign-exchange markets in 2016. Advocate of classic technical analysis, trading around macro-fundamental and economic themes. Has hosted seminars and presented at the Chicago TradersEXPO (2019)."
krisztian-gatonyi,Krisztián Gátonyi,C,72,65,10,Broker Expert,senior,active,,BrokerChooser,brokerchooser,T3,66,2,1,brokerchooser,forex; interbank-fx,,,,"MSc International Business, Leadership & Management (Finance)@Middlesex University",19,"Pécs, Hungary",https://www.linkedin.com/in/krisztiangatonyi/,,,,https://brokerchooser.com/team/krisztian-gatonyi,,,,,,,,,,,,,,,,"19+ yrs in proprietary trading, mainly interbank FX risk management. Analyzed and tested 50+ brokers at BrokerChooser. MSc International Business, Leadership & Management (Middlesex University, Finance). Based in Pécs, Hungary. ex-CIB Bank, Inter-Europe Bank."
giuseppe-dellamotta,Giuseppe Dellamotta,C,72,67,8,Expert Analyst / Market Analyst & Trader,senior,active,,ForexLive,forexlive,T2,78,3,1,forexlive,forex; markets; equity; fixed-income,,,,,8,,https://www.linkedin.com/in/giuseppe-dellamotta-a41191354/,https://x.com/DellamottaGM,,,https://www.investinglive.com/author/giuseppe-dellamotta,,,,,,,,,,,,,,,,"Market analyst and trader specialising in global macro across FX, equities, bonds and commodities. 8+ years of trading experience; training described as 'hedge fund level' rather than traditional academia. Identifies macro trends early and often takes contrarian positions. 3,793 articles published on investingLive / ForexLive."
dan-buckley,Dan Buckley,C,72,72,0,Chief Analyst / Head Market Analyst — DayTrading.com,chief,active,,DayTrading.com,daytrading,T3,55,0,1,daytrading,stocks; forex; markets; day-trading; futures,,,,Economics (+ mathematical finance background)@Harvard University,,United States,https://www.linkedin.com/in/zdbuckley/,,,,https://www.daytrading.com/contributors/dan-buckley,dan.buckley@daytrading.com,y,,,,,,,,,,,,L5.5-direct + Rule A,,"US-based trader, consultant, and analyst with a background in macroeconomics and mathematical finance. 60,000+ hours personally trading. Economics degree from Harvard University. Oversees market research at DayTrading.com and delivers analysis on trading strategies, asset class dynamics, and macroeconomic trends. Coverage spans equities, forex, commodities, derivatives, and fixed income. Insights featured in Nasdaq, Yahoo Finance, AOL, GoBankingRates, The Times, Benzinga, US News."
brooks-lockett,Brooks Lockett,C,72,65,10,Freelance Writer (Bitcoin Magazine contributor),contributor,active,,Bitcoin Magazine,bitcoinmagazine,T2,78,4,2,bitcoinmagazine; hackernoon,bitcoin; crypto,,,,,7,"Blue Ridge Mountains, North Carolina, USA",https://www.linkedin.com/in/brookslockett,,,,https://bitcoinmagazine.com/authors/brooks-lockett,,,,,,,,,,,,,,L5.5-direct + Rule A,,"Freelance writer and Bitcoiner who discovered Bitcoin in 2018. Professional background as a Conversion Copywriter for AI & SaaS clients including Looker, SoundHound AI, Ironclad (growth-stage SaaS and B2B startups). Also contributor at HackerNoon (technology writer) and CrowdHealth (Real Stories). Writes opinion pieces for Bitcoin Magazine on Bitcoin adoption, education, persuasion, and the post-FTX landscape. Based in the Blue Ridge mountains of North Carolina; enjoys bouldering and hiking."
michael-cohen-benzinga,Michael Cohen,C,72,70,3,"Senior Editor, AI Content Strategy Lead — Benzinga",editor,active,,Benzinga,benzinga,T2,86,8,1,benzinga,markets; financial-journalism; ai,,,,BA English Literature@University of Michigan,,"Michigan, United States",https://www.linkedin.com/in/michael-cohen-74418b133/,,,,https://www.benzinga.com/author/michael-cohen,,,,,,,,,,,,,,L7-websearch + L5.5-direct + Rule A,"Role upgraded from seed 'Editor' to 'Senior Editor, AI Content Strategy Lead' per TheOrg.","Senior Editor and AI Content Strategy Lead at Benzinga. Background in broadcasting and network engineering. Previously hosted a daily talk show in Lansing, Michigan and worked as a reporter and writer at Detroit's all-news station WWJ. Graduate of the University of Michigan with a degree in English literature."
telis-demos,Telis Demos,C,71,69,3,Heard on the Street (Finance),senior,active,,The Wall Street Journal,wsj,T1,92,2,1,wsj,finance; markets,,,,,,,,,https://muckrack.com/telisdemos,,,,,,,,,,,,,,,,,,WSJ finance columnist. Co-host of 'WSJ's Take On the Week' podcast.
jemma-grist,Jemma Grist,C,71,67,6,Broker Analyst and Editor,editor,active,,DayTrading.com,daytrading,T3,55,0,2,daytrading; brokerlistings,forex; stocks; crypto; cfd; broker-safety,,,,BA Sociology@Loughborough University,5,"England, UK",https://www.linkedin.com/in/jemma-grist/,,,,https://www.daytrading.com/contributors/jemma-grist,jemma.grist@daytrading.com,y,,,,,,,,,,,,L5.5-direct+L7,,"Content writer, editor and broker tester specializing in financial markets and online investing. Has tested 100+ brokers and 50+ platforms over 5+ years, documenting 20,000+ data points. Contributes to DayTrading.com and BrokerListings.com. BA Sociology from Loughborough University. Based in rural England."
adam-levy-fool,Adam Levy,C,71,67,6,Contributing analyst — The Motley Fool (Technology sector),contributor,active,,Motley Fool,fool,T1,90,3,1,fool,stocks; investing; tech; retirement,,,,,,"St. Louis, Missouri, USA",https://www.linkedin.com/in/admlvy,,https://muckrack.com/adam-levy,,https://www.fool.com/author/2330/,,,,,,,,,,,,,,Rule A (L1 seed),,"Contributing Motley Fool stock market analyst covering technology, consumer, and financial stocks and how policy, economic, and consumer trends shape personal finance, Social Security and retirement savings. Specializes in the Technology sector; covers ~70 stocks. Syndicated across MSN (US/AU/CA/IN/MY/UK). Based in St Louis, Missouri."
adam-woodhead-tic,Adam Woodhead,C,71,65,9,Co-Founder & Director — The Investors Centre,chief,active,,TheInvestorsCentre,theinvestorscentre,T4,35,5,1,theinvestorscentre,investing; forex; crypto; broker-safety,,,,,,United Kingdom,https://uk.linkedin.com/in/adam-woodhead-81472565,,,https://www.theinvestorscentre.co.uk/,https://www.theinvestorscentre.co.uk/author/adam-woodhead/,,,Suffolk News,,,,,,,,,theinvestorscentre.co.uk,,L5.5-direct (no authorUrl in seed) + Rule A,Seed had no authorUrl; WebSearch recovered dedicated author page + LinkedIn + Suffolk News founder profile.,"Co-founder and Director of The Investors Centre (theinvestorscentre.co.uk), launched in 2023 with co-founders Thomas Drury (ACII) and Dom Farnell. Firm has tested 50+ investment platforms, deployed £250,000+ in capital and published hundreds of guides and comparisons; valued at £3M+ per Suffolk News feature. Also co-founded Wolfstone Digital, a digital marketing agency in Bury St Edmunds. Background in investing and cryptocurrency; authored multiple trading and platform review guides."
abdelaziz-fathi,Abdelaziz Fathi,C,71,67,6,Editor / Financial News Correspondent,editor,active,,FinanceFeeds,financefeeds,T3,62,4,1,financefeeds,forex; cfd; crypto; blockchain; regulation; markets,,,,B.A. Finance@,,,https://www.linkedin.com/in/aziz-q-5a8288106/,,https://muckrack.com/abdelaziz-fathi,,https://financefeeds.com/author/abdelaziz/,,,,,,,,,,,,,,,L5.5 + Rule A. LinkedIn on-page (alias 'aziz-q'). Muck Rack profile confirmed.,"Editor / Financial News Correspondent at FinanceFeeds. Covers the intersection of forex/CFD brokerage, regulation, liquidity, fintech and digital assets. Holds a B.A. in Finance and has hands-on industry exposure, blending analytical rigor with clear storytelling to make complex market structure understandable for traders, brokers and fintech professionals."
ronald-wortel,Ronald Wortel,C,70,63,11,Analyst — Small Cap Research (Mining coverage),contributor,active,y,Zacks,zacks,T2,82,3,1,zacks,stocks; equity; markets,MBA; P.Eng,P.Eng (Professional Engineer),n,MBA@; Engineering (P.Eng)@,,,https://www.linkedin.com/in/ronald-wortel-g01deni/,,,,,,,,,,,,,,,,,,,,"MBA, P.Eng. Analyst covering Mining for Zacks Small Cap Research. Affiliated with Goldeni Investment Intelligence, a consulting services company. Recent Zacks coverage includes TRX Gold Corporation, LaFleur Minerals Inc., Goliath Resources Ltd."
grace-witherden,Grace Witherden,C,70,68,3,Senior Content Writer/Producer — Which? Money,senior,active,,Which?,which,T2,88,1,1,which,personal-finance; savings; retirement; banking,,,,,,United Kingdom,https://www.linkedin.com/in/grace-witherden-35528171/,,https://muckrack.com/grace-witherden,,https://www.which.co.uk/news/author/grace-witherden,,,,,,,,,,334,,,,L1 + Rule A,,"Senior Content Writer/Producer at Which? Money. Curates the weekly Money Newsletter and writes the Editor's Note summarizing the week's content. Writing focuses on pensions, wills and probate, credit cards, and money-saving tips. Previously deputy editor at Maidenhead Advertiser and Slough & Windsor Express (promoted from group news editor). 334+ articles at Which?."
tony-kent,Tony Kent (Anthony Kent),C,70,64,10,Broker Analyst and Editor — DayTrading.com,editor,active,,DayTrading.com,daytrading,T3,55,0,1,daytrading,day-trading; trading-education; forex; cfd,,,,"BA, European Literature and Philosophy@University of Essex",20,"North London, UK",https://www.linkedin.com/in/anthony-kent-522924/,,,,https://www.daytrading.com/contributors/tony-kent,,,,,,,,500+,2026-04-16T00:00:00Z,,,,,L5.5-direct + Rule A,,"Advanced-level trader and financial educator with 20 years of experience. Broker Analyst and Editor at DayTrading.com. BA in European Literature and Philosophy (University of Essex). 25+ years working abroad; property investor with experience in Asian and African markets. Has collaborated with multiple brokerages on financial education development. Based in North London, UK."
christina-comben,Christina Comben,C,70,70,0,Web3 Editor / Author — CryptoSlate (former),editor,former,,CryptoSlate,cryptoslate,T2,76,5,1,cryptoslate,crypto; bitcoin; blockchain; defi,,,,,,,https://www.linkedin.com/in/christinacomben/,https://x.com/christinacomben,,,https://cryptoslate.com/author/christina-comben/,,,,,,,,,,,,,,L1_known + Layer 5.5 + Rule A,,"Web3 writer, editor, and content manager with a passion for technology and starting important conversations. Industry veteran ('industry OG'). Author at CryptoSlate with 213 articles from Feb 2020 to Nov 2025 on Bitcoin, adoption, macro, and price analysis. Currently listed as former author."
sankrit-k-coingecko,Sankrit K,C,70,64,10,Web3 SEO Researcher & Writer — CoinGecko,staff,active,,CoinGecko,coingecko,T2,88,3,1,coingecko,crypto; blockchain; defi,,,,"@University of California, Davis",7,Singapore,https://www.linkedin.com/in/sankritk/,,,https://sankrit.com/about-me/,https://www.coingecko.com/learn/author/sankrit-k,,,,,,,1833,,2026-04-16,,,sankrit.com,,direct_aggregate + Rule A (coingecko 404 fallback),,"Web3 Content Writer, Researcher and Crypto Subject Matter Expert. Works as Web3 SEO Specialist at CoinGecko contributing to CoinGecko Buzz / Learn. Prior engagements include Transak, Ledger, Alchemy and MoonPay. Introduced to Bitcoin in 2017 and devoted himself to the blockchain space as a writer. Specialises in making technical web3 concepts accessible."
daniel-mccarthy-dailyfx,Daniel McCarthy,C,70,68,3,Strategist (macro inter-market) — DailyFX / IG,staff,active,,DailyFX,dailyfx,T2,83,1,2,dailyfx; ig,forex; cfd; markets; equity,,,,,,Sydney / Singapore (Asia-Pacific),https://au.linkedin.com/in/dan-mccarthy-20b4346,https://twitter.com/DanMcCarthyFX,,,https://www.dailyfx.com/authors/Daniel_McCarthy/16,,,,,,,,500+,2026-04-16,,,,,L7 WebSearch + Rule A (dailyfx 403),,"DailyFX / IG strategist with an analytical trading style focused on macro inter-market, fundamental and technical analysis with a medium-long-term time frame for position trading. Previously a commercial-bank FX price maker and managed private capital across equities, FX, commodities and rates before joining DailyFX / IG. Covers AUD/USD, crude oil and Asia-Pacific macro from the IG Singapore/International desks."
michael-hewson,Michael Hewson,C,69,65,6,Independent Market Analyst,contributor,active,,FXStreet,fxstreet,T2,77,6,2,fxstreet; goodmoneyguide,markets; forex,,,,,,,,,,,,,,,,,,,,,,,,,,,Independent market analyst. Former Chief Market Analyst at CMC Markets. Cross-outlet: FXStreet + Good Money Guide.
mike-mikhjian,Mike Mikhjian,C,69,69,0,"Chief Technology Officer, Partner — Reink Media Group (parent of ForexBrokers.com)",chief,active,,ForexBrokers.com,forexbrokers,T3,61,2,1,forexbrokers,forex,,,,,,"Michigan, USA",https://www.linkedin.com/in/michaelmikhjian/,,,,,,,,,,,,,,,,,,"L5.5-direct + Rule A (no author page, executive role)",,"Chief Technology Officer and Partner at Reink Media Group, the Michigan-based privately-held company that owns ForexBrokers.com (founded 2016). Background in web development and technology leadership."
jackson-wong-phd,"Jackson Wong, PhD",C,69,63,10,Financial Analyst — Good Money Guide,senior,active,,Good Money Guide,goodmoneyguide,T4,48,0,1,goodmoneyguide,markets; investing; equity; financial-journalism,PhD Finance,,,PhD Finance@Durham University,15,United Kingdom,https://uk.linkedin.com/in/jackson-wong-2b47034b,,,,https://goodmoneyguide.com/author/jackson-wong/,,,,,,,,86,2026-04-16,,,,,L5.5-direct + Rule A,,"Core editorial team member at GoodMoneyGuide.com and author of 200+ guides for the platform. 15+ years of industry experience as a financial analyst. PhD in Finance from Durham University. Previously Director and Head of Investors Intelligence at Stockcube Research, providing market timing advice and research to major institutions and hedge funds. Expertise in global macroeconomic investment strategy, statistical backtesting, asset allocation and cross-asset research."
martine-robert,Martine Robert,C,68,66,3,Reporter,staff,active,,Les Echos,lesechos,T2,85,2,1,lesechos,markets; finance; business,,,,Studies@Université de Rouen,,"Paris, France",https://fr.linkedin.com/in/martine-robert-84088712,https://x.com/martird,https://muckrack.com/martine-robert,,https://muckrack.com/martine-robert,,,,,,,,,,,,,,,Muck Rack blocked (403) → Rule A WebSearch only. LinkedIn candidate has outlet match via anewstip.,"Journalist at Les Échos covering business, entreprises and cultural/patronage topics (mécénat). Writes on corporate developments, M&A in business travel, design/decoration sector outlook, and food-service industry. Paris-based. Also writes for Les Échos Sociétés (companies section)."
nigam-arora,Nigam Arora,C,68,63,8,Founder — The Arora Report (Benzinga Contributor),contributor,active,,Benzinga,benzinga,T2,86,8,1,benzinga,stocks; markets; investing,,,,,,,https://www.linkedin.com/in/nigamarora/,https://twitter.com/TheAroraReport,,https://thearorareport.com/,https://www.benzinga.com/author/the-arora-report,,,,Schwab Network,,,12672,,2026-04-16T00:00:00Z,,,thearorareport.com,,seed-note + L5.5 + Rule A,,"Founder of The Arora Report, a global investment advisory popular among individual investors, investment advisors, money managers, and hedge funds. Known for accurate stock market calls. Engineer and nuclear physicist by background; founded two Inc. 500 fastest-growing companies and has been involved in 50+ entrepreneurial ventures. Popular columnist with over 100 million page views."
alison-heyerdahl,Alison Heyerdahl,C,68,63,8,Head of Content — FxScouts (CMT),chief,active,,FXScouts,fxscouts,T4,30,0,1,fxscouts,forex; cfd; trading-education; broker-safety,CMT,CMT (Chartered Market Technician),n,,,,https://www.linkedin.com/in/alison-heyerdahl-b296931ba/,,,,https://fxscouts.com/about-us/,,y,,,,,,,,,,,,L7-websearch + Rule A,,"Head of Content at FxScouts, Chartered Market Technician (CMT), and experienced trader and financial writer with extensive expertise in forex trading, broker analysis, and market research. Leads a global team to deliver SEO-optimised, compliant, and user-focused content. Has tested 100+ brokers and produced 400+ educational videos (scripting, research, recording, editing, publishing). Co-hosts the 'Let's Talk Forex' podcast. Previously self-employed as a Physiotherapist."
alex-amdor-fxempire,Alex Amdor,C,68,63,8,Editorial Team / Financial Analyst — FXEmpire,staff,active,,FXEmpire,fxempire,T2,73,2,1,fxempire,stocks; etf; forex; fixed-income; markets,Valuations and Financial Statements Analysis Diploma,,,BA Economics@Tel Aviv University; Valuations and Financial Statements Analysis Diploma@Bar-Ilan University,12,Israel,,,,,https://www.fxempire.com/author/alex-amdor,alex.amdor@fxempire.com,y,,,,,,,,,,,,L5.5-direct + Rule A (fxempire 403 → WebSearch recovered bio + email + education),,"Member of the FX Empire Financial Editorial team since July 2018 providing analysis and expert commentary on investment opportunities. Fundamental investor covering stocks, ETFs, commodities, forex and fixed income. Previously 5 years as a Buy Side Analyst at a family office."
sean-ahearn-compareforexbrokers,Sean A'Hearn,C,68,64,6,Senior Forex Content Writer — CompareForexBrokers,senior,active,,CompareForexBrokers,compareforexbrokers,T3,69,1,3,compareforexbrokers; thefirstserve; seismagroup,forex; cfd; trading-education; financial-journalism,,,,,,"Melbourne, VIC, Australia",https://www.linkedin.com/in/seanahearn88/,,,,https://www.compareforexbrokers.com/about-us/sean-ahearn/,,,,,,,,,,,,,,L5.5-direct + Rule A,,"Senior content writer at CompareForexBrokers with a background in finance and journalism. Previously a front- and back-office trader at Kaiser Trading Group hedge fund managing an orderbook of liquid Asian, European and US futures and FX markets. Also worked as a freelance journalist and PR director for an artist development company. Currently Web Content Writer at The First Serve; based in Melbourne, Australia."
bastien-bouchaud,Bastien Bouchaud,C,68,66,3,Correspondant / Reporter,staff,active,,Les Echos,lesechos,T2,85,2,1,lesechos,markets; regulation; finance,,,,"Master's, Communication/Journalism@University of Paris I: Panthéon-Sorbonne",,"Île-de-France, Paris, France",,https://x.com/bastienbouchaud,https://muckrack.com/bastien-bouchaud,,https://muckrack.com/bastien-bouchaud,,,,,,,,,,,,,,,L9 — Muckrack 403. Rule A via Rocketreach + Twitter + Buzzsumo. LinkedIn not publicly discoverable — kept null. Twitter confirmed @bastienbouchaud.,"Correspondant at Les Echos based in Île-de-France, France. Master's degree in Communication, Journalism, and Related Programs from University of Paris I: Panthéon-Sorbonne. Covers derivatives market regulation and prediction markets — notably reporting on CFTC's claim of sole competence to regulate prediction markets like Kalshi and Polymarket, plus Donald Trump Jr.'s advisory role at Kalshi. Also covers US immigration enforcement, central bank monetary policy, and international trade policy."
ashlea-ebeling,Ashlea Ebeling,C,67,65,3,Personal Finance Reporter,staff,active,,The Wall Street Journal,wsj,T1,92,2,1,wsj,retirement; taxes; personal-finance,,,,,,,,,https://muckrack.com/ashleaebeling,,,,,,,,,,,,,,,,,,Covers retirement accounts and tax matters at WSJ.
anne-tergesen,Anne Tergesen,C,67,65,3,Retirement Reporter,staff,active,,The Wall Street Journal,wsj,T1,92,2,1,wsj,retirement; personal-finance,,,,,,,,,https://muckrack.com/annetergesen/articles,,,,,,,,,,,,,,,,,,Covers retirement planning and related personal finance at WSJ.
peter-rudegeair,Peter Rudegeair,C,67,65,3,Finance Reporter,staff,active,,The Wall Street Journal,wsj,T1,92,2,1,wsj,finance,,,,,,,,,https://muckrack.com/rudegeair,,,,,,,,,,,,,,,,,,Finance reporter at WSJ.
dan-gallagher,Dan Gallagher,C,67,65,3,Tech / Finance Columnist,staff,active,,The Wall Street Journal,wsj,T1,92,2,1,wsj,tech; finance,,,,,,,,,https://muckrack.com/mwdangallagher,,,,,,,,,,,,,,,,,,Writer and columnist at WSJ.
loke-choon-khei,Loke Choon Khei,C,67,64,5,Writer — CoinGecko (Design & Content Team),staff,active,,CoinGecko,coingecko,T2,88,3,1,coingecko,crypto; defi,,,,Bachelor's (in progress)@Nanyang Technological University,4,"Kuala Lumpur, Malaysia / Singapore",https://www.linkedin.com/in/lokechoonkhei/,,,,https://www.coingecko.com/author/Loke%20Choon%20Khei,,y,,,,,,,,,,,,direct_aggregate → 404 → Rule A recovered LinkedIn + correct URL,Input URL (/learn/author/...) returned 404; corrected to /author/Loke%20Choon%20Khei via Rule A.,"Writer at CoinGecko (Design & Content Team); specializes in DeFi strategies and airdrop farming routes. Active in cryptocurrency since 2021. Previously Market Research Intern at CoinGecko (2024). Pursuing a Bachelor's degree at Nanyang Technological University, Singapore. Enjoys pour-over coffee."
gino-matos-cryptoslate,Gino Matos,C,67,63,7,Reporter — CryptoSlate,staff,active,,CryptoSlate,cryptoslate,T2,76,5,1,cryptoslate,bitcoin; crypto; regulation,,,,Law (LL.B.)@,6,Brazil,https://www.linkedin.com/in/ginomatos/,https://x.com/pelicamatos,,,https://cryptoslate.com/author/gino-matos/,,,,,,,,500+,2026-04-16,1515,,,,L1_known Layer 5.5,,"Law-school graduate and seasoned journalist with six years of experience in the crypto industry. Expertise primarily focuses on Brazil and cryptocurrency reporting. Primary beat: Bitcoin. At CryptoSlate since August 2024 with 1,500+ articles published."
joseph-trevisani,Joseph Trevisani,C,66,64,3,Senior Analyst,senior,active,y,FXStreet,fxstreet,T2,77,6,1,fxstreet,forex; markets,,,,,,,,,,,,,,,,,,,,,,,,,,No authorUrl on FXStreet; needs Layer 5.5 retry once URL pattern confirmed,Senior Analyst providing commentary and analysis for global financial markets at FXStreet.
sander-lutz,Sander Lutz,C,66,64,3,Senior Writer — Decrypt,senior,active,,Decrypt,decrypt,T2,82,5,1,decrypt,crypto; regulation; us-laws,,,,Undergraduate@UC Berkeley; Master's in History@University of Cambridge,,,,https://twitter.com/s_lutz95,,,https://decrypt.co/author/sanderlutz,sander@decrypt.co,y,,,,,,,,,,,,direct_team_page + L5.5-direct + Rule A,,"Senior Writer at Decrypt covering crypto policy from the White House and crypto's impact on politics, law and culture. Discloses no significant crypto holdings."
david-becker-asktraders,David Becker,C,66,60,10,Equities Trader / Contributor,senior,active,,AskTraders,asktraders,T3,52,1,1,asktraders,equities; forex; fixed-income; hedge-funds; trading,,,,,35,,https://www.linkedin.com/in/david-b-37301717/,,,,https://www.asktraders.com/our-contributors/david-becker/,,,,,,,,,,,,,,L5.5-direct + Rule A WebSearch,,"Career began at Morgan Stanley in the late 1980s designing trading strategies for foreign exchange. Later worked at Ezra Zask Associates (hedge fund trader) and Citigroup as Vice President of the Fixed Income Division, then as global trading manager overseeing 15 traders with annual profits exceeding $50 million. Currently at Fortuity LLC in consulting and portfolio management, overseeing a multimillion-dollar portfolio. 35+ years of trading experience. Contributor at AskTraders since April 2019 (13+ articles)."
merryn-somerset-webb,Merryn Somerset Webb,C,65,59,11,Founder / Former Editor-in-Chief,former,former,,MoneyWeek,moneyweek,T2,80,1,2,moneyweek; bloomberg,investing; personal-finance; markets; financial-journalism,,,,,25,United Kingdom,https://www.linkedin.com/in/merryn-somerset-webb-080558,https://twitter.com/MerrynSW,,,https://moneyweek.com/author/merryn-somerset-webb,editor@moneyweek.com,y,Bloomberg,,,,,,,,,,,,,"Founder and former Editor-in-Chief of MoneyWeek (launched 2000, editor-in-chief until 2022). Currently Senior Columnist at Bloomberg; host of the Merryn Talks Money podcast; monthly columnist for MoneyWeek. Non-executive director of BlackRock Throgmorton Trust and Murray Income Investment Trust. 25+ years in financial journalism and investment banking across multiple continents. Early career at NHK (Tokyo), Warburgs (Japanese equity broker), SBC, UBS, Paribas/BNP Paribas. Based in the UK."
valentina-kirilova,Valentina Kirilova,C,65,61,7,Former Editor-in-Chief — LeapRate (now PR & Content Writer — Exness),editor,former,,LeapRate,leaprate,T3,65,1,4,leaprate; financemagnates; fxempire; exness,forex; crypto; markets; financial-journalism,,,,,,,,,https://muckrack.com/kirilovaval,,https://www.leaprate.com/author/valentina-kirilova/,,,,,,,,,,,,,,L1 WebFetch + Rule A (404 recovered),LeapRate author page returned 404 (archived/moved); bio recovered from Muck Rack + FXEmpire + WebSearch,"Independent writer and journalist with a demonstrated history in the global online trading sector. Formerly Editor-in-Chief at LeapRate.com (ran editorial). Earlier covered broker website and blog content at DF Markets. Currently Exness PR and Content writer. Bylines also on Finance Magnates and FX Empire (as LeapRate Analyst covering forex, crypto and fintech)."
patton-hunnicutt,Patton Hunnicutt,C,65,60,9,Contributor / Editor — Benzinga Money,contributor,active,,Benzinga,benzinga,T2,86,8,1,benzinga,personal-finance; investing; retirement,,,,B.Mus. Music Education@Furman University,10,"Philadelphia, PA, USA",https://www.linkedin.com/in/patton-hunnicutt-5927886/,,,,https://www.benzinga.com/money/author/patton-hunnicutt,,,,,,,,,,,,,,L7-websearch + Layer 5.5,,"Freelance writer and editor with over a decade in education, pivoted to financial content covering personal finance, investments, and retirement. B.Mus. Music Education from Furman University. Writes for Benzinga Money alongside clients including OpenSource Technologies, IEEE, Custom Earth Promos, and private clients. Based in Philadelphia."
victoria-lemm,Victoria Lemm,C,65,63,3,Writer — This Is Money / Mail Metro Media,staff,active,,This is Money,thisismoney,T2,86,3,1,thisismoney,personal-finance; finance; investing; financial-journalism,,,,@University of Leeds,,UK,https://www.linkedin.com/in/victoria-lemm-19566994/,,,,,,,,,,,,500+,2026-04-16,,,,,L1 + Rule A,,Award-winning media professional affiliated with Mail Metro Media and This Is Money (Daily Mail). Previously worked as a financial planner for various companies before transitioning to a freelance writing career. British expat and mother of three children. University of Leeds alumna.
evangeline-elsa,Evangeline Elsa,C,65,63,3,Social Media Editor,editor,active,,Gulf News,gulfnews,T2,85,2,1,gulfnews,finance; personal-finance; markets; financial-journalism,,,,,,"Dubai, UAE",,https://twitter.com/EvangelineElsa,https://muckrack.com/evangeline-elsa,,https://muckrack.com/evangeline-elsa,,,,,,,,,,,,,,,L9 Muck Rack 403 — Rule A confirmed Social Media Editor role (corrects input roleHint 'Reporter') + Twitter handle. LinkedIn not isolatable (omonym).,"Social Media Editor at Gulf News (Dubai, UAE). Digital journalist covering a broad range of content including business, lifestyle and feature stories. Bylined across Gulf News covering weather, science, lifestyle and business. Twitter handle @EvangelineElsa."
namrata-sen-benzinga,Namrata Sen,C,65,63,3,Staff Writer — Benzinga (US stock market coverage),staff,active,y,Benzinga,benzinga,T2,86,8,1,benzinga,stocks; markets; financial-journalism,,,,,,"Bengaluru, Karnataka, India",https://in.linkedin.com/in/namratasen,,,,https://www.benzinga.com/author/namrata-sen,,,,,,,,,,,,,,L7-websearch + Rule A,"Education/years-in-industry not surfaced via L5.5 or Rule A. LinkedIn match confirmed (Bengaluru, outlet Benzinga appears in author's public activity). NEEDS_MANUAL_REVIEW for education depth.","Journalist at Benzinga covering the US stock market. Background in financial analysis; specializes in interpreting news releases, tracking economic indicators, and analyzing major global economic developments."
james-brumley,James Brumley,C,64,60,6,Contributing analyst — Consumer Staples / Discretionary,contributor,active,y,Motley Fool,fool,T1,90,3,2,fool; investorplace,stocks; investing; equity,,,,,,,,,,,https://www.fool.com/author/4549/,,,,,,,,,,,,,,,No authorUrl in input; Rule A WebSearch found Motley Fool + InvestorPlace author pages. LinkedIn not confidently identified (common name). Multiple James Brumley profiles — omonym trap avoided.,"Contributing stock-market analyst covering consumer staples and consumer discretionary at The Motley Fool and InvestorPlace. Former licensed stockbroker with Charles Schwab and a registered investment adviser. Ex-Director of Research for an options-focused newsletter. Combines technical and fundamental analysis with stock-trade timing. Work has appeared at Street Authority, Kapitall, Motley Fool, and Investopedia."
diego-colman,Diego Colman,C,64,59,9,Contributing Strategist — DailyFX / Market Analyst — IG,senior,active,,DailyFX,dailyfx,T2,83,1,2,dailyfx; ig,forex; markets; equity; day-trading,,,,BA Finance@Manhattanville College,10,,,,,,https://www.dailyfx.com/authors/Diego_Colman/18,,,,,,,,,,,,,,L7 WebSearch + Rule A,,"Contributing Strategist for DailyFX.com since 2016, also listed as DFX Market Analyst across IG's international sites (UK, Australia, South Africa, Switzerland). More than 5 years of experience trading forex and 7 years investing in equities. Previously worked as a Latin American economist covering Mexico, Argentina, Chile, Colombia, and Brazil, and as an investment banking research analyst. Technical and fundamental analyst preferring medium- and long-term (swing) strategies based on established trends."
hina-navin,Hina Navin,C,64,60,6,Freelance Business Journalist & Designer — Gulf News,contributor,active,,Gulf News,gulfnews,T2,85,2,1,gulfnews,business; personal-finance; financial-journalism,,,,,,"Dubai, United Arab Emirates",https://www.linkedin.com/in/hinanavin/,,https://muckrack.com/hina-navin,,https://muckrack.com/hina-navin,,,Gulf News,,,,,,,,,,,"L9 muckrack + Rule A (403, recovered)",,"Freelance journalist and content designer based in Dubai. Contributes to Gulf News with reporting on entrepreneurship and lifestyle features, including profiles of business owners and UAE-based entrepreneurs. Content writer, digital/social media content specialist and designer."
andre-beganski,André Beganski,C,64,60,6,Staff Reporter,staff,active,,Decrypt,decrypt,T2,82,5,1,decrypt,crypto; bitcoin; blockchain,,,,M.A. Journalism (Business & Economics Reporting)@Craig Newmark Graduate School of Journalism at CUNY,,"Fort Lauderdale, FL, USA",,https://twitter.com/andrebeganski,,,https://decrypt.co/author/andrebeganski,andre@decryptmedia.com,y,The New York Times,,,,,,,,,,,,L5.5 success — direct email + Twitter + full bio from Decrypt bio page.,"Staff Reporter at Decrypt. Became staff reporter after serving as Decrypt's first intern in 2022. CUNY Craig Newmark Graduate School of Journalism (Business and Economics Reporting, Data Journalism focus). Previously at The New York Times and New York Daily News. Based in Fort Lauderdale, Florida. Disclosed crypto holdings: >$1,000 BTC and ETH."
kaitlin-mulhere-money,Kaitlin Mulhere,C,64,59,9,"Editor — Higher Education, Student Debt & Banking",editor,active,y,Money.com,money_com,T2,82,3,1,money_com,personal-finance; credit; banking,,,,,10,,,,,,https://money.com/author/kaitlin-mulhere/,,,,,,,,,,,,,,L7 + Rule A WebSearch (money.com 403),LinkedIn not surfaced via Rule A — flagged,"Editor at Money.com overseeing higher-education coverage — student debt, college costs, financial aid, value of a college degree. Joined Money in 2015; has written and edited across banks, credit, student debt, and saving strategies. Coverage guides readers from their first student loan through repayment."
hwee-yan-jau,Hwee Yan Jau,C,63,61,3,HR Associate & Contributing Writer — CoinGecko Learn,contributor,active,,CoinGecko,coingecko,T2,88,3,1,coingecko,crypto; blockchain,,,,BA Linguistics and Multilingual Studies (in progress)@Nanyang Technological University,,Singapore,https://www.linkedin.com/in/hwee-yan-jau/,,,,https://www.coingecko.com/author/hweeyan,,,,,,,,,,,,,,direct_aggregate (seed URL 404; corrected to /author/hweeyan via Rule A),,"Singapore-based writer and HR Associate at CoinGecko; began as an intern who then joined full-time. Mainly interested in NFTs, crypto trends, and memecoins. Published on CoinGecko Learn with articles covering NFT trackers, crypto slang (NGMI, WAGMI, Bullish), Telegram trading bots, and Singapore crypto exchanges. Currently pursuing a degree in Linguistics and Multilingual Studies at Nanyang Technological University."
brian-lee-coingecko,Brian Lee Shun Hui,C,63,61,3,Growth Marketer / Contributing Writer — CoinGecko Learn,contributor,active,,CoinGecko,coingecko,T2,88,3,1,coingecko,crypto; blockchain; ai,,,,,,,https://www.linkedin.com/in/brian-lee-shun-hui-038128193/,,,,https://www.coingecko.com/author/Brian%20Lee,,,,,,,,,,,,,,direct_aggregate (seed URL 404) + Rule A LinkedIn match,,"Growth Marketer at CoinGecko helping developers, traders, and crypto businesses discover and use the CoinGecko API. Joined the API team ~1.5 years ago with no prior API background. Writes and edits CoinGecko Learn content including 'How to Fetch Historical Crypto Data with Python' and 'Top 7 CoinAPI Alternatives for Crypto Data (2026)'. Also edits articles on building AI crypto research tools."
gabriel-rodriguez,Gabriel O. Rodriguez Cruz,C,63,59,6,"Associate Editor — Money (Crypto, Tech, Financial Products)",editor,active,y,Money.com,money_com,T2,82,3,1,money_com,crypto; tech; personal-finance,,,,BA Comparative Literature@University of Puerto Rico; MA Translation (German to Spanish)@University of Puerto Rico,5,"San Juan, Puerto Rico, USA",,,,,https://money.com/author/gabriel-rodriguez/,,,,,,,,,,,,,,L7 + Rule A,"Money.com 403; LinkedIn search returned omonyms (Binance, LPL Financial, World Emblem — none matching Money.com Gabriel). R11 omonym trap — kept null. NEEDS_MANUAL_REVIEW.","Associate Editor at Money Group (Money.com) specializing in crypto and tech; 5+ years experience in the industry. Oversees antivirus software, identity theft protection services, and VPN content. Has written about cryptocurrency and blockchain for 3+ years. BA Comparative Literature + MA Translation (German to Spanish) from University of Puerto Rico. Speaks four languages. Based in San Juan, Puerto Rico."
lucia-ariano,Lucia Ariano,C,63,61,3,Senior Video Presenter & Producer,senior,active,,Which?,which,T2,88,1,2,which; moneysavingexpert,personal-finance; savings; banking,,,,@King's College London,,United Kingdom,,,,,https://www.which.co.uk/news/author/lucia-ariano,,,,,,,,,,8,,,,L1,,Senior video presenter and producer at Which?. Based in the United Kingdom. Previous experience at MoneySavingExpert.com. Holds a degree from King's College London.
angela-stevens-investing,Angela Stevens,C,63,61,3,News Editor,editor,active,y,Investing.com,investing,T2,89,3,1,investing,markets; investing; finance,,,,,,,,,,,https://www.investing.com/about-us/editorial,,,,,,,,,,,,,,L5.5-direct,,"Listed as News team member on Investing.com Editorial Board. Full biography not published on site; LinkedIn profile could not be confirmed due to common name (600+ Angela Stevens profiles on LinkedIn, none clearly tied to Investing.com)."
tim-backshall,Tim Backshall,C,63,62,1,"Credit Derivatives Strategist — former ZeroHedge contributor (""Tyler Durden"")",contributor,former,y,ZeroHedge,zerohedge,T2,82,7,1,zerohedge,credit; fixed-income; markets,,,,,,"Danville, CA, USA",https://www.linkedin.com/in/tim-backshall-6a30881/,https://x.com/credittrader,,,,,,Bloomberg,,,,,,,,,,,L7 WebSearch only (no author URL; pseudonymous),,"Credit derivatives strategist outed in 2016 by Bloomberg as one of three ZeroHedge writers contributing under the shared 'Tyler Durden' pseudonym (alongside founder Daniel Ivandjiiski and Colin Lokey). Long career in credit analytics supporting ZeroHedge's fixed-income credibility. Originally from south London, UK; currently based in Danville, California. Active on X as @credittrader."
katie-williams-moneyweek,Katie Williams,C,63,61,3,Writer — MoneyWeek,staff,active,,MoneyWeek,moneyweek,T2,80,1,1,moneyweek,personal-finance; investing; markets; equity,,,,BA English Language and Literature@University of Cambridge(2019),5,United Kingdom,https://uk.linkedin.com/in/katie-williams-34b3a1141,,,,https://moneyweek.com/author/katie-williams,editor@moneyweek.com,y,,,,,,,,,,,,L1 + Rule A,,"Writer at MoneyWeek since January 2024 covering the global economy, bond markets, alternative investments and UK equities. Previously at Invesco EMEA from September 2019 to February 2024, progressing from RFP Administrator to RFP Specialist and then Investment Content Specialist. Bachelor of Arts in English Language and Literature from the University of Cambridge (2019)."
peter-jefferson-investing,Peter Jefferson,C,63,61,3,News Editor — Investing.com,editor,active,,Investing.com,investing,T2,89,3,1,investing,forex; markets; financial-journalism,,,,,,,,,,,,,,,,,,,,,,,,,L5.5-direct + Rule A (LinkedIn omonym — State Farm namesake dominates results; no safe match),,"News editor at Investing.com, part of the editorial team covering financial markets including forex, stocks, commodities, and economic news."
alexandra-owens-investing,Alexandra Owens,C,63,61,3,News Editor — Investing.com,editor,active,y,Investing.com,investing,T2,89,3,1,investing,markets; crypto; investing,,,,,,,,,,,https://www.investing.com/about-us/editorial,,,,,,,,,,,,,,L5.5-direct + Rule A (omonym),,News editor on the Investing.com editorial board (News team). Listed alongside Peter Jefferson and Angela Stevens under Vice Editor-in-Chief Thomas Right. No public bio or personal profile linked from the editorial page.
simon-massey-fundedtradingplus,Simon Massey,C,63,57,11,Co-Founder & CEO — Funded Trading Plus,chief,active,,Funded Trading Plus,fundedtradingplus,T3,55,0,1,fundedtradingplus,prop; forex; stocks; markets,,,,,12,United Kingdom,,,,https://www.fundedtradingplus.com/,https://www.fundedtradingplus.com/navigating-the-future-of-funded-trading-insights-from-simon-massey-ceo-of-funded-trading-plus/,,,,,,,,,,,,true,,websearch_primary + L5.5 (WebFetch succeeded),,"Co-Founder and CEO of Funded Trading Plus (incorporated 2nd November 2021). Expertise in risk management and sustainable trading practices. Career path: ~10 years as a first responder in emergency services before transitioning to trading after being encouraged by a friend (ex-city trader). Ran a live trade room with a group of traders starting around 2013; identified the need for a more trader-centric, transparent prop firm and launched Funded Trading Plus. Emphasizes consistency, simplicity and trustworthiness as core strategies. Regular podcast and interview guest on AI in trading, emotional control and prop industry sustainability."
quoth-the-raven,Quoth the Raven,C,62,57,9,Contributor (pseudonym),contributor,active,,ZeroHedge,zerohedge,T2,82,7,2,zerohedge; bitcoinmagazine,markets; finance; crypto,,,,,,"Philadelphia, PA, USA",,,,https://quoththeraven.substack.com,https://www.zerohedge.com/contributors/214946,,,,,,,,,,,,quoththeraven.substack.com,,L7_WebSearch,Pseudonym — Chris Irons (public). Primary venue Substack + own podcast; ZeroHedge secondary.,"Pseudonymous financial pundit and podcast host. Real identity publicly known as Chris Irons (former Philadelphia bartender). Runs QTR Research / Quoth the Raven podcast (Apple/Spotify), Substack (top-25 financial Substacks worldwide), and contributes to ZeroHedge + Bitcoin Magazine. Independent commentary; not a ZeroHedge staff editor."
peter-orvetti,Peter Orvetti,C,62,60,3,Editor — Benzinga,editor,active,y,Benzinga,benzinga,T2,86,8,1,benzinga,markets; finance; financial-journalism,,,,,,,,,,,https://www.benzinga.com/author/peter-orvetti,,,,,,,,,,,,,,L5.5-direct + Rule A,Benzinga bio page returns profile image + role only; no external socials surfaced via Rule A.,"Editor at Benzinga. Covers politics, business, and breaking market news events."
james-butler-cryptocompare,James Butler,C,62,60,3,Head of Engineering — CryptoCompare,chief,active,y,CryptoCompare,cryptocompare,T2,78,3,1,cryptocompare,crypto; tech,,,,,,UK,,,,,,,,,,,,,,,,,,,"direct_about_page + Rule A (R11 homonym — LinkedIn link not confirmed; 'James Butler' too common, skipped to avoid wrong profile)",,Head of Engineering at CryptoCompare (a global Bitcoin and cryptocurrency market data provider). Oversees engineering team including senior software engineers. Previous technical experience as Software Developer at De La Rue and in government sector.
mikhail-vnuchkov,Mikhail Vnuchkov,C,62,58,7,Author (news editor) — Traders Union,staff,active,,TradersUnion,tradersunion,T2,72,3,1,tradersunion,forex; stocks; crypto; fixed-income; markets,,,,,6,,https://www.linkedin.com/in/michael-vnuchkov-66a330240/,,,,https://tradersunion.com/about-us/mikhail-vnuchkov/,,,,,,,,,,,,,,L7-websearch + Rule A (WebFetch timeout),,"Author at Traders Union since 2020. In charge of forming the pool of latest news for traders across stocks, cryptocurrencies, Forex and fixed income; responsible for fact checking, updating and editing content on the Traders Union website. Began career as a journalist-observer at a small online financial publication covering global economic events."
daniel-welbers,Daniel Welbers,C,62,60,3,Head of Advertising / Head of Ad Sales — CCData (CryptoCompare),staff,active,,CryptoCompare,cryptocompare,T2,78,3,1,cryptocompare,crypto; sponsored-content,,,,"Bachelor, Tourism and Travel Services Marketing Operations@Universidade do Algarve(2011); Selling Skills & Sales Operations@BSR Associates UK(2018)",,,https://www.linkedin.com/in/daniel-welbers/,,,,,,,,,,,,500+,2026-04-16,,,,,direct_about_page + Rule A,,"Head of Advertising (Ad Sales) at CCData (formerly CryptoCompare), leading and coordinating the advertising sales department. Collaborates with clients and leadership on goal-setting, strategy, and campaign analytics. Expertise in advertising sales, content management and client relations. Bachelor's degree in Tourism and Travel Services Marketing Operations from Universidade do Algarve (2011); sales-skills training at BSR Associates UK (2018). NOTE: commercial/advertising role, not an editorial author — appears in CryptoCompare 'About' listings but is not a content writer."
simon-chandler,Simon Chandler,C,61,61,0,Journalist,contributor,former,y,Cointelegraph,cointelegraph,T2,89,7,1,cointelegraph,crypto; ai; tech,,,,,,"Hove, UK",,,,,https://cointelegraph.com/authors/simon-chandler,,,,,,,,,,,,,,,PAGE_GONE — author URL returned 404 on 2026-04-15. Bio from WebSearch cache.,"Hove, UK-based journalist. Covers cryptocurrencies, AI, VR, and social media."
michael-dempster-moneyunder30,Michael Dempster,C,61,59,3,Contributor — Credit Cards & Personal Finance,contributor,active,,Money Under 30,moneyunder30,T2,75,1,2,moneyunder30; erika,personal-finance; credit; banking,,,,,,,https://www.linkedin.com/in/michael-dempster-a08322b3/,,,,https://www.moneyunder30.com/author/mdempster,,,,,,,,,,,,,,L1 + Rule A (404 on /michael-dempster slug → /mdempster recovered via WebSearch),,"Writer, editor, translator, and occasional filmmaker contributing to Money Under 30 on credit cards and personal finance. His writing has appeared in USA Today, Haaretz, The Jerusalem Post, and ConsumerAffairs. American expat and digital semi-nomad focused on how financial issues affect travellers and expats."
samuel-pearton-cryptoslate,Samuel Pearton,C,61,58,5,Contributor (CMO — Polyhedra) — CryptoSlate,guest,active,,CryptoSlate,cryptoslate,T2,76,5,1,cryptoslate,crypto; blockchain; ai; defi,,,,,,"London, England, United Kingdom",https://www.linkedin.com/in/samuelpearton/,https://x.com/sampearton,,,https://cryptoslate.com/author/samuel-pearton/,,,,AI Minds Podcast #068 (Deepgram),,,,500+,2026-04-16,,,,,L1_known + Rule A (500 on /samuel slug → /samuel-pearton recovered),,"Chief Marketing Officer at Polyhedra, driving EXPchain — described as 'the everything chain for AI'. Decades of tech and global marketing experience; helped secure $20M funding and $1B valuation for Polyhedra. Prior to Polyhedra, founded PressPlay, a social commerce and engagement platform connecting athletes and celebrities (including Stephen Curry) with China's fan economy. Contributes guest commentary on AI and crypto to CryptoSlate."
christopher-tepedino,Christopher Tepedino,C,60,59,1,Crypto Reporter (former),former,former,,Cointelegraph,cointelegraph,T2,89,7,1,cointelegraph,crypto,,,,BA Communication + minor English@,5,,https://www.linkedin.com/in/chrisptepedino/,https://x.com/ctepster,,,https://cointelegraph.com/authors/christopher-tepedino,chris.tepedino@cointelegraph.com,y,,,,,,,,,,,,,,Former Cointelegraph writer. News reporting and interviews on emerging digital asset sector. BA Communication + minor English. 5+ yrs journalism.
janet-wickell,Janet Wickell,C,60,56,8,Contributor — Real Estate / Home Buying,contributor,active,,The Balance,thebalancemoney,T2,84,2,2,thebalancemoney; aboutcom,housing; personal-finance; investing,Licensed NC Real Estate Broker,,,,,"Western North Carolina, USA",,,,,https://www.thebalancemoney.com/janet-wickell-4776192,,,,,The Everything Real Estate Investing Book,,,,,,,,,,No authorUrl in input; located bio via Rule A WebSearch on thebalancemoney.com.,Real-estate expert and writer; co-owner and full-time broker/Realtor at a real-estate agency in the Blue Ridge Mountains of Western North Carolina. Contributed real-estate articles to The Balance. Author of 'The Everything Real Estate Investing Book: How to Get Started and Make the Most of Your Money'. Former editor of About.com's Home Buying and Selling site.
luca-mattei,Luca Mattei,C,59,57,3,Independent Market Analyst,contributor,active,y,FXStreet,fxstreet,T2,77,6,1,fxstreet,markets,,,,,,,,,,,,,,,,,,,,,,,,,,,Independent market analyst contributing to FXStreet.
vrajeshwari-bhardwaj,Vrajeshwari Bhardwaj,C,59,57,3,"Contributor, Founder SharmaFX",contributor,active,y,FXStreet,fxstreet,T2,77,6,1,fxstreet,forex,,,,,,,,,,,,,,,,,,,,,,,,,,,Founder of SharmaFX. FX analyst contributing to FXStreet.
prashant-jha,Prashant Jha,C,59,59,0,Writer (former),former,former,,Cointelegraph,cointelegraph,T2,89,7,1,cointelegraph,crypto; markets; regulation,,,,,,,https://linkedin.com/in/prashant-jha09/,https://twitter.com/_prashantjha,,,https://cointelegraph.com/authors/prashant-jha,prashant.jha@cointelegraph.com,y,,,,,,,,,,,,,,"Former Cointelegraph writer. Digital asset markets in US and UK. Covered crypto regulation, market analysis, security breaches, emerging-market crypto policy (Singapore, Bolivia, South Korea)."
ivan-makedonski,Ivan Makedonski,C,59,57,3,Chief of Staff — Breez (Bitcoin Magazine Contributor),contributor,active,,Bitcoin Magazine,bitcoinmagazine,T2,78,4,1,bitcoinmagazine,bitcoin; tech,,,,"Bachelor's in Marketing@New Bulgarian University; Engineer's degree in Civil Engineering@University of Architecture, Civil Engineering and Geodesy",,Bulgaria,https://www.linkedin.com/in/ivan-makedonski-3730ba44/,,,https://breez.technology/,https://bitcoinmagazine.com/authors/ivan-makedonski,,,,,,,,,,,,,,L1_known + L5.5-direct + Rule A,,"Chief of Staff at Breez (Lightning Network / Breez SDK). Contributes long-form articles to Bitcoin Magazine, particularly the 'Instant Settlement' series covering publishing, logistics, construction and other industries. Background spans operations management, data visualization, and Nostr. Previously Partners Growth Lead at Sappience. Earlier career as Civil Engineer at Geostyle Engineering and retail management at McDonald's Corporation and Debenhams. Based in Bulgaria."
hannah-smith,Hannah Smith,C,59,57,3,Staff Editor — StockBrokers.com / Reink Media Group,staff,active,,StockBrokers.com,stockbrokers,T3,60,2,2,stockbrokers; forexbrokers,stocks; investing; financial-journalism,,,,"Bachelor's, English@Kennesaw State University; Master's, English@North Carolina State University; BA English@Kennesaw State University; MA English@North Carolina State University",,,https://www.linkedin.com/in/hannah-smith-b5b6b5136/,,,,https://www.stockbrokers.com/about/hannah-smith,,,,,,,,269,2026-04-16T00:00:00Z,,,,,L5.5-direct + Rule A (crossOutlet confirmed),,"Staff Editor at StockBrokers.com focused on creating high-quality, data-driven content that helps investors make informed decisions. Background in SEO and digital media. Bachelor's degree in English from Kennesaw State University and Master's degree in English from North Carolina State University. Expertise in content optimization for search visibility while maintaining accuracy and clarity."
james-stanley,James Stanley,C,59,55,8,Former Strategist / Head of Education — DailyFX (now Senior Strategist at Forex.com),former,former,,DailyFX,dailyfx,T2,83,1,2,dailyfx; forex_com,forex; markets; trading-education,,,,BBA Financial Services and Planning@Baylor University — Hankamer School of Business,25,,https://www.linkedin.com/in/james-stanley-480b4b7,https://twitter.com/JStanleyFX,,,https://www.dailyfx.com/authors/James_Stanley/93,,,,,,,,,,,,,,L7 WebSearch (DailyFX 403),,"Former Head of Education and Strategist at DailyFX (2010-2023). Started with equities in 1999, options in 2000, and FX in 2009. Previously worked at Merrill Lynch, Fidelity, and TD Ameritrade. Currently Senior Strategist at Forex.com (StoneX Group). Holds a BBA in Financial Services and Planning from Baylor University's Hankamer School of Business. Frequent contributor to ZeroHedge; speaker at trader expos and conferences. Twitter @JStanleyFX."
megan-thomas-which,Megan Thomas,C,59,59,0,Researcher & Writer,staff,active,,Which?,which,T2,88,1,1,which,personal-finance; banking; savings,,,,@University of Sheffield,,"London, UK",https://www.linkedin.com/in/megan-thomas-a0b385175/,,,,https://www.which.co.uk/news/author/megan-thomas,,,,,,,,,,,,,,,"L5.5 page minimal; Rule A identified 'Megan Thomas — Which?' LinkedIn profile (Sheffield, London). Low confidence — omonym risk but outlet match confirmed.",Researcher and Writer at Which? (UK consumer advocacy publication). Studied at The University of Sheffield. Based in London.
sam-boughedda,Sam Boughedda,C,58,53,9,Equities Trader / Lead Stock Market News Writer,senior,active,,AskTraders,asktraders,T3,52,1,3,asktraders; investing_com; benzinga,stocks; forex; markets,,,,,,"London, United Kingdom",,,https://muckrack.com/sam-boughedda,,https://www.asktraders.com/our-contributors/sam-boughedda/,,,,,,,,,,3660,,,,,,"Equities trader and lead stock market news writer at AskTraders.com (joined July 2020). Started in the forex market, now focuses on stocks and gold with a preference for fundamental and macroeconomic analysis. Based in London, UK. Also contributes to Investing.com and Benzinga; syndicated across Yahoo Finance network."
chris-cammack-fxscouts,Chris Cammack,C,58,53,10,Partner Manager (former Head of Content 2019-2024),senior,active,,FXScouts,fxscouts,T4,30,0,1,fxscouts,forex; markets; trading-education,,,,,15,"Lisbon, Portugal",https://www.linkedin.com/in/chris-cammack-9325048/,,,,https://fxscouts.com/author/chris/,,,,,,,,196,2026-04-16,,,,,L7-websearch,,"Partner Manager and senior financial writer at FxScouts. Former Head of Content (2019-2024) who set editorial standards for all FxScouts content including broker reviews, broker comparison pages, and education. 10+ years of editorial management and partner relations experience. Joined FxScouts Group in 2019 after ten years of research, editorial, and design for political and financial publications. Co-hosts 'Let's Talk Forex' podcast with Alison Heyerdahl covering trading strategies, industry news, and macroeconomic trends. Based in Lisbon, Portugal."
mirjan-hipolito,Mirjan Hipolito,C,58,55,6,Journalist and News Editor (Crypto) — Traders Union,editor,active,y,TradersUnion,tradersunion,T2,72,3,1,tradersunion,crypto; bitcoin; stablecoins; financial-journalism,,,,,5,,,,,,https://tradersunion.com/about-us/mirjan-hipolito/,,,,,,,,,,,,,,L7-websearch (page timeout),Page timeout; socials not surfaced via Rule A. NEEDS_MANUAL_REVIEW for LinkedIn/Twitter.,"Journalist and news editor at Traders Union with 5+ years in cryptocurrency markets. Specializes in daily market news, price predictions, and Initial Coin Offerings (ICO) coverage. Contributes to TU's crypto reviews and scam-or-safe assessments, and news features."
ellen-sullivan-bitcoinmagazine,Ellen Sullivan,C,58,55,6,"Freelance Writer/Editor & Publisher, Bitcoin Magazine Books",contributor,active,,Bitcoin Magazine,bitcoinmagazine,T2,78,4,2,bitcoinmagazine; ybitcoin,bitcoin; crypto; financial-journalism,,,,,,"Birmingham, Alabama, United States",,,,,https://bitcoinmagazine.com/authors/ellen-sullivan,,,,,,,,,,,,,,websearch_fallback + Rule A,,"Lifelong career professional in editorial publishing, responsible for more than 500 nonfiction titles. Freelance writer, editor and publishing consultant. Contributor to Bitcoin Magazine (since 2015) and also serves as Publisher of Bitcoin Magazine Books. Previously Managing Editor for yBitcoin magazine and contributing writer/editor/managing editor for more than a dozen periodicals."
andras-regely,András Régely,C,57,57,0,Junior Broker Analyst,junior,active,,BrokerChooser,brokerchooser,T3,66,2,1,brokerchooser,broker-safety; investing,,,,MSc Accounting and Finance@London School of Economics,,"Budapest, Hungary",https://www.linkedin.com/in/andrasregely/,,,,https://brokerchooser.com/team/andras-regely,,,,,,,,,,,,,,,,Junior broker analyst at BrokerChooser. MSc Accounting and Finance (London School of Economics). Based in Budapest. Combines formal financial training + personal trading experience across various asset classes.
micah-maidenberg,Micah Maidenberg,C,57,55,3,Reporter,staff,active,,The Wall Street Journal,wsj,T1,92,2,1,wsj,markets,,,,,,,,,https://muckrack.com/micah-maidenberg,,,,,,,,,,,,,,,,,,Reporter at WSJ.
evelina-laurinaityte,Evelina Laurinaityte,C,57,57,0,Head of Broker Data Operations — Cashbackforex (per seed-note),chief,active,y,Cashback Forex,cashbackforex,T3,55,2,1,cashbackforex,forex; broker-safety,,,,,,,https://www.linkedin.com/in/evelinalaurin/,,,,,,,,,,,,500+,2026-04-16T00:00:00Z,,,,,L5.5-direct (seed-note) + Rule A WebSearch,,"Industry operations executive with career spanning Vinson Financials, HotForex, FxPro and FxPro Group (as Institutional Operations Officer), and currently Broker Partnerships Manager & Support Team Lead at Clear Markets Ltd (per LinkedIn). Listed by internal seed-note as Head of Broker Data Operations at Cashbackforex — role affiliation requires manual verification."
mario-hess,Mario Hess,C,57,52,10,Finance Expert & Media Spokesperson — Franke-Media.net / Brokervergleich.de,senior,active,y,Brokervergleich,brokervergleich,T3,58,0,1,brokervergleich,investing; stocks; etf; finance,,,,Media Communication@Chemnitz University (TU Chemnitz)(2005); Commercial apprenticeship (Kaufmännische Ausbildung)@,15,"Leipzig, Germany",,,,,https://www.brokervergleich.de/ueber-uns/mario-hess/,,,,,,,,,,,,,,L5.5-direct,,"10+ years tenure at Franke-Media.net (parent of Brokervergleich.de) as financial expert and press contact — creates articles, conducts interviews, handles media relations. Expertise in stocks, funds, ETFs, options, certificates. Prior roles: Editor and Chief of Desk at Auerbach Verlag; Press Spokesman for futurist Sven Gábor Jánszky (Leipzig); web development on Sachsen.de and Dresden.de. Completed commercial apprenticeship + studied media communication at Chemnitz University (graduated 2005). Recent training: 'AI in Journalism' (Leipzig School of Media, 2024)."
alex-eule,Alex Eule,C,57,51,11,Senior Managing Editor (former) — Barron's,former,former,,Barron's,barrons,T2,88,3,1,barrons,markets; stocks; tech; financial-journalism,,,,,19,,https://www.linkedin.com/in/alex-eule-4b875514/,,,,,,y,Barron's,,,,,310,2026-04-16,,,,,L7 + Rule A WebSearch,,"Senior Managing Editor at Barron's from 2006 until August 2025 (promoted from Deputy Editor, alongside Ben Levisohn). At Barron's blogged, hosted podcasts (The Readback — weekly financial podcast), wrote and edited cover stories, picked stocks, profiled CEOs, launched new verticals and newsletters, supervised tech coverage, and led award-winning investigations. Regular voice on Barron's Live podcast covering tech and markets. Left journalism in August 2025."
gunay-caymaz,Günay Caymaz,C,56,51,9,Forex analyst / contributor,contributor,active,y,Investing.com,investing,T2,89,3,1,investing,forex; crypto; markets,,,,BA Economics@Anadolu University; MA Finance / Business Administration@Doğuş University,9,Turkey,,,,,https://www.investing.com/members/contributors/231462125,,,,,,,,,,,,,,L7-websearch,,"Forex analyst at Investing.com covering currency pairs (EUR/USD, USD/JPY, DXY). 9.5 years in portfolio management and retail banking products sales at one of Turkey's largest private banks. Since 2017 produces crypto/blockchain research and technical/fundamental analysis of crypto assets."
steven-hay,Steven Hay,C,56,50,11,Writer / Former Trader — Bitcoin Magazine Contributor,contributor,active,,Bitcoin Magazine,bitcoinmagazine,T2,78,4,1,bitcoinmagazine,bitcoin; crypto,,,,,13,,,https://twitter.com/Single_Use_Seal,,,https://bitcoinmagazine.com/authors/steven-hay,,,,,,,,,,3,,,,websearch_fallback + L5.5-direct,,"Writer and former trader who got involved in Bitcoin in early 2013. Has written for various crypto news and information sites and a large brokerage, and founded an e-commerce store selling art and curios for BTC. A committed HODLer, considers Bitcoin the ultimate form of money. Currently exploring the RGB space (Bitcoin smart-contract layer)."
ben-strang-barrons,Ben Strang,C,56,54,3,Reporter — Barron's,staff,active,y,Barron's,barrons,T2,88,3,1,barrons,markets; financial-journalism,,,,,,,,,,,,,,,,,,,,,,,,,L7 WebSearch (omonym trap — R11 applied),,Reporter at Barron's with verified recent bylines. No further biographical detail publicly confirmed without omonym-safe verification (multiple Ben Strang LinkedIn profiles — none clearly tied to Barron's).
ivan-andriyenko,Ivan Andriyenko,C,56,52,8,"Financial Expert and Analyst (Forex, Crypto, Stocks) — Traders Union",senior,active,,TradersUnion,tradersunion,T2,72,3,1,tradersunion,forex; crypto; stocks; investing,,,,,8,,,,,,https://tradersunion.com/about-us/ivan-andriyenko/,,,,,,,,,,,,,,L7-websearch (page timeout),,"Financial expert and analyst at Traders Union with 8 years in financial markets. Specializes in Forex, cryptocurrency and stocks, with a preference for conservative strategies and medium/long-term investments. Focuses on broker reviews and assessments — analyzing reliability, trading conditions, and platform features — plus educational content for novice traders."
zornitsa-stefanova,Zornitsa Stefanova,C,55,53,3,Forex and Crypto Analyst,staff,active,,BestBrokers,bestbrokers,T3,58,3,1,bestbrokers,forex; crypto; stocks; retirement,,,,,,,https://www.linkedin.com/in/zornica-stefanova-73ab39287/,,,,https://www.bestbrokers.com/authors/zornitsa-stefanova/,,,,,,,,,,,,,,L5.5-direct,,Experienced forex and crypto analyst at BestBrokers.com. Covers financial topics including stocks trading and retirement investments.
adam-baker-morningstar,Adam Baker,C,55,53,3,Equity Analyst — Morningstar,staff,active,y,Morningstar,morningstar,T2,87,3,1,morningstar,stocks; equity; investing,,,,,,,,,,,https://www.morningstar.com/people/adam-baker,,,,,,,,,,,,,,L7 + Rule A (morningstar.com 403; omonym trap avoided per R11 — no confirmed LinkedIn),Morningstar author page returned 403. Rule A surfaced multiple 'Adam Baker' LinkedIn profiles but none confirmed as Morningstar equity analyst in first 3 results — LinkedIn left null per R11.,Equity analyst at Morningstar publishing research reports with fair-value ratings across various companies (as of 2026).
emmanuel-ifeanyi-ekwomadu,Emmanuel Ifeanyi Ekwomadu,C,55,53,3,"Financial Content Writer — BestBrokers.com (Forex, Stocks, Crypto)",staff,active,,BestBrokers,bestbrokers,T3,58,3,1,bestbrokers,forex; stocks; crypto; broker-safety,,,,,,,https://www.linkedin.com/in/emmanuel-ifeanyi-e-309512182/,,,,https://www.bestbrokers.com/authors/emmanuel-ifeanyi/,,,,,,,,,,,,,,L5.5-direct + Rule A,,"Financial content writer specialised in Forex, Stock and Crypto trading. Author of most broker reviews on BestBrokers.com. Method examines regulatory compliance, costs, platform quality, and execution speed. Also a medical doctor by training and a passionate forex trader with a knack for spotting value in investments."
bithiah-koshy,Bithiah Koshy,C,55,51,7,Technical Content Writer & Researcher (CoinGecko Learn contributor),contributor,active,,CoinGecko,coingecko,T2,88,3,1,coingecko,crypto; blockchain; defi; stablecoins; regulation,,,,,2,Australia,,,,https://bithiah.koshy.au/,https://www.coingecko.com/learn/author/bithiah-koshy,,,,,,,,,,,,bithiah.koshy.au,,direct_aggregate (404) + Rule A,CoinGecko author page 404; bio reconstructed from Substack + personal site + CoinGecko article archives. LinkedIn not surfaced via Rule A.,"Technical content writer and researcher focused on blockchain infrastructure, rollups, and stablecoin design. Supports early-stage and infrastructure-level teams. Previously Associate Writer at Community Labs (Jul 2024-Feb 2025), prior intern at Community Labs (Feb-Jul 2024), and Analyst at an Israeli crypto forensic startup (Nov 2023-Jan 2024). Writes for CoinGecko's Learn platform on crypto cost basis/tax compliance, CARF compliance, and the CLARITY Act. Maintains Substack (bithiahk) and personal site bithiah.koshy.au."
william-berg-daytrading,William Berg,C,55,52,6,Author and Fact Checker — Securities Law Expert,staff,active,,DayTrading.com,daytrading,T3,55,0,1,daytrading,regulation; securities-trading; forex; cfd; broker-safety,,,,"LLM (Master of Laws), Securities Law / International Trade / Commercial Arbitration / International Tax@University of Gothenburg; Law and Business Administration@Gothenburg School of Business, Economics and Law; 1 year study@Moscow State University",10,Sweden,,,,,https://www.daytrading.com/contributors/william-berg,william.berg@daytrading.com,y,,,,,,,,,,,,L5.5-direct + Rule A WebSearch,,"Author and fact-checker for Daytrading.com with 10+ years in online trading and the financial industry. Specialises in securities law, stock market regulation, international trade law, foreign exchange regulation, broker regulation, CFD regulation, commercial arbitration and international tax law. Has worked as IPO consultant on the Nordic market, at a fintech start-up focused on payments and POS solutions, at a trading-software localization provider, and as writer/fact-checker for multiple financial web publications."
paul-holmes-daytrading,Paul Holmes,C,54,49,10,Broker Analyst and Editor — DayTrading.com,editor,active,,DayTrading.com,daytrading,T3,55,0,1,daytrading,day-trading; forex; stocks; cfd,,,,,15,,,,,,https://www.daytrading.com/contributors/paul-holmes,paul.holmes@daytrading.com,y,,,,,,,,,,,,L5.5-direct + Rule A,,"Broker analyst and editor with over 15 years' experience in the online trading industry. Active trader of indices and forex (spread betting + CFDs), developed proprietary day-trading techniques and MetaTrader algorithmic models. Tests and evaluates brokers for DayTrading.com. Quoted in Business Insider, Benzinga, Yahoo Finance, and U.S. News. Frequently travels Europe; enjoys live music and cars."
bill-shamblin-fool,Bill Shamblin,C,54,52,3,Contributor — The Motley Fool,contributor,active,y,Motley Fool,fool,T1,90,3,1,fool,stocks; investing; markets,,,,,,,,,,,https://www.fool.com/author/2566/,,,,,,,,,,,,,,L1 + Rule A,ROLE_CONFLICT — WebSearch conflated with Bill Mann (ex-CIO Motley Fool Asset Management). Bill Shamblin's own bio is thin. Kept minimal record per R10 (no fabrication).,Contributor at The Motley Fool (author page fool.com/author/2566/). Byline examples include coverage on Apple product cycles. Limited public biographical data available from fool.com contributor page.
keithen-drury-fool,Keithen Drury,C,54,52,3,Contributing Analyst — AI / Semiconductors / Cybersecurity / SaaS,contributor,active,,Motley Fool,fool,T1,90,3,1,fool,stocks; tech; ai; investing,,,,Bachelor's in Mechanical Engineering@Dordt University,,,,,,,https://www.fool.com/author/20439/,,,,,,,,,,,,,,L7 + Rule A WebSearch,Engineering background (not finance cert); beat is tech/AI equities,"Contributing Motley Fool technology analyst covering AI, semiconductors, cybersecurity and SaaS stocks. Mechanical engineer by training — previously held roles at Honeywell and at smaller industrial companies including Brand Hydraulics and Lincoln Industries. Numerous articles on Nvidia, Taiwan Semiconductor Manufacturing, Broadcom and other AI-related investment opportunities; recent focus on AI stock valuations and semiconductor trends."
connor-emmert,Connor Emmert,C,53,51,3,Writer (former),former,former,,NerdWallet,nerdwallet,T1,90,2,1,nerdwallet,investing; retirement; personal-finance,,Licensed Financial Advisor,n,BA English@Colby College,,,https://www.linkedin.com/in/connor-emmert-52671756/,,,,https://www.nerdwallet.com/author/connor-emmert,,,,,,,,,,,,,unverified,,,"Former NerdWallet writer (10+ articles, 941K readers). BA English (Colby College). Previously licensed financial advisor at BoA/Merrill Lynch and Fisher Investments."
kyrsten-greenfield-forexbrokers,Kyrsten Greenfield,C,53,53,0,Senior Product Designer — Reink Media Group (ForexBrokers.com parent),senior,active,,ForexBrokers.com,forexbrokers,T3,61,2,1,forexbrokers,tech; financial-journalism,,,,BSc@Georgia Institute of Technology,,"Atlanta, GA, USA",https://www.linkedin.com/in/kgreenfield3/,,,https://github.com/kgreenfield3,,,y,,,,,,460,2026-04-16,,,,,"L5.5-direct (internal staff, not bylined author)","Product designer, not content author. Email pattern k***@reinkmedia.com per ZoomInfo (obfuscated).","Senior Product Designer at Reink Media Group (parent of ForexBrokers.com, StockBrokers.com, investor.com, StockTrader.com). Senior Product/UX leader based in Atlanta with prior progression as Senior Product Manager at GOBankingRates, Manager UX and Senior UX Researcher at SmartAsset Advisors, and Lead UX Research Consultant at Readyly. BSc Georgia Institute of Technology."
john-ramos-propfirmmatch,John Ramos,C,53,48,10,Co-Founder & CTO,executive,active,,PropFirmMatch,propfirmmatch,T3,52,0,1,propfirmmatch,prop-trading; fintech; trading-tech,,,,,12,"Madison, WI, USA",https://www.linkedin.com/in/john-ramos-264522288/,,,,https://propfirmmatch.com/about-us,,,,Founder's Story podcast — Ep. 325 with Martin Jensen,,,,111,2026-04-16,,,,,websearch_primary + Rule A WebSearch (propfirmmatch.com 403),,"Tech visionary and Co-Founder / CTO of Prop Firm Match. Over 12 years of experience building scalable platforms and innovative solutions, with a background in software development and fintech. Leads technology strategy at Prop Firm Match, ensuring the platform delivers a seamless and efficient experience for traders and prop firms. Co-founded the company with CEO Martin Jensen. Within twelve months of launch, Prop Firm Match generated over 48 million website visits and 3.3 million users. Recipient of the 2024 Global Recognition Award."
tamas-gyuriczki,Tamás Gyuriczki,C,52,51,2,Broker Analyst,staff,active,y,BrokerChooser,brokerchooser,T3,66,2,1,brokerchooser,cfd; stocks,,,,,4,,,,,,https://brokerchooser.com/team/tamas-gyuriczki,,,,,,,,,,,,,,,LinkedIn not surfaced via Layer 7; NEEDS_MANUAL_REVIEW (fallback Rule B exhausted),"Financial analyst and seasoned CFD/stock trader. At BrokerChooser since 2021, hands-on tested 100+ brokers (real-money accounts, trade execution, CX evaluation)."
lisa-amand,Lisa Amand,C,52,50,3,"Contributor — Kiplinger (culture, real estate, travel)",contributor,active,y,Kiplinger,kiplinger,T2,85,5,1,kiplinger,personal-finance; housing,,,,,,"Manhattan, New York, USA",,,,,https://www.kiplinger.com/author/lisa-amand,,,,,,,,,,,,,,L1 + Rule A,,"Kiplinger contributor covering culture and neighborhoods in New York City, real estate, California wine country, farmers markets and all things San Francisco. Former restaurant critic. Winner of a James Beard Journalism Award. Based in Manhattan."
naylyan-nazifova,Naylyan Nazifova,C,52,50,3,Online Trading Expert / Author (BestBrokers contributor),contributor,active,,BestBrokers,bestbrokers,T3,58,3,1,bestbrokers,forex; stocks; investing; personal-finance,,,,,,,https://www.linkedin.com/in/naylian-nazifova-58562a272/,,,,https://www.bestbrokers.com/authors/naylyan-nazifova/,,,,,,,,,,,,,,L5.5-direct + Rule A,,"Recognised expert in online trading with numerous publications covering forex, stock investing, and personal finance. Contributor to BestBrokers.com with extensive coverage of country-specific forex broker guides (Malaysia, Netherlands, Ireland, Singapore, Portugal, Australia) and broker deep-dives (e.g., XM spreads/fees). LinkedIn spelled 'Naylian Nazifova'."
jason-maier,Jason Maier,C,52,47,11,Author / Contributor,contributor,active,,Bitcoin Magazine,bitcoinmagazine,T2,78,4,1,bitcoinmagazine,bitcoin; crypto,,,,,,"Connecticut, USA",,,,https://www.bitcoinprogressive.com/,https://bitcoinmagazine.com/authors/jason-maier,,,,,A Progressive's Case For Bitcoin; A Progressive's Case for Bitcoin: New Revised Updated Edition,,,,,4,,bitcoinprogressive.com,,,"L1 success. Only 4 posts on BM — cast as guest contributor + book author. Twitter handle on source was truncated (@cjasonmaie) — unreliable, kept null. needsManualReview flagged low (book published signals authority).",Author of 'A Progressive's Case For Bitcoin' (also published in Revised Updated Edition via Bitcoin Magazine). High school math teacher who discovered Bitcoin conviction through mathematical analysis. Contributor to Bitcoin Magazine. Passionate educator on Bitcoin technology. Lives in Connecticut with family and dog named Toshi.
seth-archer,Seth Archer,C,51,50,1,Former Markets Reporter / Director of Markets Insider,former,former,,Business Insider,businessinsider,T1,92,6,1,businessinsider,markets; stocks; investing,,,,Journalism and Business@Ohio University,,,https://www.linkedin.com/in/sethparcher/,https://twitter.com/sethparcher,https://muckrack.com/sethparcher,,https://muckrack.com/sethparcher,,y,,,,,,,,,,,,,MuckRack 403 (F1); Rule A success — outlet 'Business Insider' in first 3 results confirmed.,"Vice President of Product and Business Strategy at Dow Jones & Co. Former director of Markets Insider at Business Insider, where he spent nearly 8 years — first as a markets reporter covering stocks, commodities and markets; then as VP of Strategy and Analytics leading newsroom strategy. Studied journalism and business at Ohio University. Also a WEF Agenda Contributor."
angelo-martins,Angelo Martins,C,51,47,8,"Head of Content & Broker Expert, Co-Founder & Strategist — Clear Markets Ltd (CashbackForex)",chief,active,y,Cashback Forex,cashbackforex,T3,55,2,1,cashbackforex,forex; crypto; stocks; broker_audit,,,,IT (background)@,12,,,,,,,,,,,,,,,,,,,,L5.5-direct (no authorUrl; /article/about-us page) + Rule A (LinkedIn not surfaced),,"Co-Founder and Strategist at Clear Markets Ltd (operator of CashbackForex), serving as Head of Content and lead Broker Expert. 12+ years of experience in finance and trading. IT background; became a trader and co-founded Clear Markets shortly after. Active trader across forex, crypto and stocks who personally invests in capital markets. Personally evaluates listed brokers by opening live accounts, testing deposits/withdrawals, executing trades and engaging with customer service to produce unbiased broker insights for CashbackForex."
kasun-wickramasinghe,Kasun Wickramasinghe,C,50,46,8,Business Development Manager — BrokersView (non-editorial),staff,active,,BrokersView,brokersview,T3,52,0,1,brokersview,forex,,,,"MBA, Business Administration and Management@Lincoln University College(2018-2020)",12,"Dubai, UAE",https://www.linkedin.com/in/kasun-wickramasinghe-448268291/,,,,,,,,,,,,,,,,,,L7-websearch,,"Business Development Manager at BrokersView (Dubai), non-editorial role. 12+ years of experience in business development. MBA in Business Administration and Management from Lincoln University College (2018-2020). Currently also listed with Swiset BD role in public profiles."
andres-nicolini,Andres Nicolini,C,50,47,6,Technical Data Manager & Broker Support — CashBackForex,staff,active,,Cashback Forex,cashbackforex,T3,55,2,1,cashbackforex,forex; broker-safety,,,,,10,Peru,https://www.linkedin.com/in/andres-nicolini-6b3b46b6/,,,,https://www.cashbackforex.com/article/about-us,,,,,,,,,,,,,,L5.5-direct + Rule A,,"Technical Data Manager and Broker Support at CashBackForex. 10+ years covering both US markets and the global forex markets. Previously served as account manager for an international brokerage firm, specializing in matching investor profiles with suitable products and services. Based in Peru."
alexandreas-kourris,Alexandreas Kourris,C,50,47,6,Account Manager & Broker Support — CashBackForex (ROLE_CONFLICT — hint: Senior Market Analyst & Operational Auditor),staff,active,,Cashback Forex,cashbackforex,T3,55,2,1,cashbackforex,forex; cfd; broker-safety,,,,,9,"Dubai, UAE / Limassol, Cyprus",https://www.linkedin.com/in/alexandreas/,,,,,,,,,,,,500+,2026-04-16,,,,,L5.5-direct (no URL provided) + Rule A,ROLE_CONFLICT flag (F8): LinkedIn-confirmed title is 'Account Manager & Broker Support' whereas batch hint said 'Senior Market Analyst & Operational Auditor'. Primary source (LinkedIn) retained; analyst/auditor phrasing likely CashBackForex's editorial byline labeling.,Account Manager & Broker Support at CashBackForex.com with 9+ years of demonstrated expertise across retail CFD brokers in Limassol (Cyprus) and Dubai. Also Senior Investment & Property Advisor at Tanami Properties (Dubai). Involved in editing and fact-checking broker-review content on the CashBackForex platform. (Note: batch input hint listed 'Senior Market Analyst & Operational Auditor' — LinkedIn-confirmed title differs.)
myfxbook-team,Myfxbook Team,C,50,47,6,Collective byline — community platform,staff,active,y,Myfxbook,myfxbook,T3,68,5,1,myfxbook,forex,,,,,,,,,,,https://blog.myfxbook.com/author/admin/,,,,,,,,,,,,myfxbook.com,,seed-note (F13 — Editorial Team/Staff = not individual human),,Collective platform byline on Myfxbook blog. Per seed notes (AUTHORS_SPARSE) — Myfxbook is a community platform with no individual staff authors surfaced; /author/admin/ is the generic platform byline.
rishabh-surana,Rishabh Surana,C,49,46,6,Contributor — AskTraders (Equities Trader),contributor,active,,AskTraders,asktraders,T3,52,1,1,asktraders,stocks; forex; day-trading,,,,,10,"Delhi, India",https://www.linkedin.com/in/rishabhsuranamarketanalyst/,https://twitter.com/rishabhanalyst,,,https://www.asktraders.com/our-contributors/rishabh-surana/,,,,,,,,,,,,,,L5.5-direct + Rule A,,"Investor, blogger, trader, trainer, and motivational speaker with close to a decade's experience trading equities, commodities and forex using a systemic approach. AskTraders contributor since May 2018. Self-describes as Numtechnolysis™ trader of stocks, commodities & FOREX. Based in Delhi, India."
mike-truppa,Mike Truppa,C,49,49,0,"Reporter — Blockchain Ecosystems (ZK proofs, privacy)",staff,active,y,The Block,theblock,T2,80,2,1,theblock,crypto; blockchain; defi; tech,,,,,,,,https://x.com/miketruppa,,,https://www.theblock.co/author/mike-truppa,,,,,,,,,,,,,,,TheBlock L5.5 403; recovered via Rule A (X profile + team page metadata). LinkedIn not found — Rule A omonym skip per R11.,"Reporter at The Block covering blockchain ecosystems with expertise in zero-knowledge proofs, privacy, and self-sovereign digital identification. Prior to The Block, worked with Circle, Blocknative, and various DeFi protocols on growth and strategy."
deniz-akkaya-tradersunion,A. Deniz Akkaya,C,49,48,3,Team member — Traders Union,staff,active,y,TradersUnion,tradersunion,T2,72,3,1,tradersunion,forex; broker-safety,,,,,,,,,,,https://tradersunion.com/our-team/,,,,,,,,,,,,,,"L7-websearch (needsManualReview — omonym risk R11, page timeout)",,Team member listed on Traders Union's /our-team/ page (specific role not confirmed via WebSearch — tradersunion.com page timed out and multiple 'Deniz Akkaya' omonyms exist).
vuk-martinovic,Vuk Martinovic,C,48,45,7,Content Writer / Contributor — Traders Union (6+ yrs crypto),contributor,active,y,TradersUnion,tradersunion,T2,72,3,1,tradersunion,crypto; bitcoin; blockchain; financial-journalism,,,,BA English Language@,6,,,,,,https://tradersunion.com/about-us/vuk-martin/,,,,,,,,,,,,,,seed-note + Rule A,,"Financial journalist and dedicated content writer who combines more than 6 years of experience in cryptocurrencies and knowledge of two bull and bear cycles. Journey from English language graduate to a sought-after voice in finance reflects passion for demystifying complex financial concepts. Previous roles at Valor Media and Mech — crafted content ranging from press releases for Forbes and CEO Weekly to storylines for Web3 NFT games. Tenure at Almedia plus freelance writing covering finance, e-commerce, technology, marketing, and gaming. Contributor to Traders Union with articles on cryptocurrency trading and finance."
yurii-kitikari,Yurii Kitikari,C,47,43,9,Contributor (Equities Trader / ex-Prop Trader & Fund Manager),contributor,active,,AskTraders,asktraders,T3,52,1,1,asktraders,stocks; equity; forex; futures; day-trading,,,,,14,,https://www.linkedin.com/in/yurii-kitikari-b3b73283/,,,,https://www.asktraders.com/our-contributors/yurii-kitikari/,,,,,,,,,,,,,,,L5.5 success — LinkedIn on-page. Since 2011 → 14 yrs industry.,"Contributor at AskTraders since April 2019. Equities trader focused on US equity markets and momentum stocks analysis. Ex-Prop Trader & Fund Manager for UK and Swiss institutions with expertise across forex, futures and equities. Previously head of trading operations at Meliora Capital. Professionally following markets since 2011."
ang-kar-yong-fxempire,Ang Kar Yong,C,47,46,2,Contributor / CFD Broker Expert — FX Empire,contributor,active,,FXEmpire,fxempire,T2,73,2,1,fxempire,forex; cfd; trading-education; crypto,,,,@National University of Singapore (NUS),,Singapore,,,,,https://www.fxempire.com/author/angkaryong,angkaryong@fxempire.com,y,,Channel NewsAsia Money Mind: Young Investors,,,,,,,,,,L7-websearch + L5.5-direct,,"Trader, speaker and coach. Started trading with $500 at age 21, grew portfolio to $13,000 within two years. Currently financially independent through trading and holds position of financial expert at Elev8 (CFD broker). Featured on Singapore's Channel NewsAsia Money Mind: Young Investors. Specializes in macro/fundamental analysis, technical analysis, trading psychology and coaching. Currency trader and dividend investor."
jerome-greenspan,Jerome Greenspan,C,46,45,3,Crypto Markets Reporter,staff,active,y,FinanceFeeds,financefeeds,T3,62,4,1,financefeeds,crypto; defi; blockchain; regulation,,,,,,,,,,,https://financefeeds.com/author/jgreenspan/,,,,,,,,,,,,,,L1_WebFetch,,"Reporter at FinanceFeeds covering digital-asset markets, DeFi, blockchain infrastructure. Covers centralized and decentralized venues, product launches, security incidents, and regulatory actions."
big-pippin,Big Pippin,C,46,45,3,Daily charts analyst (pen-name),contributor,active,y,BabyPips,babypips,T2,72,4,1,babypips,forex; trading-education,,,,,,,,,,,https://www.babypips.com/authors/bigpippin,,,,,,,,,,,,,,L7-websearch,,Pen-name charts analyst at BabyPips.com. Uses charts to show how currency price action is playing out and chart patterns forming. Pseudonymous — real identity not public.
richard-krugel,Richard Krugel,C,46,43,8,Equities Trader / Contributor,contributor,active,,AskTraders,asktraders,T3,52,1,1,asktraders,stocks; forex; day-trading; markets,,,,,12,"Cape Town, South Africa",https://www.linkedin.com/in/richard-krugel-b851a53a/,,,,https://www.asktraders.com/our-contributors/richard-krugel/,,,,,,,,,,,,,,,,"Full-time trader with 12 years in equities, including day trading at a Cape Town trading floor. Specializes in swing trades across forex, commodities and stocks using technical analysis, market geometry, multiple timeframe analysis, momentum divergence and volume analysis."
freddie-smith-thisismoney,Freddie Smith,C,46,45,3,Reporter — This is Money,reporter,active,y,This is Money,thisismoney,T2,86,3,1,thisismoney,personal_finance; consumer_money,,,,,,United Kingdom,,,,,,,,,,,,,,,,,,,L1 + Rule A (name collision with Mail Metro commercial exec; site:thisismoney.co.uk search empty — low confidence),,"Byline reporter at This is Money (Daily Mail / DMG Media). Identification beyond byline is uncertain: Rule A WebSearch surfaced a 'Freddie Smith — Head of This is Money, Commercial at Mail Metro Media' LinkedIn profile, which is a commercial/advertising role likely distinct from the editorial byline author. Flagged for manual review."
julia-zhu-brokersview,Julia Zhu,C,46,46,0,Marketing Manager — BrokersView (non-editorial),staff,active,,BrokersView,brokersview,T3,52,0,1,brokersview,forex,,,,,,,https://www.linkedin.com/in/wuxiyear/,,,,,,,,,,,,,,,,,,L7-websearch,,Marketing Manager at BrokersView (non-editorial role). Part of BrokersView management team alongside Marketing Director Emma Chen and Business Development Manager Kasun Wickramasinghe. Specific professional background details not publicly disclosed in editorial context.
pippo-babypips,Pippo,C,46,45,3,Contributor (pen-name) — BabyPips.com,contributor,active,y,BabyPips,babypips,T2,72,4,1,babypips,forex; markets,,,,,,,,,,,https://www.babypips.com/authors/pippo,,,,,,,,,,,,,,"L7-websearch (pen-name, no bio)",,"Pen-name contributor on BabyPips.com. Writes forex news and market analysis articles covering topics such as geopolitical tensions, oil prices, and currency market movements. No personal biographical information is publicly available."
happy-pip-babypips,Happy Pip,C,46,45,3,Commodity Dollars Analyst (pen-name) — BabyPips,contributor,active,y,BabyPips,babypips,T2,72,4,1,babypips,forex; trading-education,,,,,,,,,,,https://www.babypips.com/authors/happypip,,,,,,,,,,,,,,L7-websearch,,"Pen-name BabyPips author focused on the 'ComDolls' — the Australian Dollar, New Zealand Dollar and Canadian Dollar — and the price action / commodity linkages driving those currencies. Creator of the multi-version Prototype Trading System on BabyPips."
pip-surfer-babypips,Pip Surfer,C,46,45,3,Contributor (pen-name) — BabyPips,contributor,active,y,BabyPips,babypips,T2,72,4,1,babypips,forex; trading-education; day-trading,,,,,,,,,,,https://www.babypips.com/authors/pipsurfer,,,,,,,,,,,,,,"L7-websearch + Rule A (babypips 403; confirmed pen-name/persona — R10 no fabrication, flagged)",,Pen-name/persona at BabyPips specialising in trading systems. Publishes daily updates from the Cowabunga System in the Pip My System Forex Blog. Outlet lore describes persona as a former surfer-turned-trader who studied under 'Dr. Pipslow'. Not a verifiable individual — pseudonymous byline.
toshi-moshi-babypips,Toshi Moshi,C,46,45,3,Crypto / AI Writer (pen-name) — BabyPips,contributor,active,y,BabyPips,babypips,T2,72,4,1,babypips,crypto; bitcoin; ai; blockchain,,,,,,,,,,,https://www.babypips.com/authors/toshimoshi,,,,,,,,,,,,,,L7-websearch (babypips 403) + Rule A,Confirmed pen-name. Real identity not disclosed publicly. Possibly AI-generated or house pseudonym — requires manual editorial review before citing as E-E-A-T author.,"Pen-name crypto and AI writer on BabyPips.com. Focuses on demystifying crypto and AI, helping beginners understand bitcoin, altcoins, tokens and AI stocks. Created BabyPips' School of Crypto course. Publishes analyses on AI market dynamics, crypto technical analysis and AI-adjacent equities (data centers, trucking/logistics)."
brian-beers,Brian Beers,C,45,45,0,Former Managing Editor,former,former,,Bankrate,bankrate,T1,90,2,1,bankrate,investing; banking; personal-finance,,,,Bachelor of Finance@Syracuse University,,"New York, NY, USA",https://www.linkedin.com/in/brian-beers/,https://twitter.com/brian_beers,https://muckrack.com/brian-beers,,https://www.bankrate.com/authors/brian-beers/,,,,,,,,,,,,,,,Layer5.5 success; Rule A confirmed twitter + linkedin,"Former Managing Editor at Bankrate overseeing editorial coverage of banking, investing, the economy and personal finance. Previously at LendingTree, Investopedia, Meredith, CNBC Digital (Director of Editorial Production), NBC Sports, and Mondera. Emmy-nominated producer (CNBC Digital feature on the 2008 financial crisis). Bachelor's in Finance from Syracuse University. Based in NYC metro area."
yousra-anwar-ahmed,Yousra Anwar Ahmed,C,45,45,0,Head of Content (former) — CoinMarketCap Academy,former,former,,CoinMarketCap,coinmarketcap,T1,91,6,1,coinmarketcap,crypto; blockchain; financial-journalism,,,,Accounting degree@,,,https://www.linkedin.com/in/yousra-anwar,https://twitter.com/YousraAASheikh,,,https://coinmarketcap.com/academy/author/yousra-anwar-ahmed,,,,,,,,,,,,,,direct_aggregate + L5.5,,"Former Head of Content at CoinMarketCap Academy (no longer affiliated). Degree in Accounting. Entered cryptocurrency during its early stages (when Bitcoin was approximately $1,000). Known for translating complex crypto concepts into plain language accessible to general readers."
karen-banes-asktraders,Karen Banes,C,45,41,9,Freelance Finance/Crypto Writer — Contributor,contributor,active,,AskTraders,asktraders,T3,52,1,2,asktraders; wealthtender,personal-finance; crypto; freelance-lifestyle,,,,Public Relations@; Child & Family Studies@; Creative Writing course@The Writers Bureau,,,,,,https://karenbanes.com/,https://www.asktraders.com/our-contributors/karen-banes/,,,The Washington Post,,,,,,,,,karenbanes.com,,L5.5-direct + Rule A WebSearch,,"Freelance writer specializing in content about finance and cryptocurrency. Contributing Writer at Wealthtender and contributor at AskTraders (since May 2023). Also specializes in online business, personal finance, travel and lifestyle. Work has appeared in The Washington Post, Making of a Millionaire, Life Info Magazine, Transitions Abroad, Brave New Traveler, Natural Parenting Group and Copia Magazine. Runs personal blog TheSavvySolopreneur.net."
melissa-phipps,Melissa Phipps,C,44,44,0,Former Contributor — The Balance,contributor,former,y,The Balance,thebalancemoney,T2,84,2,1,thebalancemoney,retirement; personal-finance; investing,,,,"BA English@University of California, Berkeley",,"Los Angeles Metropolitan Area, USA",,,,https://www.clippings.me/users/melissaphipps,https://www.thebalancemoney.com/melissa-phipps-2894122,,,,,The Retirement Rescue Plan: Retirement Solutions for the Millions of Americans Who Haven't Saved Enough,,,,,,,,,L1 + Rule A,Multiple LinkedIn profiles in search results for 'Melissa Phipps' — omonym trap per R11. Kept linkedin=null. Clippings.me portfolio + Amazon author page verify identity.,"Writer, editor, and author specializing in retirement planning, investing, and personal finance. Writing has appeared in Worth, Financial Planning, Financial Advisor, The American Lawyer, Institutional Investor, The Balance, and many others. Author of 'The Retirement Rescue Plan: Retirement Solutions for the Millions of Americans Who Haven't Saved Enough'. Currently senior writer at Capital Group. Former managing editor at Farmers Insurance. BA English from UC Berkeley."
petra-pirova-luxtradingfirm,Petra Pirova,C,44,43,3,Founder & CEO — Lux Trading Firm,chief,active,y,Lux Trading Firm,luxtradingfirm,T4,42,1,1,luxtradingfirm,prop; forex,,,,,,United Kingdom,,,,,https://luxtradingfirm.com/about-2/,,,,,,,,,,,,luxtradingfirm.com,,websearch_primary,,"Founder and CEO of Lux Trading Firm (UK, est. 2021). Directs the UK Ltd entity (Companies House 13160991). Born Feb 1979. Firm operates on a true A-book model providing real capital and direct liquidity through FX Edge, with a scale-up path to $10M in funding."
mariela-naydenova-asktraders,Mariela Naydenova,C,44,41,7,Contributor — AskTraders (Equities Trader),contributor,active,,AskTraders,asktraders,T3,52,1,2,asktraders; leaprate,crypto; blockchain; stocks,,,,MSc (in progress)@London Business School,6,"London, United Kingdom",,,,,https://www.asktraders.com/our-contributors/mariela-naydenova/,,,,,,,,,,,,,,L5.5-direct + Rule A,,"Equities Trader and contributor to AskTraders since April 2019. Former investment banking analyst focused on cryptocurrency, blockchain and fintech, covering bitcoin, ethereum and altcoins. MSc student at London Business School. Passionate about trading psychology, Elliott Wave Theory, Fibonacci sequences and technical analysis. Previously wrote on cryptocurrency for LeapRate."
simon-mugo-asktraders,Simon Mugo,C,44,41,8,Contributor / Equities Trader,contributor,active,,AskTraders,asktraders,T3,52,1,2,asktraders; thinkmarkets,stocks; forex; equity,,,,Bachelor's in Mathematics and Computer Science@,8,,,,,,https://www.asktraders.com/our-contributors/simon-mugo/,,,,,,,,,,,,,,L5.5-direct,,"Financial writer and analyst with 6-8 years of professional trading experience. Trades FX, commodities and equities with a strong focus on price action trading. Cross-writes for ThinkMarkets as financial writer/analyst."
jake-torres-lux,Jake Torres,C,43,43,0,Mentor / Financial Analyst — Lux Trading Firm,staff,active,y,Lux Trading Firm,luxtradingfirm,T4,42,1,1,luxtradingfirm,trading-education; prop; forex,,,,,,"Cebu, Philippines",https://www.linkedin.com/in/jake-torres-859790321/,,,,https://luxtradingfirm.com/about-2/,,,,,,,,,,,,,,L1 + Rule A (homonym caution — LinkedIn matches Cebu PH but outlet name not in top-3 results),,Philippines-based mentor and financial analyst at Lux Trading Firm. Trading psychology coach providing insights to Asian markets. One-on-one mentoring sessions for traders in Lux funded programs.
bruno-perinelli,Bruno Perinelli,C,43,43,0,Mentor / Financial Analyst — Lux Trading Firm,staff,active,,Lux Trading Firm,luxtradingfirm,T4,42,1,1,luxtradingfirm,forex; prop; markets,,,,,,"Greater Buenos Aires, Argentina",https://www.linkedin.com/in/bruno-perinelli-9a3a7919b/,,,,https://luxtradingfirm.com/about-2/,,,,,,,,,,,,,,L1 + seed-bio,,Argentinian finance expert based in Buenos Aires with many years of capital markets experience. Provides insights on European and American markets and offers private mentoring sessions at Lux Trading Firm (prop trading).
radica-popa,Radica Popa,C,43,41,6,Senior Editor — Bitcompare,senior,active,y,Bitcompare,bitcompare,T3,55,1,1,bitcompare,crypto; finance; financial-journalism,,,,,10,,,,,,,,,,,,,,,,,,,,L1_known + Rule A,,"Senior Editor at Bitcompare with more than a decade of experience at leading publications as an Editor across various industries including crypto and finance. Regular contributor to Bitcompare covering crypto lending, insurance, crypto cards, market developments, and regulatory topics."
anthony-prams-modestmoney,Anthony Prams,C,43,41,6,Contributor — Modest Money (Financial Advisor),contributor,active,,Modest Money,modestmoney,T3,50,2,2,modestmoney; smartfinancemag,stocks; investing,,,,International Business (Finance specialization)@,,"Barcelona, Spain",,,,https://smartfinancemag.com/,https://www.modestmoney.com/author/anthonyprams,,,,,,,,,,,,smartfinancemag.com,,L7-websearch (500 on direct fetch),,"Financial Advisor based in Barcelona, licensed in International Business with Finance specialization. Founder of SmartFinanceMag.com. Contributor at Modest Money covering stock analysis and investment insights including Apple, Warren Buffett commentary, and Anadarko Petroleum coverage."
karan-dalwani-tradersmagazine,Karan Dalwani,C,42,38,10,"Contributor — Traders Magazine (Trading Specialist, Refinitiv / Talos APAC)",contributor,active,y,Traders Magazine,tradersmagazine,T3,67,1,1,tradersmagazine,markets; tech; financial-journalism,,,,,15,APAC,,,,,https://www.tradersmagazine.com/author/kd/,,,,,,,,,,1,,,,L7 WebSearch + L5.5 confirm,Single-article guest-like contributor. LinkedIn not confirmed (omonym risk Karan Dalwani across multiple industries).,"Author at Traders Magazine (1 article — November 2020, 'Challenges Facing Investment Managers'). Industry role: Trading Specialist at Refinitiv at time of publication. Later hired as Director of Customer Success for APAC at Talos with 15 years of product, workflow consulting, and business development experience — most recently Senior Customer Success at LSEG's APAC Data & Analytics division."
charles-gakiba-55brokers,Charles Gakiba,C,41,40,2,Contributor — Cryptocurrency Trader (Freelance),contributor,active,y,55Brokers,55brokers,T4,42,1,1,55brokers,crypto; forex,,,,,3,,https://www.linkedin.com/in/charlie-smart-3739751aa/,,,,https://55brokers.com/author/charlesg/,,,,,,,,,,,,,,,,"Versatile content specialist with experience on both trading and broker sides of the financial industry, crafting SEO-optimized articles at 55brokers. Active as a freelance cryptocurrency trader via Upwork since August 2022. Conducted financial market fundamental analysis in 2024 (stock research, company financials, quarterly reports)."
tran-dai-phat,Tran Dai Phat,C,40,39,2,Market Analyst / Contributor — Forex Educator,contributor,active,,DayTrading.com,daytrading,T3,55,0,1,daytrading,forex; stocks; markets,,,,"Bachelor's, Investment@National Economics University (Hanoi)",3,Vietnam,,,,,https://www.daytrading.com/contributors/tran-dai-phat,tran.dai.phat@daytrading.com,y,,,,,,,,,,,,,Layer5.5 success with direct mailto. Rule A: no personal LinkedIn/Twitter found.,"Forex educator at FXTM and contributor to DayTrading.com, writing technical analysis and price forecasts on currency pairs and US stocks. Bachelor's in Investment from National Economics University (Hanoi, Vietnam). 3 years in financial markets."
tilman-welzel,Tilman Welzel,C,38,38,1,Online-Redakteur Brokerage (Online Editor) — Brokervergleich.de / Franke-Media.net,staff,active,y,Brokervergleich,brokervergleich,T3,58,0,1,brokervergleich,investing; stocks; etf; crypto; finance,,,,BWL (Business Administration) — Finance & Marketing@HTWK Leipzig(2023),2,"Leipzig, Germany",,,,,https://www.brokervergleich.de/ueber-uns/tilman-welzel/,,,,,,,,,,,,,,L5.5-direct,,"Online Editor Brokerage at Franke-Media.net (parent of Brokervergleich.de) for 2+ years. Focus: online brokerage, stock trading, ETF investments, cryptocurrencies. Covers digital finance innovations, AI-driven investing, robo-advisors, broker comparisons, fee structures. Graduated 2023 with BWL (Business Administration) from HTWK Leipzig, specializing in Finance and Marketing. Began preparing financial content editorially during studies."
cerri-millworth,Cerri Millworth,C,37,35,6,Events Manager,staff,active,y,Good Money Guide,goodmoneyguide,T4,48,0,1,goodmoneyguide,finance,,,,,9,UK,,,,,https://goodmoneyguide.com/author/cerri-millworth/,,,,,,,,,,,,,,,Layer5.5 page showed only founder Richard Berry — Cerri bio derived from About page via Rule A. Not an author per se (events role); kept per brief.,"Events Manager at Good Money Guide responsible for planning and delivering conferences, awards and investor events. Award-winning marketer; former Sales Promotion Magazine '30 Under 30' marketing professional. 9+ years of B2B marketing experience."
viktor-karapetjanc,Viktor Karapetjanc,C,36,33,10,Contributor — AskTraders (Equities Trader),contributor,active,y,AskTraders,asktraders,T3,52,1,1,asktraders,forex; stocks,,,,,24,,,,,,https://www.asktraders.com/our-contributors/viktor-karapetjanc/,,,,,,,,,,,,,,L5.5-direct + Rule A,,Veteran trader of currencies and equities. Trading career began in 2001 when he started studying Forex and Binary options techniques. Later transitioned to trading systems engineering and algorithmic trading; served as hedge fund manager and market analyst. Ex-Instaforex / IronFX analyst (per roleHint).
joseph-propfirmmatch,Joseph,C,36,36,0,Marketing / Funded Trader — Prop Firm Match,staff,active,y,PropFirmMatch,propfirmmatch,T3,52,0,1,propfirmmatch,prop; day-trading,,,,,,,,,,,https://propfirmmatch.com/about-us,,,,,,,,,,,,,,L1 + Rule A (surname unresolved),,Joined Prop Firm Match three months after launch. Background in various prop firm roles; funded trader. Surname not disclosed on public team page. About-us page (propfirmmatch.com/about-us) returned 403 on direct fetch; WebSearch fallback did not surface additional identifying information. Named founders/leads per website are Martin Jensen (founder) and John Ramos (CTO); Joseph appears as marketing/funded-trader team member.
ricard-torres,Ricard Torres,C,36,36,0,Claimed co-manager — Modest Money (unconfirmed),staff,active,y,Modest Money,modestmoney,T3,50,2,1,modestmoney,personal-finance; investing,,,,,,,,,,,,,,,,,,,,,,,,,L7-websearch,,"Claimed to co-manage Modest Money with founder Jeremy Biberdorf per initial source. Could not be confirmed via Muck Rack, LinkedIn, or Modest Money team pages — Biberdorf is listed as sole founder and primary face of the site. Role remains unverified."
matt-propfirmmatch,Matt,C,36,36,0,Development Team Lead (Propfirmone),staff,active,y,PropFirmMatch,propfirmmatch,T3,52,0,1,propfirmmatch,prop-trading; trading-tech; software,,,,,,,,,,,https://propfirmmatch.com/about-us,,,,,,,,,,,,,,L1 + Rule A WebSearch (propfirmmatch.com 403),First name only; surname not disclosed on about-us page,Software engineer and trader; development team lead at Propfirmone (Prop Firm Match's sister platform for centralizing prop firm accounts). Combines a passion for software engineering and trading with a background in the finance industry. Focuses on building innovative tools for traders.
spencer-mecham,Spencer Mecham,C,35,33,6,Contributor — Digital Marketing / Affiliate,contributor,active,y,Modest Money,modestmoney,T3,50,2,1,modestmoney,personal-finance; tech,,,,"Bachelor's, Public Relations@Brigham Young University (BYU)",,USA,,,,https://buildapreneur.com/,https://www.modestmoney.com/author/skmecham,,,HuffPost,,,,,,,,,true,,,Layer5.5 returned 500; Rule A recovered bio + owned domain. LinkedIn/Twitter not uniquely identifiable to Modest Money (R11 skip).,"Full-time affiliate marketer, online marketing coach, YouTuber (83,000+ subscribers) and course creator. Founder of Buildapreneur; first ClickFunnels affiliate to earn one million dollars. PR degree from Brigham Young University (BYU). Creator of Affiliate Secrets 3.0 program and Automation Nation Facebook group. Contributions to LifeHack, The Daily Universe, The Innovation Enterprise, Modest Money, Funnel Hacking Live, HuffPost."
davier-m,Davier M,C,35,35,0,Content Creator (former Junior Content Editor) — CoinMarketCap,former,former,y,CoinMarketCap,coinmarketcap,T1,91,6,1,coinmarketcap,crypto; blockchain,,,,Bachelor's@Nanyang Technological University(2021),,Hong Kong,,https://twitter.com/_veradium,,,https://coinmarketcap.com/academy/author/davier-m,,,,,,,,,,,,,,direct_aggregate + Rule A,"Rule A surfaced RocketReach record for 'Davier Mu' (CoinMarketCap Jr Content Editor, HK). Likely same person — kept byline as-surfaced, identity match unconfirmed.","Former CoinMarketCap content editor. Crypto enthusiast who entered the space in 2020, focused on making crypto 'understandable to everyone.' No longer affiliated with CoinMarketCap. Likely identity: Davier Mu, based in Hong Kong, NTU graduate (2017-2021), prior roles at Maybank, Shopee, Xaxis."
chuck-gross,Chuck Gross,C,34,33,4,Equities Contributor — AskTraders,contributor,active,,AskTraders,asktraders,T3,52,1,1,asktraders,stocks; options; day-trading; trading-education,,,,,6,United Kingdom,,,,,https://www.asktraders.com/our-contributors/chuck-gross/,,,,,,,,,,,,,,L5.5-direct + Rule A,,"Equities trader who has been trading stocks and options for 6+ years. Focus on price action, in particular consolidation price breakouts. Through years of trial and error has developed a high-probability execution strategy. Contributor at AskTraders since May 2018."
arthur-davids-cashbackforex,Arthur Davids,C,34,34,0,Community Member / Forex Trader,contributor,active,y,Cashback Forex,cashbackforex,T3,55,2,1,cashbackforex,forex; rebates,,,,,,,,,,,https://www.cashbackforex.com/social-profile/view?scid=380688,,,,,,,,,,,,,,seed-note + Rule A WebSearch (cashbackforex profile 404/empty),Profile page exists but no public bio/social surfaced via Rule A,"CashBackForex community member (profile id 380688). Profile page exists but public biographical information, social links and role details are not disclosed."
ollie-martin,Ollie Martin,C,33,33,0,Equities Trader / Contributor,contributor,active,y,AskTraders,asktraders,T3,52,1,1,asktraders,stocks; markets; investing,,,,,,,,,,,https://www.asktraders.com/our-contributors/ollie-martin/,,,,,,,,,,,,,,,"Layer5.5 success; Rule A: LinkedIn match was a different 'Ollie Martin' (UK financial wellbeing role) — R11 omonym trap, null set.","Financial writer and analyst specializing in the US stock market, with experience in micro/macroeconomic structures, market trends, and fundamental analysis. Joined AskTraders.com in November 2021; 375+ news posts."
jasper-spires,Jasper Spires,C,33,31,7,Former writer — MoneyWeek; currently freelance at FAD magazine,former,former,y,MoneyWeek,moneyweek,T2,80,1,5,moneyweek; spectator; portmagazine; theartnewspaper; fadmagazine,crypto; bitcoin; personal-finance,,,,"Bachelor's, English Literature@University of Exeter; Master's@UCL (University College London)",,United Kingdom,,,,,https://moneyweek.com/author/jasper-spires,,,,,,,,,,,,,,"L1 (L5.5 page-present, Rule A omonym risk — LinkedIn null per R7/R11)","LinkedIn not uniquely resolvable (common name, no outlet in top-3 results). Rule B exhausted.","Former writer at MoneyWeek covering travel, cryptocurrency and Bitcoin, cars, and luxury goods/reviews. Bachelor's in English Literature (University of Exeter) and Master's (UCL). Previously wrote for The Art Newspaper, PORT Magazine, and The Spectator. Currently freelance writer at FAD magazine."
stella-mwende,Stella Mwende,C,33,33,0,Financial Analyst & Editor — 55brokers,staff,active,y,55Brokers,55brokers,T4,42,1,1,55brokers,forex; crypto; stocks,,,,,,,,,,,https://55brokers.com/author/stellamwende/,,,,,,,,,,,,,,"L5.5-direct + Rule A (omonym trap on LinkedIn — R11 applied, null)",,"Financial analyst and editor at 55brokers with a foundation in financial markets, trading platforms and data-driven research. Work spans forex, equities, cryptocurrencies and broker analysis."
camellia-ramleh,Camellia Ramleh,C,33,33,0,Equities Trader / Contributor — AskTraders,contributor,active,,AskTraders,asktraders,T3,52,1,1,asktraders,stocks; equity; forex,,,,"MBA, Islamic Banking and Finance@International Islamic University of Malaysia; Bachelor of Business Administration@Ritsumeikan Asia Pacific University",,,,,,,https://www.asktraders.com/our-contributors/camelliah-ramleh/,,,,,,,,,,,,,,L5.5-direct + Rule A (LinkedIn not recovered — unique name but no confirmable profile in first 3 results),,"Contributor at AskTraders (joined Feb 2023) covering equities. Started her career in finance as an Islamic corporate banker at a Japanese mega bank, later served as Director at a London-based award-winning hedge fund manager. Multilingual (English, Japanese, Malay — native)."
monika-ghosh,Monika Ghosh,C,32,32,1,Former Reporter — CryptoSlate,former,former,,CryptoSlate,cryptoslate,T2,76,5,1,cryptoslate,crypto; blockchain; stablecoins,,,,,,,,,https://muckrack.com/monika-ghosh,,https://cryptoslate.com/author/monika-ghosh/,,,,,,,,,,,,,,L1_known + URL_MUTATED (404 on /monika/) + Rule A,Original batch URL /author/monika/ returned 404; canonical URL is /author/monika-ghosh/. Muckrack confirms former CryptoSlate role.,"Former reporter at CryptoSlate. Got immersed in crypto in 2020; maintains skepticism while believing blockchain can address financial disparity and transparency gaps. Journalist and freelance writer. Coverage spans blockchain policy, stablecoin regulation, Bitcoin mining strategies, memecoin trends and broader crypto developments. Work has appeared in CryptoSlate, Yahoo News, NBC News, Yahoo Finance and NewsBreak."
stefan-fxscouts,Stefan,C,31,29,6,Financial Writer / Trading Content,staff,active,y,FXScouts,fxscouts,T4,30,0,1,fxscouts,forex; finance; trading-education,,,,,10,,,,,,,,,,,,,,,,,,,,L7-websearch,,"Financial writer and Forex trading enthusiast with over a decade of experience creating in-depth content on finance and technology. Deep interest in geopolitical events, big data, and market sentiment; background in marketing and financial research. Focused on well-researched, unbiased content for FxScouts readers. Surname not published on site."
ida-fxscouts,Ida,C,30,29,2,Financial Writer — FXScouts,staff,active,y,FXScouts,fxscouts,T4,30,0,1,fxscouts,crypto; forex; trading-education,,,,Degree in Digital Marketing@,3,,,,,,,,,,,,,,,,,,,,L7-websearch (FXScouts 'Why Trust Us' page),FIRST_NAME_ONLY — full surname not surfaced via Rule A. Outlet confirms byline but omonym-safe match impossible.,"Financial writer at FXScouts (joined 2023) covering cryptocurrencies, blockchain networks, and Forex trading. Dedicated crypto trader with developing expertise in Forex technical analysis and price action. Degree in Digital Marketing with background in content writing and SEO."